source_route,href,resolved_target,target_exists,anchor_exists,kind,status,issue
/,/,/,true,true,internal,pass,
/,/ulichnaya-mebel/,/ulichnaya-mebel/,true,true,internal,pass,
/,/ograzhdeniya-i-zabory/,/ograzhdeniya-i-zabory/,true,true,internal,pass,
/,/navesy-i-kozyrki/,/navesy-i-kozyrki/,true,true,internal,pass,
/,/topiarii/,/topiarii/,true,true,internal,pass,
/,/izgotovlenie-na-zakaz/,/izgotovlenie-na-zakaz/,true,true,internal,pass,
/,/metallokonstruktsii-dlya-biznesa/,/metallokonstruktsii-dlya-biznesa/,true,true,internal,pass,
/,/blagoustroystvo-territoriy/,/blagoustroystvo-territoriy/,true,true,internal,pass,
/,/stroitelstvo-i-remonty/,/stroitelstvo-i-remonty/,true,true,internal,pass,
/,/vypolnennye-obekty/,/vypolnennye-obekty/,true,true,internal,pass,
/,/o-nas/,/o-nas/,true,true,internal,pass,
/,/kontakty/,/kontakty/,true,true,internal,pass,
/,/vakansii/,/vakansii/,true,true,internal,pass,
/,tel:+79129735006,,true,true,tel,pass,
/,https://t.me/smu1build,,true,true,external,pass,
/,#contact,/,true,true,anchor,pass,
/,/,/,true,true,internal,pass,
/,#contact,/,true,true,anchor,pass,
/,/ulichnaya-mebel/,/ulichnaya-mebel/,true,true,internal,pass,
/,/ograzhdeniya-i-zabory/,/ograzhdeniya-i-zabory/,true,true,internal,pass,
/,/navesy-i-kozyrki/,/navesy-i-kozyrki/,true,true,internal,pass,
/,/topiarii/,/topiarii/,true,true,internal,pass,
/,/metallokonstruktsii-dlya-biznesa/,/metallokonstruktsii-dlya-biznesa/,true,true,internal,pass,
/,/blagoustroystvo-territoriy/,/blagoustroystvo-territoriy/,true,true,internal,pass,
/,/stroitelstvo-i-remonty/,/stroitelstvo-i-remonty/,true,true,internal,pass,
/,/izgotovlenie-na-zakaz/,/izgotovlenie-na-zakaz/,true,true,internal,pass,
/,/vypolnennye-obekty/,/vypolnennye-obekty/,true,true,internal,pass,
/,/o-nas/,/o-nas/,true,true,internal,pass,
/,/kontakty/,/kontakty/,true,true,internal,pass,
/,/vakansii/,/vakansii/,true,true,internal,pass,
/,tel:+79129735006,,true,true,tel,pass,
/,tel:+79125799665,,true,true,tel,pass,
/,https://t.me/smu1build,,true,true,external,pass,
/,mailto:smu1.kurgan@yandex.ru,,true,true,mailto,pass,
/,#contact,/,true,true,anchor,pass,
/,/vypolnennye-obekty/,/vypolnennye-obekty/,true,true,internal,pass,
/,/metallokonstruktsii-dlya-biznesa/,/metallokonstruktsii-dlya-biznesa/,true,true,internal,pass,
/,/stroitelstvo-i-remonty/,/stroitelstvo-i-remonty/,true,true,internal,pass,
/,#directions,/,true,true,anchor,pass,
/,#directions,/,true,true,anchor,pass,
/,#projects,/,true,true,anchor,pass,
/,#brief,/,true,true,anchor,pass,
/,#contact,/,true,true,anchor,pass,
/,/stroitelstvo-i-remonty/,/stroitelstvo-i-remonty/,true,true,internal,pass,
/,/metallokonstruktsii-dlya-biznesa/,/metallokonstruktsii-dlya-biznesa/,true,true,internal,pass,
/,/ulichnaya-mebel/,/ulichnaya-mebel/,true,true,internal,pass,
/,/ograzhdeniya-i-zabory/,/ograzhdeniya-i-zabory/,true,true,internal,pass,
/,/navesy-i-kozyrki/,/navesy-i-kozyrki/,true,true,internal,pass,
/,/topiarii/,/topiarii/,true,true,internal,pass,
/,/blagoustroystvo-territoriy/,/blagoustroystvo-territoriy/,true,true,internal,pass,
/,/vypolnennye-obekty/,/vypolnennye-obekty/,true,true,internal,pass,
/,/vypolnennye-obekty/blagoustroystvo-naberezhnoy-reki-tobol/,/vypolnennye-obekty/blagoustroystvo-naberezhnoy-reki-tobol/,true,true,internal,pass,
/,/vypolnennye-obekty/kompleks-rabot-na-proizvodstvennoy-territorii/,/vypolnennye-obekty/kompleks-rabot-na-proizvodstvennoy-territorii/,true,true,internal,pass,
/,/vypolnennye-obekty/gorodskie-kacheli-dlya-obshchestvennyh-territoriy/,/vypolnennye-obekty/gorodskie-kacheli-dlya-obshchestvennyh-territoriy/,true,true,internal,pass,
/,/izgotovlenie-na-zakaz/,/izgotovlenie-na-zakaz/,true,true,internal,pass,
/,https://t.me/smu1build,,true,true,external,pass,
/,/kontakty/,/kontakty/,true,true,internal,pass,
/,tel:+79129735006,,true,true,tel,pass,
/,tel:+79125799665,,true,true,tel,pass,
/,https://t.me/smu1build,,true,true,external,pass,
/,mailto:smu1.kurgan@yandex.ru,,true,true,mailto,pass,
/,/,/,true,true,internal,pass,
/,/ulichnaya-mebel/,/ulichnaya-mebel/,true,true,internal,pass,
/,/ograzhdeniya-i-zabory/,/ograzhdeniya-i-zabory/,true,true,internal,pass,
/,/navesy-i-kozyrki/,/navesy-i-kozyrki/,true,true,internal,pass,
/,/metallokonstruktsii-dlya-biznesa/,/metallokonstruktsii-dlya-biznesa/,true,true,internal,pass,
/,/topiarii/,/topiarii/,true,true,internal,pass,
/,/blagoustroystvo-territoriy/,/blagoustroystvo-territoriy/,true,true,internal,pass,
/,/stroitelstvo-i-remonty/,/stroitelstvo-i-remonty/,true,true,internal,pass,
/,/ulichnaya-mebel/,/ulichnaya-mebel/,true,true,internal,pass,
/,/ograzhdeniya-i-zabory/,/ograzhdeniya-i-zabory/,true,true,internal,pass,
/,/navesy-i-kozyrki/,/navesy-i-kozyrki/,true,true,internal,pass,
/,/metallokonstruktsii-dlya-biznesa/,/metallokonstruktsii-dlya-biznesa/,true,true,internal,pass,
/,/topiarii/,/topiarii/,true,true,internal,pass,
/,/blagoustroystvo-territoriy/,/blagoustroystvo-territoriy/,true,true,internal,pass,
/,/stroitelstvo-i-remonty/,/stroitelstvo-i-remonty/,true,true,internal,pass,
/,/izgotovlenie-na-zakaz/,/izgotovlenie-na-zakaz/,true,true,internal,pass,
/,/vypolnennye-obekty/,/vypolnennye-obekty/,true,true,internal,pass,
/,/o-nas/,/o-nas/,true,true,internal,pass,
/,/kontakty/,/kontakty/,true,true,internal,pass,
/,/vakansii/,/vakansii/,true,true,internal,pass,
/,/izgotovlenie-na-zakaz/,/izgotovlenie-na-zakaz/,true,true,internal,pass,
/,/vypolnennye-obekty/,/vypolnennye-obekty/,true,true,internal,pass,
/,/o-nas/,/o-nas/,true,true,internal,pass,
/,/kontakty/,/kontakty/,true,true,internal,pass,
/,/vakansii/,/vakansii/,true,true,internal,pass,
/,#contact,/,true,true,anchor,pass,
/,tel:+79129735006,,true,true,tel,pass,
/,tel:+79125799665,,true,true,tel,pass,
/,https://t.me/smu1build,,true,true,external,pass,
/,mailto:smu1.kurgan@yandex.ru,,true,true,mailto,pass,
/,/politika-konfidencialnosti/,/politika-konfidencialnosti/,true,true,internal,pass,
/,/politika-konfidencialnosti/,/politika-konfidencialnosti/,true,true,internal,pass,
/metallokonstruktsii-dlya-biznesa/,#main-content,/metallokonstruktsii-dlya-biznesa/,true,true,anchor,pass,
/metallokonstruktsii-dlya-biznesa/,/,/,true,true,internal,pass,
/metallokonstruktsii-dlya-biznesa/,/ulichnaya-mebel/,/ulichnaya-mebel/,true,true,internal,pass,
/metallokonstruktsii-dlya-biznesa/,/ograzhdeniya-i-zabory/,/ograzhdeniya-i-zabory/,true,true,internal,pass,
/metallokonstruktsii-dlya-biznesa/,/navesy-i-kozyrki/,/navesy-i-kozyrki/,true,true,internal,pass,
/metallokonstruktsii-dlya-biznesa/,/topiarii/,/topiarii/,true,true,internal,pass,
/metallokonstruktsii-dlya-biznesa/,/izgotovlenie-na-zakaz/,/izgotovlenie-na-zakaz/,true,true,internal,pass,
/metallokonstruktsii-dlya-biznesa/,/metallokonstruktsii-dlya-biznesa/,/metallokonstruktsii-dlya-biznesa/,true,true,internal,pass,
/metallokonstruktsii-dlya-biznesa/,/blagoustroystvo-territoriy/,/blagoustroystvo-territoriy/,true,true,internal,pass,
/metallokonstruktsii-dlya-biznesa/,/stroitelstvo-i-remonty/,/stroitelstvo-i-remonty/,true,true,internal,pass,
/metallokonstruktsii-dlya-biznesa/,/vypolnennye-obekty/,/vypolnennye-obekty/,true,true,internal,pass,
/metallokonstruktsii-dlya-biznesa/,/o-nas/,/o-nas/,true,true,internal,pass,
/metallokonstruktsii-dlya-biznesa/,/kontakty/,/kontakty/,true,true,internal,pass,
/metallokonstruktsii-dlya-biznesa/,/vakansii/,/vakansii/,true,true,internal,pass,
/metallokonstruktsii-dlya-biznesa/,tel:+79129735006,,true,true,tel,pass,
/metallokonstruktsii-dlya-biznesa/,https://t.me/smu1build,,true,true,external,pass,
/metallokonstruktsii-dlya-biznesa/,#contact,/metallokonstruktsii-dlya-biznesa/,true,true,anchor,pass,
/metallokonstruktsii-dlya-biznesa/,/,/,true,true,internal,pass,
/metallokonstruktsii-dlya-biznesa/,#contact,/metallokonstruktsii-dlya-biznesa/,true,true,anchor,pass,
/metallokonstruktsii-dlya-biznesa/,/ulichnaya-mebel/,/ulichnaya-mebel/,true,true,internal,pass,
/metallokonstruktsii-dlya-biznesa/,/ograzhdeniya-i-zabory/,/ograzhdeniya-i-zabory/,true,true,internal,pass,
/metallokonstruktsii-dlya-biznesa/,/navesy-i-kozyrki/,/navesy-i-kozyrki/,true,true,internal,pass,
/metallokonstruktsii-dlya-biznesa/,/topiarii/,/topiarii/,true,true,internal,pass,
/metallokonstruktsii-dlya-biznesa/,/metallokonstruktsii-dlya-biznesa/,/metallokonstruktsii-dlya-biznesa/,true,true,internal,pass,
/metallokonstruktsii-dlya-biznesa/,/blagoustroystvo-territoriy/,/blagoustroystvo-territoriy/,true,true,internal,pass,
/metallokonstruktsii-dlya-biznesa/,/stroitelstvo-i-remonty/,/stroitelstvo-i-remonty/,true,true,internal,pass,
/metallokonstruktsii-dlya-biznesa/,/izgotovlenie-na-zakaz/,/izgotovlenie-na-zakaz/,true,true,internal,pass,
/metallokonstruktsii-dlya-biznesa/,/vypolnennye-obekty/,/vypolnennye-obekty/,true,true,internal,pass,
/metallokonstruktsii-dlya-biznesa/,/o-nas/,/o-nas/,true,true,internal,pass,
/metallokonstruktsii-dlya-biznesa/,/kontakty/,/kontakty/,true,true,internal,pass,
/metallokonstruktsii-dlya-biznesa/,/vakansii/,/vakansii/,true,true,internal,pass,
/metallokonstruktsii-dlya-biznesa/,tel:+79129735006,,true,true,tel,pass,
/metallokonstruktsii-dlya-biznesa/,tel:+79125799665,,true,true,tel,pass,
/metallokonstruktsii-dlya-biznesa/,https://t.me/smu1build,,true,true,external,pass,
/metallokonstruktsii-dlya-biznesa/,mailto:smu1.kurgan@yandex.ru,,true,true,mailto,pass,
/metallokonstruktsii-dlya-biznesa/,/,/,true,true,internal,pass,
/metallokonstruktsii-dlya-biznesa/,#contact,/metallokonstruktsii-dlya-biznesa/,true,true,anchor,pass,
/metallokonstruktsii-dlya-biznesa/,#engineering-brief,/metallokonstruktsii-dlya-biznesa/,true,true,anchor,pass,
/metallokonstruktsii-dlya-biznesa/,/vypolnennye-obekty/kompleks-rabot-na-proizvodstvennoy-territorii/,/vypolnennye-obekty/kompleks-rabot-na-proizvodstvennoy-territorii/,true,true,internal,pass,
/metallokonstruktsii-dlya-biznesa/,/navesy-i-kozyrki/,/navesy-i-kozyrki/,true,true,internal,pass,
/metallokonstruktsii-dlya-biznesa/,/stroitelstvo-i-remonty/,/stroitelstvo-i-remonty/,true,true,internal,pass,
/metallokonstruktsii-dlya-biznesa/,https://t.me/smu1build,,true,true,external,pass,
/metallokonstruktsii-dlya-biznesa/,tel:+79129735006,,true,true,tel,pass,
/metallokonstruktsii-dlya-biznesa/,tel:+79129735006,,true,true,tel,pass,
/metallokonstruktsii-dlya-biznesa/,https://t.me/smu1build,,true,true,external,pass,
/metallokonstruktsii-dlya-biznesa/,mailto:smu1.kurgan@yandex.ru,,true,true,mailto,pass,
/metallokonstruktsii-dlya-biznesa/,/kontakty/,/kontakty/,true,true,internal,pass,
/metallokonstruktsii-dlya-biznesa/,/,/,true,true,internal,pass,
/metallokonstruktsii-dlya-biznesa/,/ulichnaya-mebel/,/ulichnaya-mebel/,true,true,internal,pass,
/metallokonstruktsii-dlya-biznesa/,/ograzhdeniya-i-zabory/,/ograzhdeniya-i-zabory/,true,true,internal,pass,
/metallokonstruktsii-dlya-biznesa/,/navesy-i-kozyrki/,/navesy-i-kozyrki/,true,true,internal,pass,
/metallokonstruktsii-dlya-biznesa/,/metallokonstruktsii-dlya-biznesa/,/metallokonstruktsii-dlya-biznesa/,true,true,internal,pass,
/metallokonstruktsii-dlya-biznesa/,/topiarii/,/topiarii/,true,true,internal,pass,
/metallokonstruktsii-dlya-biznesa/,/blagoustroystvo-territoriy/,/blagoustroystvo-territoriy/,true,true,internal,pass,
/metallokonstruktsii-dlya-biznesa/,/stroitelstvo-i-remonty/,/stroitelstvo-i-remonty/,true,true,internal,pass,
/metallokonstruktsii-dlya-biznesa/,/ulichnaya-mebel/,/ulichnaya-mebel/,true,true,internal,pass,
/metallokonstruktsii-dlya-biznesa/,/ograzhdeniya-i-zabory/,/ograzhdeniya-i-zabory/,true,true,internal,pass,
/metallokonstruktsii-dlya-biznesa/,/navesy-i-kozyrki/,/navesy-i-kozyrki/,true,true,internal,pass,
/metallokonstruktsii-dlya-biznesa/,/metallokonstruktsii-dlya-biznesa/,/metallokonstruktsii-dlya-biznesa/,true,true,internal,pass,
/metallokonstruktsii-dlya-biznesa/,/topiarii/,/topiarii/,true,true,internal,pass,
/metallokonstruktsii-dlya-biznesa/,/blagoustroystvo-territoriy/,/blagoustroystvo-territoriy/,true,true,internal,pass,
/metallokonstruktsii-dlya-biznesa/,/stroitelstvo-i-remonty/,/stroitelstvo-i-remonty/,true,true,internal,pass,
/metallokonstruktsii-dlya-biznesa/,/izgotovlenie-na-zakaz/,/izgotovlenie-na-zakaz/,true,true,internal,pass,
/metallokonstruktsii-dlya-biznesa/,/vypolnennye-obekty/,/vypolnennye-obekty/,true,true,internal,pass,
/metallokonstruktsii-dlya-biznesa/,/o-nas/,/o-nas/,true,true,internal,pass,
/metallokonstruktsii-dlya-biznesa/,/kontakty/,/kontakty/,true,true,internal,pass,
/metallokonstruktsii-dlya-biznesa/,/vakansii/,/vakansii/,true,true,internal,pass,
/metallokonstruktsii-dlya-biznesa/,/izgotovlenie-na-zakaz/,/izgotovlenie-na-zakaz/,true,true,internal,pass,
/metallokonstruktsii-dlya-biznesa/,/vypolnennye-obekty/,/vypolnennye-obekty/,true,true,internal,pass,
/metallokonstruktsii-dlya-biznesa/,/o-nas/,/o-nas/,true,true,internal,pass,
/metallokonstruktsii-dlya-biznesa/,/kontakty/,/kontakty/,true,true,internal,pass,
/metallokonstruktsii-dlya-biznesa/,/vakansii/,/vakansii/,true,true,internal,pass,
/metallokonstruktsii-dlya-biznesa/,#contact,/metallokonstruktsii-dlya-biznesa/,true,true,anchor,pass,
/metallokonstruktsii-dlya-biznesa/,tel:+79129735006,,true,true,tel,pass,
/metallokonstruktsii-dlya-biznesa/,tel:+79125799665,,true,true,tel,pass,
/metallokonstruktsii-dlya-biznesa/,https://t.me/smu1build,,true,true,external,pass,
/metallokonstruktsii-dlya-biznesa/,mailto:smu1.kurgan@yandex.ru,,true,true,mailto,pass,
/metallokonstruktsii-dlya-biznesa/,/politika-konfidencialnosti/,/politika-konfidencialnosti/,true,true,internal,pass,
/metallokonstruktsii-dlya-biznesa/,/politika-konfidencialnosti/,/politika-konfidencialnosti/,true,true,internal,pass,
/navesy-i-kozyrki/,#main-content,/navesy-i-kozyrki/,true,true,anchor,pass,
/navesy-i-kozyrki/,/,/,true,true,internal,pass,
/navesy-i-kozyrki/,/ulichnaya-mebel/,/ulichnaya-mebel/,true,true,internal,pass,
/navesy-i-kozyrki/,/ograzhdeniya-i-zabory/,/ograzhdeniya-i-zabory/,true,true,internal,pass,
/navesy-i-kozyrki/,/navesy-i-kozyrki/,/navesy-i-kozyrki/,true,true,internal,pass,
/navesy-i-kozyrki/,/topiarii/,/topiarii/,true,true,internal,pass,
/navesy-i-kozyrki/,/izgotovlenie-na-zakaz/,/izgotovlenie-na-zakaz/,true,true,internal,pass,
/navesy-i-kozyrki/,/metallokonstruktsii-dlya-biznesa/,/metallokonstruktsii-dlya-biznesa/,true,true,internal,pass,
/navesy-i-kozyrki/,/blagoustroystvo-territoriy/,/blagoustroystvo-territoriy/,true,true,internal,pass,
/navesy-i-kozyrki/,/stroitelstvo-i-remonty/,/stroitelstvo-i-remonty/,true,true,internal,pass,
/navesy-i-kozyrki/,/vypolnennye-obekty/,/vypolnennye-obekty/,true,true,internal,pass,
/navesy-i-kozyrki/,/o-nas/,/o-nas/,true,true,internal,pass,
/navesy-i-kozyrki/,/kontakty/,/kontakty/,true,true,internal,pass,
/navesy-i-kozyrki/,/vakansii/,/vakansii/,true,true,internal,pass,
/navesy-i-kozyrki/,tel:+79129735006,,true,true,tel,pass,
/navesy-i-kozyrki/,https://t.me/smu1build,,true,true,external,pass,
/navesy-i-kozyrki/,#contact,/navesy-i-kozyrki/,true,true,anchor,pass,
/navesy-i-kozyrki/,/,/,true,true,internal,pass,
/navesy-i-kozyrki/,#contact,/navesy-i-kozyrki/,true,true,anchor,pass,
/navesy-i-kozyrki/,/ulichnaya-mebel/,/ulichnaya-mebel/,true,true,internal,pass,
/navesy-i-kozyrki/,/ograzhdeniya-i-zabory/,/ograzhdeniya-i-zabory/,true,true,internal,pass,
/navesy-i-kozyrki/,/navesy-i-kozyrki/,/navesy-i-kozyrki/,true,true,internal,pass,
/navesy-i-kozyrki/,/topiarii/,/topiarii/,true,true,internal,pass,
/navesy-i-kozyrki/,/metallokonstruktsii-dlya-biznesa/,/metallokonstruktsii-dlya-biznesa/,true,true,internal,pass,
/navesy-i-kozyrki/,/blagoustroystvo-territoriy/,/blagoustroystvo-territoriy/,true,true,internal,pass,
/navesy-i-kozyrki/,/stroitelstvo-i-remonty/,/stroitelstvo-i-remonty/,true,true,internal,pass,
/navesy-i-kozyrki/,/izgotovlenie-na-zakaz/,/izgotovlenie-na-zakaz/,true,true,internal,pass,
/navesy-i-kozyrki/,/vypolnennye-obekty/,/vypolnennye-obekty/,true,true,internal,pass,
/navesy-i-kozyrki/,/o-nas/,/o-nas/,true,true,internal,pass,
/navesy-i-kozyrki/,/kontakty/,/kontakty/,true,true,internal,pass,
/navesy-i-kozyrki/,/vakansii/,/vakansii/,true,true,internal,pass,
/navesy-i-kozyrki/,tel:+79129735006,,true,true,tel,pass,
/navesy-i-kozyrki/,tel:+79125799665,,true,true,tel,pass,
/navesy-i-kozyrki/,https://t.me/smu1build,,true,true,external,pass,
/navesy-i-kozyrki/,mailto:smu1.kurgan@yandex.ru,,true,true,mailto,pass,
/navesy-i-kozyrki/,/,/,true,true,internal,pass,
/navesy-i-kozyrki/,#contact,/navesy-i-kozyrki/,true,true,anchor,pass,
/navesy-i-kozyrki/,#direction-brief,/navesy-i-kozyrki/,true,true,anchor,pass,
/navesy-i-kozyrki/,/ulichnaya-mebel/navesy/,/ulichnaya-mebel/navesy/,true,true,internal,pass,
/navesy-i-kozyrki/,/ograzhdeniya-i-zabory/,/ograzhdeniya-i-zabory/,true,true,internal,pass,
/navesy-i-kozyrki/,/blagoustroystvo-territoriy/,/blagoustroystvo-territoriy/,true,true,internal,pass,
/navesy-i-kozyrki/,https://t.me/smu1build,,true,true,external,pass,
/navesy-i-kozyrki/,tel:+79129735006,,true,true,tel,pass,
/navesy-i-kozyrki/,tel:+79129735006,,true,true,tel,pass,
/navesy-i-kozyrki/,https://t.me/smu1build,,true,true,external,pass,
/navesy-i-kozyrki/,mailto:smu1.kurgan@yandex.ru,,true,true,mailto,pass,
/navesy-i-kozyrki/,/kontakty/,/kontakty/,true,true,internal,pass,
/navesy-i-kozyrki/,/,/,true,true,internal,pass,
/navesy-i-kozyrki/,/ulichnaya-mebel/,/ulichnaya-mebel/,true,true,internal,pass,
/navesy-i-kozyrki/,/ograzhdeniya-i-zabory/,/ograzhdeniya-i-zabory/,true,true,internal,pass,
/navesy-i-kozyrki/,/navesy-i-kozyrki/,/navesy-i-kozyrki/,true,true,internal,pass,
/navesy-i-kozyrki/,/metallokonstruktsii-dlya-biznesa/,/metallokonstruktsii-dlya-biznesa/,true,true,internal,pass,
/navesy-i-kozyrki/,/topiarii/,/topiarii/,true,true,internal,pass,
/navesy-i-kozyrki/,/blagoustroystvo-territoriy/,/blagoustroystvo-territoriy/,true,true,internal,pass,
/navesy-i-kozyrki/,/stroitelstvo-i-remonty/,/stroitelstvo-i-remonty/,true,true,internal,pass,
/navesy-i-kozyrki/,/ulichnaya-mebel/,/ulichnaya-mebel/,true,true,internal,pass,
/navesy-i-kozyrki/,/ograzhdeniya-i-zabory/,/ograzhdeniya-i-zabory/,true,true,internal,pass,
/navesy-i-kozyrki/,/navesy-i-kozyrki/,/navesy-i-kozyrki/,true,true,internal,pass,
/navesy-i-kozyrki/,/metallokonstruktsii-dlya-biznesa/,/metallokonstruktsii-dlya-biznesa/,true,true,internal,pass,
/navesy-i-kozyrki/,/topiarii/,/topiarii/,true,true,internal,pass,
/navesy-i-kozyrki/,/blagoustroystvo-territoriy/,/blagoustroystvo-territoriy/,true,true,internal,pass,
/navesy-i-kozyrki/,/stroitelstvo-i-remonty/,/stroitelstvo-i-remonty/,true,true,internal,pass,
/navesy-i-kozyrki/,/izgotovlenie-na-zakaz/,/izgotovlenie-na-zakaz/,true,true,internal,pass,
/navesy-i-kozyrki/,/vypolnennye-obekty/,/vypolnennye-obekty/,true,true,internal,pass,
/navesy-i-kozyrki/,/o-nas/,/o-nas/,true,true,internal,pass,
/navesy-i-kozyrki/,/kontakty/,/kontakty/,true,true,internal,pass,
/navesy-i-kozyrki/,/vakansii/,/vakansii/,true,true,internal,pass,
/navesy-i-kozyrki/,/izgotovlenie-na-zakaz/,/izgotovlenie-na-zakaz/,true,true,internal,pass,
/navesy-i-kozyrki/,/vypolnennye-obekty/,/vypolnennye-obekty/,true,true,internal,pass,
/navesy-i-kozyrki/,/o-nas/,/o-nas/,true,true,internal,pass,
/navesy-i-kozyrki/,/kontakty/,/kontakty/,true,true,internal,pass,
/navesy-i-kozyrki/,/vakansii/,/vakansii/,true,true,internal,pass,
/navesy-i-kozyrki/,#contact,/navesy-i-kozyrki/,true,true,anchor,pass,
/navesy-i-kozyrki/,tel:+79129735006,,true,true,tel,pass,
/navesy-i-kozyrki/,tel:+79125799665,,true,true,tel,pass,
/navesy-i-kozyrki/,https://t.me/smu1build,,true,true,external,pass,
/navesy-i-kozyrki/,mailto:smu1.kurgan@yandex.ru,,true,true,mailto,pass,
/navesy-i-kozyrki/,/politika-konfidencialnosti/,/politika-konfidencialnosti/,true,true,internal,pass,
/navesy-i-kozyrki/,/politika-konfidencialnosti/,/politika-konfidencialnosti/,true,true,internal,pass,
/ograzhdeniya-i-zabory/,#main-content,/ograzhdeniya-i-zabory/,true,true,anchor,pass,
/ograzhdeniya-i-zabory/,/,/,true,true,internal,pass,
/ograzhdeniya-i-zabory/,/ulichnaya-mebel/,/ulichnaya-mebel/,true,true,internal,pass,
/ograzhdeniya-i-zabory/,/ograzhdeniya-i-zabory/,/ograzhdeniya-i-zabory/,true,true,internal,pass,
/ograzhdeniya-i-zabory/,/navesy-i-kozyrki/,/navesy-i-kozyrki/,true,true,internal,pass,
/ograzhdeniya-i-zabory/,/topiarii/,/topiarii/,true,true,internal,pass,
/ograzhdeniya-i-zabory/,/izgotovlenie-na-zakaz/,/izgotovlenie-na-zakaz/,true,true,internal,pass,
/ograzhdeniya-i-zabory/,/metallokonstruktsii-dlya-biznesa/,/metallokonstruktsii-dlya-biznesa/,true,true,internal,pass,
/ograzhdeniya-i-zabory/,/blagoustroystvo-territoriy/,/blagoustroystvo-territoriy/,true,true,internal,pass,
/ograzhdeniya-i-zabory/,/stroitelstvo-i-remonty/,/stroitelstvo-i-remonty/,true,true,internal,pass,
/ograzhdeniya-i-zabory/,/vypolnennye-obekty/,/vypolnennye-obekty/,true,true,internal,pass,
/ograzhdeniya-i-zabory/,/o-nas/,/o-nas/,true,true,internal,pass,
/ograzhdeniya-i-zabory/,/kontakty/,/kontakty/,true,true,internal,pass,
/ograzhdeniya-i-zabory/,/vakansii/,/vakansii/,true,true,internal,pass,
/ograzhdeniya-i-zabory/,tel:+79129735006,,true,true,tel,pass,
/ograzhdeniya-i-zabory/,https://t.me/smu1build,,true,true,external,pass,
/ograzhdeniya-i-zabory/,#contact,/ograzhdeniya-i-zabory/,true,true,anchor,pass,
/ograzhdeniya-i-zabory/,/,/,true,true,internal,pass,
/ograzhdeniya-i-zabory/,#contact,/ograzhdeniya-i-zabory/,true,true,anchor,pass,
/ograzhdeniya-i-zabory/,/ulichnaya-mebel/,/ulichnaya-mebel/,true,true,internal,pass,
/ograzhdeniya-i-zabory/,/ograzhdeniya-i-zabory/,/ograzhdeniya-i-zabory/,true,true,internal,pass,
/ograzhdeniya-i-zabory/,/navesy-i-kozyrki/,/navesy-i-kozyrki/,true,true,internal,pass,
/ograzhdeniya-i-zabory/,/topiarii/,/topiarii/,true,true,internal,pass,
/ograzhdeniya-i-zabory/,/metallokonstruktsii-dlya-biznesa/,/metallokonstruktsii-dlya-biznesa/,true,true,internal,pass,
/ograzhdeniya-i-zabory/,/blagoustroystvo-territoriy/,/blagoustroystvo-territoriy/,true,true,internal,pass,
/ograzhdeniya-i-zabory/,/stroitelstvo-i-remonty/,/stroitelstvo-i-remonty/,true,true,internal,pass,
/ograzhdeniya-i-zabory/,/izgotovlenie-na-zakaz/,/izgotovlenie-na-zakaz/,true,true,internal,pass,
/ograzhdeniya-i-zabory/,/vypolnennye-obekty/,/vypolnennye-obekty/,true,true,internal,pass,
/ograzhdeniya-i-zabory/,/o-nas/,/o-nas/,true,true,internal,pass,
/ograzhdeniya-i-zabory/,/kontakty/,/kontakty/,true,true,internal,pass,
/ograzhdeniya-i-zabory/,/vakansii/,/vakansii/,true,true,internal,pass,
/ograzhdeniya-i-zabory/,tel:+79129735006,,true,true,tel,pass,
/ograzhdeniya-i-zabory/,tel:+79125799665,,true,true,tel,pass,
/ograzhdeniya-i-zabory/,https://t.me/smu1build,,true,true,external,pass,
/ograzhdeniya-i-zabory/,mailto:smu1.kurgan@yandex.ru,,true,true,mailto,pass,
/ograzhdeniya-i-zabory/,/,/,true,true,internal,pass,
/ograzhdeniya-i-zabory/,#catalog-grid,/ograzhdeniya-i-zabory/,true,true,anchor,pass,
/ograzhdeniya-i-zabory/,#contact,/ograzhdeniya-i-zabory/,true,true,anchor,pass,
/ograzhdeniya-i-zabory/,/ograzhdeniya-i-zabory/zabory/,/ograzhdeniya-i-zabory/zabory/,true,true,internal,pass,
/ograzhdeniya-i-zabory/,/ograzhdeniya-i-zabory/vorota/,/ograzhdeniya-i-zabory/vorota/,true,true,internal,pass,
/ograzhdeniya-i-zabory/,/ograzhdeniya-i-zabory/kalitki/,/ograzhdeniya-i-zabory/kalitki/,true,true,internal,pass,
/ograzhdeniya-i-zabory/,/ograzhdeniya-i-zabory/sekcionnye-ograzhdeniya/,/ograzhdeniya-i-zabory/sekcionnye-ograzhdeniya/,true,true,internal,pass,
/ograzhdeniya-i-zabory/,/ograzhdeniya-i-zabory/dekorativnye-ograzhdeniya/,/ograzhdeniya-i-zabory/dekorativnye-ograzhdeniya/,true,true,internal,pass,
/ograzhdeniya-i-zabory/,/ograzhdeniya-i-zabory/gazonnye-ograzhdeniya/,/ograzhdeniya-i-zabory/gazonnye-ograzhdeniya/,true,true,internal,pass,
/ograzhdeniya-i-zabory/,/ograzhdeniya-i-zabory/perila-i-poruchni/,/ograzhdeniya-i-zabory/perila-i-poruchni/,true,true,internal,pass,
/ograzhdeniya-i-zabory/,/ograzhdeniya-i-zabory/stolbiki-i-bollardy/,/ograzhdeniya-i-zabory/stolbiki-i-bollardy/,true,true,internal,pass,
/ograzhdeniya-i-zabory/,/ograzhdeniya-i-zabory/ograzhdeniya-kontejnernyh-ploshchadok/,/ograzhdeniya-i-zabory/ograzhdeniya-kontejnernyh-ploshchadok/,true,true,internal,pass,
/ograzhdeniya-i-zabory/,/izgotovlenie-na-zakaz/,/izgotovlenie-na-zakaz/,true,true,internal,pass,
/ograzhdeniya-i-zabory/,https://t.me/smu1build,,true,true,external,pass,
/ograzhdeniya-i-zabory/,/izgotovlenie-na-zakaz/,/izgotovlenie-na-zakaz/,true,true,internal,pass,
/ograzhdeniya-i-zabory/,tel:+79129735006,,true,true,tel,pass,
/ograzhdeniya-i-zabory/,https://t.me/smu1build,,true,true,external,pass,
/ograzhdeniya-i-zabory/,mailto:smu1.kurgan@yandex.ru,,true,true,mailto,pass,
/ograzhdeniya-i-zabory/,/kontakty/,/kontakty/,true,true,internal,pass,
/ograzhdeniya-i-zabory/,/,/,true,true,internal,pass,
/ograzhdeniya-i-zabory/,/ulichnaya-mebel/,/ulichnaya-mebel/,true,true,internal,pass,
/ograzhdeniya-i-zabory/,/ograzhdeniya-i-zabory/,/ograzhdeniya-i-zabory/,true,true,internal,pass,
/ograzhdeniya-i-zabory/,/navesy-i-kozyrki/,/navesy-i-kozyrki/,true,true,internal,pass,
/ograzhdeniya-i-zabory/,/metallokonstruktsii-dlya-biznesa/,/metallokonstruktsii-dlya-biznesa/,true,true,internal,pass,
/ograzhdeniya-i-zabory/,/topiarii/,/topiarii/,true,true,internal,pass,
/ograzhdeniya-i-zabory/,/blagoustroystvo-territoriy/,/blagoustroystvo-territoriy/,true,true,internal,pass,
/ograzhdeniya-i-zabory/,/stroitelstvo-i-remonty/,/stroitelstvo-i-remonty/,true,true,internal,pass,
/ograzhdeniya-i-zabory/,/ulichnaya-mebel/,/ulichnaya-mebel/,true,true,internal,pass,
/ograzhdeniya-i-zabory/,/ograzhdeniya-i-zabory/,/ograzhdeniya-i-zabory/,true,true,internal,pass,
/ograzhdeniya-i-zabory/,/navesy-i-kozyrki/,/navesy-i-kozyrki/,true,true,internal,pass,
/ograzhdeniya-i-zabory/,/metallokonstruktsii-dlya-biznesa/,/metallokonstruktsii-dlya-biznesa/,true,true,internal,pass,
/ograzhdeniya-i-zabory/,/topiarii/,/topiarii/,true,true,internal,pass,
/ograzhdeniya-i-zabory/,/blagoustroystvo-territoriy/,/blagoustroystvo-territoriy/,true,true,internal,pass,
/ograzhdeniya-i-zabory/,/stroitelstvo-i-remonty/,/stroitelstvo-i-remonty/,true,true,internal,pass,
/ograzhdeniya-i-zabory/,/izgotovlenie-na-zakaz/,/izgotovlenie-na-zakaz/,true,true,internal,pass,
/ograzhdeniya-i-zabory/,/vypolnennye-obekty/,/vypolnennye-obekty/,true,true,internal,pass,
/ograzhdeniya-i-zabory/,/o-nas/,/o-nas/,true,true,internal,pass,
/ograzhdeniya-i-zabory/,/kontakty/,/kontakty/,true,true,internal,pass,
/ograzhdeniya-i-zabory/,/vakansii/,/vakansii/,true,true,internal,pass,
/ograzhdeniya-i-zabory/,/izgotovlenie-na-zakaz/,/izgotovlenie-na-zakaz/,true,true,internal,pass,
/ograzhdeniya-i-zabory/,/vypolnennye-obekty/,/vypolnennye-obekty/,true,true,internal,pass,
/ograzhdeniya-i-zabory/,/o-nas/,/o-nas/,true,true,internal,pass,
/ograzhdeniya-i-zabory/,/kontakty/,/kontakty/,true,true,internal,pass,
/ograzhdeniya-i-zabory/,/vakansii/,/vakansii/,true,true,internal,pass,
/ograzhdeniya-i-zabory/,#contact,/ograzhdeniya-i-zabory/,true,true,anchor,pass,
/ograzhdeniya-i-zabory/,tel:+79129735006,,true,true,tel,pass,
/ograzhdeniya-i-zabory/,tel:+79125799665,,true,true,tel,pass,
/ograzhdeniya-i-zabory/,https://t.me/smu1build,,true,true,external,pass,
/ograzhdeniya-i-zabory/,mailto:smu1.kurgan@yandex.ru,,true,true,mailto,pass,
/ograzhdeniya-i-zabory/,/politika-konfidencialnosti/,/politika-konfidencialnosti/,true,true,internal,pass,
/ograzhdeniya-i-zabory/,/politika-konfidencialnosti/,/politika-konfidencialnosti/,true,true,internal,pass,
/topiarii/,#main-content,/topiarii/,true,true,anchor,pass,
/topiarii/,/,/,true,true,internal,pass,
/topiarii/,/ulichnaya-mebel/,/ulichnaya-mebel/,true,true,internal,pass,
/topiarii/,/ograzhdeniya-i-zabory/,/ograzhdeniya-i-zabory/,true,true,internal,pass,
/topiarii/,/navesy-i-kozyrki/,/navesy-i-kozyrki/,true,true,internal,pass,
/topiarii/,/topiarii/,/topiarii/,true,true,internal,pass,
/topiarii/,/izgotovlenie-na-zakaz/,/izgotovlenie-na-zakaz/,true,true,internal,pass,
/topiarii/,/metallokonstruktsii-dlya-biznesa/,/metallokonstruktsii-dlya-biznesa/,true,true,internal,pass,
/topiarii/,/blagoustroystvo-territoriy/,/blagoustroystvo-territoriy/,true,true,internal,pass,
/topiarii/,/stroitelstvo-i-remonty/,/stroitelstvo-i-remonty/,true,true,internal,pass,
/topiarii/,/vypolnennye-obekty/,/vypolnennye-obekty/,true,true,internal,pass,
/topiarii/,/o-nas/,/o-nas/,true,true,internal,pass,
/topiarii/,/kontakty/,/kontakty/,true,true,internal,pass,
/topiarii/,/vakansii/,/vakansii/,true,true,internal,pass,
/topiarii/,tel:+79129735006,,true,true,tel,pass,
/topiarii/,https://t.me/smu1build,,true,true,external,pass,
/topiarii/,#contact,/topiarii/,true,true,anchor,pass,
/topiarii/,/,/,true,true,internal,pass,
/topiarii/,#contact,/topiarii/,true,true,anchor,pass,
/topiarii/,/ulichnaya-mebel/,/ulichnaya-mebel/,true,true,internal,pass,
/topiarii/,/ograzhdeniya-i-zabory/,/ograzhdeniya-i-zabory/,true,true,internal,pass,
/topiarii/,/navesy-i-kozyrki/,/navesy-i-kozyrki/,true,true,internal,pass,
/topiarii/,/topiarii/,/topiarii/,true,true,internal,pass,
/topiarii/,/metallokonstruktsii-dlya-biznesa/,/metallokonstruktsii-dlya-biznesa/,true,true,internal,pass,
/topiarii/,/blagoustroystvo-territoriy/,/blagoustroystvo-territoriy/,true,true,internal,pass,
/topiarii/,/stroitelstvo-i-remonty/,/stroitelstvo-i-remonty/,true,true,internal,pass,
/topiarii/,/izgotovlenie-na-zakaz/,/izgotovlenie-na-zakaz/,true,true,internal,pass,
/topiarii/,/vypolnennye-obekty/,/vypolnennye-obekty/,true,true,internal,pass,
/topiarii/,/o-nas/,/o-nas/,true,true,internal,pass,
/topiarii/,/kontakty/,/kontakty/,true,true,internal,pass,
/topiarii/,/vakansii/,/vakansii/,true,true,internal,pass,
/topiarii/,tel:+79129735006,,true,true,tel,pass,
/topiarii/,tel:+79125799665,,true,true,tel,pass,
/topiarii/,https://t.me/smu1build,,true,true,external,pass,
/topiarii/,mailto:smu1.kurgan@yandex.ru,,true,true,mailto,pass,
/topiarii/,/,/,true,true,internal,pass,
/topiarii/,#contact,/topiarii/,true,true,anchor,pass,
/topiarii/,#direction-brief,/topiarii/,true,true,anchor,pass,
/topiarii/,/blagoustroystvo-territoriy/,/blagoustroystvo-territoriy/,true,true,internal,pass,
/topiarii/,https://t.me/smu1build,,true,true,external,pass,
/topiarii/,tel:+79129735006,,true,true,tel,pass,
/topiarii/,tel:+79129735006,,true,true,tel,pass,
/topiarii/,https://t.me/smu1build,,true,true,external,pass,
/topiarii/,mailto:smu1.kurgan@yandex.ru,,true,true,mailto,pass,
/topiarii/,/kontakty/,/kontakty/,true,true,internal,pass,
/topiarii/,/,/,true,true,internal,pass,
/topiarii/,/ulichnaya-mebel/,/ulichnaya-mebel/,true,true,internal,pass,
/topiarii/,/ograzhdeniya-i-zabory/,/ograzhdeniya-i-zabory/,true,true,internal,pass,
/topiarii/,/navesy-i-kozyrki/,/navesy-i-kozyrki/,true,true,internal,pass,
/topiarii/,/metallokonstruktsii-dlya-biznesa/,/metallokonstruktsii-dlya-biznesa/,true,true,internal,pass,
/topiarii/,/topiarii/,/topiarii/,true,true,internal,pass,
/topiarii/,/blagoustroystvo-territoriy/,/blagoustroystvo-territoriy/,true,true,internal,pass,
/topiarii/,/stroitelstvo-i-remonty/,/stroitelstvo-i-remonty/,true,true,internal,pass,
/topiarii/,/ulichnaya-mebel/,/ulichnaya-mebel/,true,true,internal,pass,
/topiarii/,/ograzhdeniya-i-zabory/,/ograzhdeniya-i-zabory/,true,true,internal,pass,
/topiarii/,/navesy-i-kozyrki/,/navesy-i-kozyrki/,true,true,internal,pass,
/topiarii/,/metallokonstruktsii-dlya-biznesa/,/metallokonstruktsii-dlya-biznesa/,true,true,internal,pass,
/topiarii/,/topiarii/,/topiarii/,true,true,internal,pass,
/topiarii/,/blagoustroystvo-territoriy/,/blagoustroystvo-territoriy/,true,true,internal,pass,
/topiarii/,/stroitelstvo-i-remonty/,/stroitelstvo-i-remonty/,true,true,internal,pass,
/topiarii/,/izgotovlenie-na-zakaz/,/izgotovlenie-na-zakaz/,true,true,internal,pass,
/topiarii/,/vypolnennye-obekty/,/vypolnennye-obekty/,true,true,internal,pass,
/topiarii/,/o-nas/,/o-nas/,true,true,internal,pass,
/topiarii/,/kontakty/,/kontakty/,true,true,internal,pass,
/topiarii/,/vakansii/,/vakansii/,true,true,internal,pass,
/topiarii/,/izgotovlenie-na-zakaz/,/izgotovlenie-na-zakaz/,true,true,internal,pass,
/topiarii/,/vypolnennye-obekty/,/vypolnennye-obekty/,true,true,internal,pass,
/topiarii/,/o-nas/,/o-nas/,true,true,internal,pass,
/topiarii/,/kontakty/,/kontakty/,true,true,internal,pass,
/topiarii/,/vakansii/,/vakansii/,true,true,internal,pass,
/topiarii/,#contact,/topiarii/,true,true,anchor,pass,
/topiarii/,tel:+79129735006,,true,true,tel,pass,
/topiarii/,tel:+79125799665,,true,true,tel,pass,
/topiarii/,https://t.me/smu1build,,true,true,external,pass,
/topiarii/,mailto:smu1.kurgan@yandex.ru,,true,true,mailto,pass,
/topiarii/,/politika-konfidencialnosti/,/politika-konfidencialnosti/,true,true,internal,pass,
/topiarii/,/politika-konfidencialnosti/,/politika-konfidencialnosti/,true,true,internal,pass,
/ulichnaya-mebel/,#main-content,/ulichnaya-mebel/,true,true,anchor,pass,
/ulichnaya-mebel/,/,/,true,true,internal,pass,
/ulichnaya-mebel/,/ulichnaya-mebel/,/ulichnaya-mebel/,true,true,internal,pass,
/ulichnaya-mebel/,/ograzhdeniya-i-zabory/,/ograzhdeniya-i-zabory/,true,true,internal,pass,
/ulichnaya-mebel/,/navesy-i-kozyrki/,/navesy-i-kozyrki/,true,true,internal,pass,
/ulichnaya-mebel/,/topiarii/,/topiarii/,true,true,internal,pass,
/ulichnaya-mebel/,/izgotovlenie-na-zakaz/,/izgotovlenie-na-zakaz/,true,true,internal,pass,
/ulichnaya-mebel/,/metallokonstruktsii-dlya-biznesa/,/metallokonstruktsii-dlya-biznesa/,true,true,internal,pass,
/ulichnaya-mebel/,/blagoustroystvo-territoriy/,/blagoustroystvo-territoriy/,true,true,internal,pass,
/ulichnaya-mebel/,/stroitelstvo-i-remonty/,/stroitelstvo-i-remonty/,true,true,internal,pass,
/ulichnaya-mebel/,/vypolnennye-obekty/,/vypolnennye-obekty/,true,true,internal,pass,
/ulichnaya-mebel/,/o-nas/,/o-nas/,true,true,internal,pass,
/ulichnaya-mebel/,/kontakty/,/kontakty/,true,true,internal,pass,
/ulichnaya-mebel/,/vakansii/,/vakansii/,true,true,internal,pass,
/ulichnaya-mebel/,tel:+79129735006,,true,true,tel,pass,
/ulichnaya-mebel/,https://t.me/smu1build,,true,true,external,pass,
/ulichnaya-mebel/,#contact,/ulichnaya-mebel/,true,true,anchor,pass,
/ulichnaya-mebel/,/,/,true,true,internal,pass,
/ulichnaya-mebel/,#contact,/ulichnaya-mebel/,true,true,anchor,pass,
/ulichnaya-mebel/,/ulichnaya-mebel/,/ulichnaya-mebel/,true,true,internal,pass,
/ulichnaya-mebel/,/ograzhdeniya-i-zabory/,/ograzhdeniya-i-zabory/,true,true,internal,pass,
/ulichnaya-mebel/,/navesy-i-kozyrki/,/navesy-i-kozyrki/,true,true,internal,pass,
/ulichnaya-mebel/,/topiarii/,/topiarii/,true,true,internal,pass,
/ulichnaya-mebel/,/metallokonstruktsii-dlya-biznesa/,/metallokonstruktsii-dlya-biznesa/,true,true,internal,pass,
/ulichnaya-mebel/,/blagoustroystvo-territoriy/,/blagoustroystvo-territoriy/,true,true,internal,pass,
/ulichnaya-mebel/,/stroitelstvo-i-remonty/,/stroitelstvo-i-remonty/,true,true,internal,pass,
/ulichnaya-mebel/,/izgotovlenie-na-zakaz/,/izgotovlenie-na-zakaz/,true,true,internal,pass,
/ulichnaya-mebel/,/vypolnennye-obekty/,/vypolnennye-obekty/,true,true,internal,pass,
/ulichnaya-mebel/,/o-nas/,/o-nas/,true,true,internal,pass,
/ulichnaya-mebel/,/kontakty/,/kontakty/,true,true,internal,pass,
/ulichnaya-mebel/,/vakansii/,/vakansii/,true,true,internal,pass,
/ulichnaya-mebel/,tel:+79129735006,,true,true,tel,pass,
/ulichnaya-mebel/,tel:+79125799665,,true,true,tel,pass,
/ulichnaya-mebel/,https://t.me/smu1build,,true,true,external,pass,
/ulichnaya-mebel/,mailto:smu1.kurgan@yandex.ru,,true,true,mailto,pass,
/ulichnaya-mebel/,/,/,true,true,internal,pass,
/ulichnaya-mebel/,#catalog-grid,/ulichnaya-mebel/,true,true,anchor,pass,
/ulichnaya-mebel/,#contact,/ulichnaya-mebel/,true,true,anchor,pass,
/ulichnaya-mebel/,/ulichnaya-mebel/lavochki-i-skameyki/,/ulichnaya-mebel/lavochki-i-skameyki/,true,true,internal,pass,
/ulichnaya-mebel/,/ulichnaya-mebel/stoly-i-komplekty/,/ulichnaya-mebel/stoly-i-komplekty/,true,true,internal,pass,
/ulichnaya-mebel/,/ulichnaya-mebel/urny/,/ulichnaya-mebel/urny/,true,true,internal,pass,
/ulichnaya-mebel/,/ulichnaya-mebel/vazony-i-tsvetochnitsy/,/ulichnaya-mebel/vazony-i-tsvetochnitsy/,true,true,internal,pass,
/ulichnaya-mebel/,/ulichnaya-mebel/veloparkovki/,/ulichnaya-mebel/veloparkovki/,true,true,internal,pass,
/ulichnaya-mebel/,/ulichnaya-mebel/shezlongi/,/ulichnaya-mebel/shezlongi/,true,true,internal,pass,
/ulichnaya-mebel/,/ulichnaya-mebel/kacheli/,/ulichnaya-mebel/kacheli/,true,true,internal,pass,
/ulichnaya-mebel/,/ulichnaya-mebel/besedki-i-pergoly/,/ulichnaya-mebel/besedki-i-pergoly/,true,true,internal,pass,
/ulichnaya-mebel/,/ulichnaya-mebel/ulichnoe-osveshchenie/,/ulichnaya-mebel/ulichnoe-osveshchenie/,true,true,internal,pass,
/ulichnaya-mebel/,/ulichnaya-mebel/malye-elementy/,/ulichnaya-mebel/malye-elementy/,true,true,internal,pass,
/ulichnaya-mebel/,/ulichnaya-mebel/navesy/,/ulichnaya-mebel/navesy/,true,true,internal,pass,
/ulichnaya-mebel/,/izgotovlenie-na-zakaz/,/izgotovlenie-na-zakaz/,true,true,internal,pass,
/ulichnaya-mebel/,https://t.me/smu1build,,true,true,external,pass,
/ulichnaya-mebel/,/izgotovlenie-na-zakaz/,/izgotovlenie-na-zakaz/,true,true,internal,pass,
/ulichnaya-mebel/,tel:+79129735006,,true,true,tel,pass,
/ulichnaya-mebel/,https://t.me/smu1build,,true,true,external,pass,
/ulichnaya-mebel/,mailto:smu1.kurgan@yandex.ru,,true,true,mailto,pass,
/ulichnaya-mebel/,/kontakty/,/kontakty/,true,true,internal,pass,
/ulichnaya-mebel/,/,/,true,true,internal,pass,
/ulichnaya-mebel/,/ulichnaya-mebel/,/ulichnaya-mebel/,true,true,internal,pass,
/ulichnaya-mebel/,/ograzhdeniya-i-zabory/,/ograzhdeniya-i-zabory/,true,true,internal,pass,
/ulichnaya-mebel/,/navesy-i-kozyrki/,/navesy-i-kozyrki/,true,true,internal,pass,
/ulichnaya-mebel/,/metallokonstruktsii-dlya-biznesa/,/metallokonstruktsii-dlya-biznesa/,true,true,internal,pass,
/ulichnaya-mebel/,/topiarii/,/topiarii/,true,true,internal,pass,
/ulichnaya-mebel/,/blagoustroystvo-territoriy/,/blagoustroystvo-territoriy/,true,true,internal,pass,
/ulichnaya-mebel/,/stroitelstvo-i-remonty/,/stroitelstvo-i-remonty/,true,true,internal,pass,
/ulichnaya-mebel/,/ulichnaya-mebel/,/ulichnaya-mebel/,true,true,internal,pass,
/ulichnaya-mebel/,/ograzhdeniya-i-zabory/,/ograzhdeniya-i-zabory/,true,true,internal,pass,
/ulichnaya-mebel/,/navesy-i-kozyrki/,/navesy-i-kozyrki/,true,true,internal,pass,
/ulichnaya-mebel/,/metallokonstruktsii-dlya-biznesa/,/metallokonstruktsii-dlya-biznesa/,true,true,internal,pass,
/ulichnaya-mebel/,/topiarii/,/topiarii/,true,true,internal,pass,
/ulichnaya-mebel/,/blagoustroystvo-territoriy/,/blagoustroystvo-territoriy/,true,true,internal,pass,
/ulichnaya-mebel/,/stroitelstvo-i-remonty/,/stroitelstvo-i-remonty/,true,true,internal,pass,
/ulichnaya-mebel/,/izgotovlenie-na-zakaz/,/izgotovlenie-na-zakaz/,true,true,internal,pass,
/ulichnaya-mebel/,/vypolnennye-obekty/,/vypolnennye-obekty/,true,true,internal,pass,
/ulichnaya-mebel/,/o-nas/,/o-nas/,true,true,internal,pass,
/ulichnaya-mebel/,/kontakty/,/kontakty/,true,true,internal,pass,
/ulichnaya-mebel/,/vakansii/,/vakansii/,true,true,internal,pass,
/ulichnaya-mebel/,/izgotovlenie-na-zakaz/,/izgotovlenie-na-zakaz/,true,true,internal,pass,
/ulichnaya-mebel/,/vypolnennye-obekty/,/vypolnennye-obekty/,true,true,internal,pass,
/ulichnaya-mebel/,/o-nas/,/o-nas/,true,true,internal,pass,
/ulichnaya-mebel/,/kontakty/,/kontakty/,true,true,internal,pass,
/ulichnaya-mebel/,/vakansii/,/vakansii/,true,true,internal,pass,
/ulichnaya-mebel/,#contact,/ulichnaya-mebel/,true,true,anchor,pass,
/ulichnaya-mebel/,tel:+79129735006,,true,true,tel,pass,
/ulichnaya-mebel/,tel:+79125799665,,true,true,tel,pass,
/ulichnaya-mebel/,https://t.me/smu1build,,true,true,external,pass,
/ulichnaya-mebel/,mailto:smu1.kurgan@yandex.ru,,true,true,mailto,pass,
/ulichnaya-mebel/,/politika-konfidencialnosti/,/politika-konfidencialnosti/,true,true,internal,pass,
/ulichnaya-mebel/,/politika-konfidencialnosti/,/politika-konfidencialnosti/,true,true,internal,pass,
/blagoustroystvo-territoriy/,#main-content,/blagoustroystvo-territoriy/,true,true,anchor,pass,
/blagoustroystvo-territoriy/,/,/,true,true,internal,pass,
/blagoustroystvo-territoriy/,/ulichnaya-mebel/,/ulichnaya-mebel/,true,true,internal,pass,
/blagoustroystvo-territoriy/,/ograzhdeniya-i-zabory/,/ograzhdeniya-i-zabory/,true,true,internal,pass,
/blagoustroystvo-territoriy/,/navesy-i-kozyrki/,/navesy-i-kozyrki/,true,true,internal,pass,
/blagoustroystvo-territoriy/,/topiarii/,/topiarii/,true,true,internal,pass,
/blagoustroystvo-territoriy/,/izgotovlenie-na-zakaz/,/izgotovlenie-na-zakaz/,true,true,internal,pass,
/blagoustroystvo-territoriy/,/metallokonstruktsii-dlya-biznesa/,/metallokonstruktsii-dlya-biznesa/,true,true,internal,pass,
/blagoustroystvo-territoriy/,/blagoustroystvo-territoriy/,/blagoustroystvo-territoriy/,true,true,internal,pass,
/blagoustroystvo-territoriy/,/stroitelstvo-i-remonty/,/stroitelstvo-i-remonty/,true,true,internal,pass,
/blagoustroystvo-territoriy/,/vypolnennye-obekty/,/vypolnennye-obekty/,true,true,internal,pass,
/blagoustroystvo-territoriy/,/o-nas/,/o-nas/,true,true,internal,pass,
/blagoustroystvo-territoriy/,/kontakty/,/kontakty/,true,true,internal,pass,
/blagoustroystvo-territoriy/,/vakansii/,/vakansii/,true,true,internal,pass,
/blagoustroystvo-territoriy/,tel:+79129735006,,true,true,tel,pass,
/blagoustroystvo-territoriy/,https://t.me/smu1build,,true,true,external,pass,
/blagoustroystvo-territoriy/,#contact,/blagoustroystvo-territoriy/,true,true,anchor,pass,
/blagoustroystvo-territoriy/,/,/,true,true,internal,pass,
/blagoustroystvo-territoriy/,#contact,/blagoustroystvo-territoriy/,true,true,anchor,pass,
/blagoustroystvo-territoriy/,/ulichnaya-mebel/,/ulichnaya-mebel/,true,true,internal,pass,
/blagoustroystvo-territoriy/,/ograzhdeniya-i-zabory/,/ograzhdeniya-i-zabory/,true,true,internal,pass,
/blagoustroystvo-territoriy/,/navesy-i-kozyrki/,/navesy-i-kozyrki/,true,true,internal,pass,
/blagoustroystvo-territoriy/,/topiarii/,/topiarii/,true,true,internal,pass,
/blagoustroystvo-territoriy/,/metallokonstruktsii-dlya-biznesa/,/metallokonstruktsii-dlya-biznesa/,true,true,internal,pass,
/blagoustroystvo-territoriy/,/blagoustroystvo-territoriy/,/blagoustroystvo-territoriy/,true,true,internal,pass,
/blagoustroystvo-territoriy/,/stroitelstvo-i-remonty/,/stroitelstvo-i-remonty/,true,true,internal,pass,
/blagoustroystvo-territoriy/,/izgotovlenie-na-zakaz/,/izgotovlenie-na-zakaz/,true,true,internal,pass,
/blagoustroystvo-territoriy/,/vypolnennye-obekty/,/vypolnennye-obekty/,true,true,internal,pass,
/blagoustroystvo-territoriy/,/o-nas/,/o-nas/,true,true,internal,pass,
/blagoustroystvo-territoriy/,/kontakty/,/kontakty/,true,true,internal,pass,
/blagoustroystvo-territoriy/,/vakansii/,/vakansii/,true,true,internal,pass,
/blagoustroystvo-territoriy/,tel:+79129735006,,true,true,tel,pass,
/blagoustroystvo-territoriy/,tel:+79125799665,,true,true,tel,pass,
/blagoustroystvo-territoriy/,https://t.me/smu1build,,true,true,external,pass,
/blagoustroystvo-territoriy/,mailto:smu1.kurgan@yandex.ru,,true,true,mailto,pass,
/blagoustroystvo-territoriy/,/,/,true,true,internal,pass,
/blagoustroystvo-territoriy/,#contact,/blagoustroystvo-territoriy/,true,true,anchor,pass,
/blagoustroystvo-territoriy/,#landscaping-brief,/blagoustroystvo-territoriy/,true,true,anchor,pass,
/blagoustroystvo-territoriy/,/vypolnennye-obekty/blagoustroystvo-naberezhnoy-reki-tobol/,/vypolnennye-obekty/blagoustroystvo-naberezhnoy-reki-tobol/,true,true,internal,pass,
/blagoustroystvo-territoriy/,/vypolnennye-obekty/remont-skvera-na-ulitse-gogolya/,/vypolnennye-obekty/remont-skvera-na-ulitse-gogolya/,true,true,internal,pass,
/blagoustroystvo-territoriy/,/ulichnaya-mebel/,/ulichnaya-mebel/,true,true,internal,pass,
/blagoustroystvo-territoriy/,/ograzhdeniya-i-zabory/,/ograzhdeniya-i-zabory/,true,true,internal,pass,
/blagoustroystvo-territoriy/,/navesy-i-kozyrki/,/navesy-i-kozyrki/,true,true,internal,pass,
/blagoustroystvo-territoriy/,/stroitelstvo-i-remonty/,/stroitelstvo-i-remonty/,true,true,internal,pass,
/blagoustroystvo-territoriy/,https://t.me/smu1build,,true,true,external,pass,
/blagoustroystvo-territoriy/,tel:+79129735006,,true,true,tel,pass,
/blagoustroystvo-territoriy/,tel:+79129735006,,true,true,tel,pass,
/blagoustroystvo-territoriy/,https://t.me/smu1build,,true,true,external,pass,
/blagoustroystvo-territoriy/,mailto:smu1.kurgan@yandex.ru,,true,true,mailto,pass,
/blagoustroystvo-territoriy/,/kontakty/,/kontakty/,true,true,internal,pass,
/blagoustroystvo-territoriy/,/,/,true,true,internal,pass,
/blagoustroystvo-territoriy/,/ulichnaya-mebel/,/ulichnaya-mebel/,true,true,internal,pass,
/blagoustroystvo-territoriy/,/ograzhdeniya-i-zabory/,/ograzhdeniya-i-zabory/,true,true,internal,pass,
/blagoustroystvo-territoriy/,/navesy-i-kozyrki/,/navesy-i-kozyrki/,true,true,internal,pass,
/blagoustroystvo-territoriy/,/metallokonstruktsii-dlya-biznesa/,/metallokonstruktsii-dlya-biznesa/,true,true,internal,pass,
/blagoustroystvo-territoriy/,/topiarii/,/topiarii/,true,true,internal,pass,
/blagoustroystvo-territoriy/,/blagoustroystvo-territoriy/,/blagoustroystvo-territoriy/,true,true,internal,pass,
/blagoustroystvo-territoriy/,/stroitelstvo-i-remonty/,/stroitelstvo-i-remonty/,true,true,internal,pass,
/blagoustroystvo-territoriy/,/ulichnaya-mebel/,/ulichnaya-mebel/,true,true,internal,pass,
/blagoustroystvo-territoriy/,/ograzhdeniya-i-zabory/,/ograzhdeniya-i-zabory/,true,true,internal,pass,
/blagoustroystvo-territoriy/,/navesy-i-kozyrki/,/navesy-i-kozyrki/,true,true,internal,pass,
/blagoustroystvo-territoriy/,/metallokonstruktsii-dlya-biznesa/,/metallokonstruktsii-dlya-biznesa/,true,true,internal,pass,
/blagoustroystvo-territoriy/,/topiarii/,/topiarii/,true,true,internal,pass,
/blagoustroystvo-territoriy/,/blagoustroystvo-territoriy/,/blagoustroystvo-territoriy/,true,true,internal,pass,
/blagoustroystvo-territoriy/,/stroitelstvo-i-remonty/,/stroitelstvo-i-remonty/,true,true,internal,pass,
/blagoustroystvo-territoriy/,/izgotovlenie-na-zakaz/,/izgotovlenie-na-zakaz/,true,true,internal,pass,
/blagoustroystvo-territoriy/,/vypolnennye-obekty/,/vypolnennye-obekty/,true,true,internal,pass,
/blagoustroystvo-territoriy/,/o-nas/,/o-nas/,true,true,internal,pass,
/blagoustroystvo-territoriy/,/kontakty/,/kontakty/,true,true,internal,pass,
/blagoustroystvo-territoriy/,/vakansii/,/vakansii/,true,true,internal,pass,
/blagoustroystvo-territoriy/,/izgotovlenie-na-zakaz/,/izgotovlenie-na-zakaz/,true,true,internal,pass,
/blagoustroystvo-territoriy/,/vypolnennye-obekty/,/vypolnennye-obekty/,true,true,internal,pass,
/blagoustroystvo-territoriy/,/o-nas/,/o-nas/,true,true,internal,pass,
/blagoustroystvo-territoriy/,/kontakty/,/kontakty/,true,true,internal,pass,
/blagoustroystvo-territoriy/,/vakansii/,/vakansii/,true,true,internal,pass,
/blagoustroystvo-territoriy/,#contact,/blagoustroystvo-territoriy/,true,true,anchor,pass,
/blagoustroystvo-territoriy/,tel:+79129735006,,true,true,tel,pass,
/blagoustroystvo-territoriy/,tel:+79125799665,,true,true,tel,pass,
/blagoustroystvo-territoriy/,https://t.me/smu1build,,true,true,external,pass,
/blagoustroystvo-territoriy/,mailto:smu1.kurgan@yandex.ru,,true,true,mailto,pass,
/blagoustroystvo-territoriy/,/politika-konfidencialnosti/,/politika-konfidencialnosti/,true,true,internal,pass,
/blagoustroystvo-territoriy/,/politika-konfidencialnosti/,/politika-konfidencialnosti/,true,true,internal,pass,
/stroitelstvo-i-remonty/,#main-content,/stroitelstvo-i-remonty/,true,true,anchor,pass,
/stroitelstvo-i-remonty/,/,/,true,true,internal,pass,
/stroitelstvo-i-remonty/,/ulichnaya-mebel/,/ulichnaya-mebel/,true,true,internal,pass,
/stroitelstvo-i-remonty/,/ograzhdeniya-i-zabory/,/ograzhdeniya-i-zabory/,true,true,internal,pass,
/stroitelstvo-i-remonty/,/navesy-i-kozyrki/,/navesy-i-kozyrki/,true,true,internal,pass,
/stroitelstvo-i-remonty/,/topiarii/,/topiarii/,true,true,internal,pass,
/stroitelstvo-i-remonty/,/izgotovlenie-na-zakaz/,/izgotovlenie-na-zakaz/,true,true,internal,pass,
/stroitelstvo-i-remonty/,/metallokonstruktsii-dlya-biznesa/,/metallokonstruktsii-dlya-biznesa/,true,true,internal,pass,
/stroitelstvo-i-remonty/,/blagoustroystvo-territoriy/,/blagoustroystvo-territoriy/,true,true,internal,pass,
/stroitelstvo-i-remonty/,/stroitelstvo-i-remonty/,/stroitelstvo-i-remonty/,true,true,internal,pass,
/stroitelstvo-i-remonty/,/vypolnennye-obekty/,/vypolnennye-obekty/,true,true,internal,pass,
/stroitelstvo-i-remonty/,/o-nas/,/o-nas/,true,true,internal,pass,
/stroitelstvo-i-remonty/,/kontakty/,/kontakty/,true,true,internal,pass,
/stroitelstvo-i-remonty/,/vakansii/,/vakansii/,true,true,internal,pass,
/stroitelstvo-i-remonty/,tel:+79129735006,,true,true,tel,pass,
/stroitelstvo-i-remonty/,https://t.me/smu1build,,true,true,external,pass,
/stroitelstvo-i-remonty/,#contact,/stroitelstvo-i-remonty/,true,true,anchor,pass,
/stroitelstvo-i-remonty/,/,/,true,true,internal,pass,
/stroitelstvo-i-remonty/,#contact,/stroitelstvo-i-remonty/,true,true,anchor,pass,
/stroitelstvo-i-remonty/,/ulichnaya-mebel/,/ulichnaya-mebel/,true,true,internal,pass,
/stroitelstvo-i-remonty/,/ograzhdeniya-i-zabory/,/ograzhdeniya-i-zabory/,true,true,internal,pass,
/stroitelstvo-i-remonty/,/navesy-i-kozyrki/,/navesy-i-kozyrki/,true,true,internal,pass,
/stroitelstvo-i-remonty/,/topiarii/,/topiarii/,true,true,internal,pass,
/stroitelstvo-i-remonty/,/metallokonstruktsii-dlya-biznesa/,/metallokonstruktsii-dlya-biznesa/,true,true,internal,pass,
/stroitelstvo-i-remonty/,/blagoustroystvo-territoriy/,/blagoustroystvo-territoriy/,true,true,internal,pass,
/stroitelstvo-i-remonty/,/stroitelstvo-i-remonty/,/stroitelstvo-i-remonty/,true,true,internal,pass,
/stroitelstvo-i-remonty/,/izgotovlenie-na-zakaz/,/izgotovlenie-na-zakaz/,true,true,internal,pass,
/stroitelstvo-i-remonty/,/vypolnennye-obekty/,/vypolnennye-obekty/,true,true,internal,pass,
/stroitelstvo-i-remonty/,/o-nas/,/o-nas/,true,true,internal,pass,
/stroitelstvo-i-remonty/,/kontakty/,/kontakty/,true,true,internal,pass,
/stroitelstvo-i-remonty/,/vakansii/,/vakansii/,true,true,internal,pass,
/stroitelstvo-i-remonty/,tel:+79129735006,,true,true,tel,pass,
/stroitelstvo-i-remonty/,tel:+79125799665,,true,true,tel,pass,
/stroitelstvo-i-remonty/,https://t.me/smu1build,,true,true,external,pass,
/stroitelstvo-i-remonty/,mailto:smu1.kurgan@yandex.ru,,true,true,mailto,pass,
/stroitelstvo-i-remonty/,/,/,true,true,internal,pass,
/stroitelstvo-i-remonty/,#contact,/stroitelstvo-i-remonty/,true,true,anchor,pass,
/stroitelstvo-i-remonty/,#construction-brief,/stroitelstvo-i-remonty/,true,true,anchor,pass,
/stroitelstvo-i-remonty/,/vypolnennye-obekty/kompleks-rabot-na-proizvodstvennoy-territorii/,/vypolnennye-obekty/kompleks-rabot-na-proizvodstvennoy-territorii/,true,true,internal,pass,
/stroitelstvo-i-remonty/,/vypolnennye-obekty/remont-skvera-na-ulitse-gogolya/,/vypolnennye-obekty/remont-skvera-na-ulitse-gogolya/,true,true,internal,pass,
/stroitelstvo-i-remonty/,/metallokonstruktsii-dlya-biznesa/,/metallokonstruktsii-dlya-biznesa/,true,true,internal,pass,
/stroitelstvo-i-remonty/,/navesy-i-kozyrki/,/navesy-i-kozyrki/,true,true,internal,pass,
/stroitelstvo-i-remonty/,/ograzhdeniya-i-zabory/,/ograzhdeniya-i-zabory/,true,true,internal,pass,
/stroitelstvo-i-remonty/,https://t.me/smu1build,,true,true,external,pass,
/stroitelstvo-i-remonty/,tel:+79129735006,,true,true,tel,pass,
/stroitelstvo-i-remonty/,tel:+79129735006,,true,true,tel,pass,
/stroitelstvo-i-remonty/,https://t.me/smu1build,,true,true,external,pass,
/stroitelstvo-i-remonty/,mailto:smu1.kurgan@yandex.ru,,true,true,mailto,pass,
/stroitelstvo-i-remonty/,/kontakty/,/kontakty/,true,true,internal,pass,
/stroitelstvo-i-remonty/,/,/,true,true,internal,pass,
/stroitelstvo-i-remonty/,/ulichnaya-mebel/,/ulichnaya-mebel/,true,true,internal,pass,
/stroitelstvo-i-remonty/,/ograzhdeniya-i-zabory/,/ograzhdeniya-i-zabory/,true,true,internal,pass,
/stroitelstvo-i-remonty/,/navesy-i-kozyrki/,/navesy-i-kozyrki/,true,true,internal,pass,
/stroitelstvo-i-remonty/,/metallokonstruktsii-dlya-biznesa/,/metallokonstruktsii-dlya-biznesa/,true,true,internal,pass,
/stroitelstvo-i-remonty/,/topiarii/,/topiarii/,true,true,internal,pass,
/stroitelstvo-i-remonty/,/blagoustroystvo-territoriy/,/blagoustroystvo-territoriy/,true,true,internal,pass,
/stroitelstvo-i-remonty/,/stroitelstvo-i-remonty/,/stroitelstvo-i-remonty/,true,true,internal,pass,
/stroitelstvo-i-remonty/,/ulichnaya-mebel/,/ulichnaya-mebel/,true,true,internal,pass,
/stroitelstvo-i-remonty/,/ograzhdeniya-i-zabory/,/ograzhdeniya-i-zabory/,true,true,internal,pass,
/stroitelstvo-i-remonty/,/navesy-i-kozyrki/,/navesy-i-kozyrki/,true,true,internal,pass,
/stroitelstvo-i-remonty/,/metallokonstruktsii-dlya-biznesa/,/metallokonstruktsii-dlya-biznesa/,true,true,internal,pass,
/stroitelstvo-i-remonty/,/topiarii/,/topiarii/,true,true,internal,pass,
/stroitelstvo-i-remonty/,/blagoustroystvo-territoriy/,/blagoustroystvo-territoriy/,true,true,internal,pass,
/stroitelstvo-i-remonty/,/stroitelstvo-i-remonty/,/stroitelstvo-i-remonty/,true,true,internal,pass,
/stroitelstvo-i-remonty/,/izgotovlenie-na-zakaz/,/izgotovlenie-na-zakaz/,true,true,internal,pass,
/stroitelstvo-i-remonty/,/vypolnennye-obekty/,/vypolnennye-obekty/,true,true,internal,pass,
/stroitelstvo-i-remonty/,/o-nas/,/o-nas/,true,true,internal,pass,
/stroitelstvo-i-remonty/,/kontakty/,/kontakty/,true,true,internal,pass,
/stroitelstvo-i-remonty/,/vakansii/,/vakansii/,true,true,internal,pass,
/stroitelstvo-i-remonty/,/izgotovlenie-na-zakaz/,/izgotovlenie-na-zakaz/,true,true,internal,pass,
/stroitelstvo-i-remonty/,/vypolnennye-obekty/,/vypolnennye-obekty/,true,true,internal,pass,
/stroitelstvo-i-remonty/,/o-nas/,/o-nas/,true,true,internal,pass,
/stroitelstvo-i-remonty/,/kontakty/,/kontakty/,true,true,internal,pass,
/stroitelstvo-i-remonty/,/vakansii/,/vakansii/,true,true,internal,pass,
/stroitelstvo-i-remonty/,#contact,/stroitelstvo-i-remonty/,true,true,anchor,pass,
/stroitelstvo-i-remonty/,tel:+79129735006,,true,true,tel,pass,
/stroitelstvo-i-remonty/,tel:+79125799665,,true,true,tel,pass,
/stroitelstvo-i-remonty/,https://t.me/smu1build,,true,true,external,pass,
/stroitelstvo-i-remonty/,mailto:smu1.kurgan@yandex.ru,,true,true,mailto,pass,
/stroitelstvo-i-remonty/,/politika-konfidencialnosti/,/politika-konfidencialnosti/,true,true,internal,pass,
/stroitelstvo-i-remonty/,/politika-konfidencialnosti/,/politika-konfidencialnosti/,true,true,internal,pass,
/ulichnaya-mebel/besedki-i-pergoly/,#main-content,/ulichnaya-mebel/besedki-i-pergoly/,true,true,anchor,pass,
/ulichnaya-mebel/besedki-i-pergoly/,/,/,true,true,internal,pass,
/ulichnaya-mebel/besedki-i-pergoly/,/ulichnaya-mebel/,/ulichnaya-mebel/,true,true,internal,pass,
/ulichnaya-mebel/besedki-i-pergoly/,/ograzhdeniya-i-zabory/,/ograzhdeniya-i-zabory/,true,true,internal,pass,
/ulichnaya-mebel/besedki-i-pergoly/,/navesy-i-kozyrki/,/navesy-i-kozyrki/,true,true,internal,pass,
/ulichnaya-mebel/besedki-i-pergoly/,/topiarii/,/topiarii/,true,true,internal,pass,
/ulichnaya-mebel/besedki-i-pergoly/,/izgotovlenie-na-zakaz/,/izgotovlenie-na-zakaz/,true,true,internal,pass,
/ulichnaya-mebel/besedki-i-pergoly/,/metallokonstruktsii-dlya-biznesa/,/metallokonstruktsii-dlya-biznesa/,true,true,internal,pass,
/ulichnaya-mebel/besedki-i-pergoly/,/blagoustroystvo-territoriy/,/blagoustroystvo-territoriy/,true,true,internal,pass,
/ulichnaya-mebel/besedki-i-pergoly/,/stroitelstvo-i-remonty/,/stroitelstvo-i-remonty/,true,true,internal,pass,
/ulichnaya-mebel/besedki-i-pergoly/,/vypolnennye-obekty/,/vypolnennye-obekty/,true,true,internal,pass,
/ulichnaya-mebel/besedki-i-pergoly/,/o-nas/,/o-nas/,true,true,internal,pass,
/ulichnaya-mebel/besedki-i-pergoly/,/kontakty/,/kontakty/,true,true,internal,pass,
/ulichnaya-mebel/besedki-i-pergoly/,/vakansii/,/vakansii/,true,true,internal,pass,
/ulichnaya-mebel/besedki-i-pergoly/,tel:+79129735006,,true,true,tel,pass,
/ulichnaya-mebel/besedki-i-pergoly/,https://t.me/smu1build,,true,true,external,pass,
/ulichnaya-mebel/besedki-i-pergoly/,#contact,/ulichnaya-mebel/besedki-i-pergoly/,true,true,anchor,pass,
/ulichnaya-mebel/besedki-i-pergoly/,/,/,true,true,internal,pass,
/ulichnaya-mebel/besedki-i-pergoly/,#contact,/ulichnaya-mebel/besedki-i-pergoly/,true,true,anchor,pass,
/ulichnaya-mebel/besedki-i-pergoly/,/ulichnaya-mebel/,/ulichnaya-mebel/,true,true,internal,pass,
/ulichnaya-mebel/besedki-i-pergoly/,/ograzhdeniya-i-zabory/,/ograzhdeniya-i-zabory/,true,true,internal,pass,
/ulichnaya-mebel/besedki-i-pergoly/,/navesy-i-kozyrki/,/navesy-i-kozyrki/,true,true,internal,pass,
/ulichnaya-mebel/besedki-i-pergoly/,/topiarii/,/topiarii/,true,true,internal,pass,
/ulichnaya-mebel/besedki-i-pergoly/,/metallokonstruktsii-dlya-biznesa/,/metallokonstruktsii-dlya-biznesa/,true,true,internal,pass,
/ulichnaya-mebel/besedki-i-pergoly/,/blagoustroystvo-territoriy/,/blagoustroystvo-territoriy/,true,true,internal,pass,
/ulichnaya-mebel/besedki-i-pergoly/,/stroitelstvo-i-remonty/,/stroitelstvo-i-remonty/,true,true,internal,pass,
/ulichnaya-mebel/besedki-i-pergoly/,/izgotovlenie-na-zakaz/,/izgotovlenie-na-zakaz/,true,true,internal,pass,
/ulichnaya-mebel/besedki-i-pergoly/,/vypolnennye-obekty/,/vypolnennye-obekty/,true,true,internal,pass,
/ulichnaya-mebel/besedki-i-pergoly/,/o-nas/,/o-nas/,true,true,internal,pass,
/ulichnaya-mebel/besedki-i-pergoly/,/kontakty/,/kontakty/,true,true,internal,pass,
/ulichnaya-mebel/besedki-i-pergoly/,/vakansii/,/vakansii/,true,true,internal,pass,
/ulichnaya-mebel/besedki-i-pergoly/,tel:+79129735006,,true,true,tel,pass,
/ulichnaya-mebel/besedki-i-pergoly/,tel:+79125799665,,true,true,tel,pass,
/ulichnaya-mebel/besedki-i-pergoly/,https://t.me/smu1build,,true,true,external,pass,
/ulichnaya-mebel/besedki-i-pergoly/,mailto:smu1.kurgan@yandex.ru,,true,true,mailto,pass,
/ulichnaya-mebel/besedki-i-pergoly/,/,/,true,true,internal,pass,
/ulichnaya-mebel/besedki-i-pergoly/,/ulichnaya-mebel/,/ulichnaya-mebel/,true,true,internal,pass,
/ulichnaya-mebel/besedki-i-pergoly/,#product-grid,/ulichnaya-mebel/besedki-i-pergoly/,true,true,anchor,pass,
/ulichnaya-mebel/besedki-i-pergoly/,#contact,/ulichnaya-mebel/besedki-i-pergoly/,true,true,anchor,pass,
/ulichnaya-mebel/besedki-i-pergoly/,/ulichnaya-mebel/besedki-i-pergoly/pergola-lamel/,/ulichnaya-mebel/besedki-i-pergoly/pergola-lamel/,true,true,internal,pass,
/ulichnaya-mebel/besedki-i-pergoly/,/ulichnaya-mebel/besedki-i-pergoly/pergola-s-lavkoy/,/ulichnaya-mebel/besedki-i-pergoly/pergola-s-lavkoy/,true,true,internal,pass,
/ulichnaya-mebel/besedki-i-pergoly/,/ulichnaya-mebel/besedki-i-pergoly/besedka-kofe/,/ulichnaya-mebel/besedki-i-pergoly/besedka-kofe/,true,true,internal,pass,
/ulichnaya-mebel/besedki-i-pergoly/,/ulichnaya-mebel/besedki-i-pergoly/besedka-kub/,/ulichnaya-mebel/besedki-i-pergoly/besedka-kub/,true,true,internal,pass,
/ulichnaya-mebel/besedki-i-pergoly/,/izgotovlenie-na-zakaz/,/izgotovlenie-na-zakaz/,true,true,internal,pass,
/ulichnaya-mebel/besedki-i-pergoly/,https://t.me/smu1build,,true,true,external,pass,
/ulichnaya-mebel/besedki-i-pergoly/,/izgotovlenie-na-zakaz/,/izgotovlenie-na-zakaz/,true,true,internal,pass,
/ulichnaya-mebel/besedki-i-pergoly/,tel:+79129735006,,true,true,tel,pass,
/ulichnaya-mebel/besedki-i-pergoly/,https://t.me/smu1build,,true,true,external,pass,
/ulichnaya-mebel/besedki-i-pergoly/,mailto:smu1.kurgan@yandex.ru,,true,true,mailto,pass,
/ulichnaya-mebel/besedki-i-pergoly/,/kontakty/,/kontakty/,true,true,internal,pass,
/ulichnaya-mebel/besedki-i-pergoly/,/,/,true,true,internal,pass,
/ulichnaya-mebel/besedki-i-pergoly/,/ulichnaya-mebel/,/ulichnaya-mebel/,true,true,internal,pass,
/ulichnaya-mebel/besedki-i-pergoly/,/ograzhdeniya-i-zabory/,/ograzhdeniya-i-zabory/,true,true,internal,pass,
/ulichnaya-mebel/besedki-i-pergoly/,/navesy-i-kozyrki/,/navesy-i-kozyrki/,true,true,internal,pass,
/ulichnaya-mebel/besedki-i-pergoly/,/metallokonstruktsii-dlya-biznesa/,/metallokonstruktsii-dlya-biznesa/,true,true,internal,pass,
/ulichnaya-mebel/besedki-i-pergoly/,/topiarii/,/topiarii/,true,true,internal,pass,
/ulichnaya-mebel/besedki-i-pergoly/,/blagoustroystvo-territoriy/,/blagoustroystvo-territoriy/,true,true,internal,pass,
/ulichnaya-mebel/besedki-i-pergoly/,/stroitelstvo-i-remonty/,/stroitelstvo-i-remonty/,true,true,internal,pass,
/ulichnaya-mebel/besedki-i-pergoly/,/ulichnaya-mebel/,/ulichnaya-mebel/,true,true,internal,pass,
/ulichnaya-mebel/besedki-i-pergoly/,/ograzhdeniya-i-zabory/,/ograzhdeniya-i-zabory/,true,true,internal,pass,
/ulichnaya-mebel/besedki-i-pergoly/,/navesy-i-kozyrki/,/navesy-i-kozyrki/,true,true,internal,pass,
/ulichnaya-mebel/besedki-i-pergoly/,/metallokonstruktsii-dlya-biznesa/,/metallokonstruktsii-dlya-biznesa/,true,true,internal,pass,
/ulichnaya-mebel/besedki-i-pergoly/,/topiarii/,/topiarii/,true,true,internal,pass,
/ulichnaya-mebel/besedki-i-pergoly/,/blagoustroystvo-territoriy/,/blagoustroystvo-territoriy/,true,true,internal,pass,
/ulichnaya-mebel/besedki-i-pergoly/,/stroitelstvo-i-remonty/,/stroitelstvo-i-remonty/,true,true,internal,pass,
/ulichnaya-mebel/besedki-i-pergoly/,/izgotovlenie-na-zakaz/,/izgotovlenie-na-zakaz/,true,true,internal,pass,
/ulichnaya-mebel/besedki-i-pergoly/,/vypolnennye-obekty/,/vypolnennye-obekty/,true,true,internal,pass,
/ulichnaya-mebel/besedki-i-pergoly/,/o-nas/,/o-nas/,true,true,internal,pass,
/ulichnaya-mebel/besedki-i-pergoly/,/kontakty/,/kontakty/,true,true,internal,pass,
/ulichnaya-mebel/besedki-i-pergoly/,/vakansii/,/vakansii/,true,true,internal,pass,
/ulichnaya-mebel/besedki-i-pergoly/,/izgotovlenie-na-zakaz/,/izgotovlenie-na-zakaz/,true,true,internal,pass,
/ulichnaya-mebel/besedki-i-pergoly/,/vypolnennye-obekty/,/vypolnennye-obekty/,true,true,internal,pass,
/ulichnaya-mebel/besedki-i-pergoly/,/o-nas/,/o-nas/,true,true,internal,pass,
/ulichnaya-mebel/besedki-i-pergoly/,/kontakty/,/kontakty/,true,true,internal,pass,
/ulichnaya-mebel/besedki-i-pergoly/,/vakansii/,/vakansii/,true,true,internal,pass,
/ulichnaya-mebel/besedki-i-pergoly/,#contact,/ulichnaya-mebel/besedki-i-pergoly/,true,true,anchor,pass,
/ulichnaya-mebel/besedki-i-pergoly/,tel:+79129735006,,true,true,tel,pass,
/ulichnaya-mebel/besedki-i-pergoly/,tel:+79125799665,,true,true,tel,pass,
/ulichnaya-mebel/besedki-i-pergoly/,https://t.me/smu1build,,true,true,external,pass,
/ulichnaya-mebel/besedki-i-pergoly/,mailto:smu1.kurgan@yandex.ru,,true,true,mailto,pass,
/ulichnaya-mebel/besedki-i-pergoly/,/politika-konfidencialnosti/,/politika-konfidencialnosti/,true,true,internal,pass,
/ulichnaya-mebel/besedki-i-pergoly/,/politika-konfidencialnosti/,/politika-konfidencialnosti/,true,true,internal,pass,
/ograzhdeniya-i-zabory/dekorativnye-ograzhdeniya/,#main-content,/ograzhdeniya-i-zabory/dekorativnye-ograzhdeniya/,true,true,anchor,pass,
/ograzhdeniya-i-zabory/dekorativnye-ograzhdeniya/,/,/,true,true,internal,pass,
/ograzhdeniya-i-zabory/dekorativnye-ograzhdeniya/,/ulichnaya-mebel/,/ulichnaya-mebel/,true,true,internal,pass,
/ograzhdeniya-i-zabory/dekorativnye-ograzhdeniya/,/ograzhdeniya-i-zabory/,/ograzhdeniya-i-zabory/,true,true,internal,pass,
/ograzhdeniya-i-zabory/dekorativnye-ograzhdeniya/,/navesy-i-kozyrki/,/navesy-i-kozyrki/,true,true,internal,pass,
/ograzhdeniya-i-zabory/dekorativnye-ograzhdeniya/,/topiarii/,/topiarii/,true,true,internal,pass,
/ograzhdeniya-i-zabory/dekorativnye-ograzhdeniya/,/izgotovlenie-na-zakaz/,/izgotovlenie-na-zakaz/,true,true,internal,pass,
/ograzhdeniya-i-zabory/dekorativnye-ograzhdeniya/,/metallokonstruktsii-dlya-biznesa/,/metallokonstruktsii-dlya-biznesa/,true,true,internal,pass,
/ograzhdeniya-i-zabory/dekorativnye-ograzhdeniya/,/blagoustroystvo-territoriy/,/blagoustroystvo-territoriy/,true,true,internal,pass,
/ograzhdeniya-i-zabory/dekorativnye-ograzhdeniya/,/stroitelstvo-i-remonty/,/stroitelstvo-i-remonty/,true,true,internal,pass,
/ograzhdeniya-i-zabory/dekorativnye-ograzhdeniya/,/vypolnennye-obekty/,/vypolnennye-obekty/,true,true,internal,pass,
/ograzhdeniya-i-zabory/dekorativnye-ograzhdeniya/,/o-nas/,/o-nas/,true,true,internal,pass,
/ograzhdeniya-i-zabory/dekorativnye-ograzhdeniya/,/kontakty/,/kontakty/,true,true,internal,pass,
/ograzhdeniya-i-zabory/dekorativnye-ograzhdeniya/,/vakansii/,/vakansii/,true,true,internal,pass,
/ograzhdeniya-i-zabory/dekorativnye-ograzhdeniya/,tel:+79129735006,,true,true,tel,pass,
/ograzhdeniya-i-zabory/dekorativnye-ograzhdeniya/,https://t.me/smu1build,,true,true,external,pass,
/ograzhdeniya-i-zabory/dekorativnye-ograzhdeniya/,#contact,/ograzhdeniya-i-zabory/dekorativnye-ograzhdeniya/,true,true,anchor,pass,
/ograzhdeniya-i-zabory/dekorativnye-ograzhdeniya/,/,/,true,true,internal,pass,
/ograzhdeniya-i-zabory/dekorativnye-ograzhdeniya/,#contact,/ograzhdeniya-i-zabory/dekorativnye-ograzhdeniya/,true,true,anchor,pass,
/ograzhdeniya-i-zabory/dekorativnye-ograzhdeniya/,/ulichnaya-mebel/,/ulichnaya-mebel/,true,true,internal,pass,
/ograzhdeniya-i-zabory/dekorativnye-ograzhdeniya/,/ograzhdeniya-i-zabory/,/ograzhdeniya-i-zabory/,true,true,internal,pass,
/ograzhdeniya-i-zabory/dekorativnye-ograzhdeniya/,/navesy-i-kozyrki/,/navesy-i-kozyrki/,true,true,internal,pass,
/ograzhdeniya-i-zabory/dekorativnye-ograzhdeniya/,/topiarii/,/topiarii/,true,true,internal,pass,
/ograzhdeniya-i-zabory/dekorativnye-ograzhdeniya/,/metallokonstruktsii-dlya-biznesa/,/metallokonstruktsii-dlya-biznesa/,true,true,internal,pass,
/ograzhdeniya-i-zabory/dekorativnye-ograzhdeniya/,/blagoustroystvo-territoriy/,/blagoustroystvo-territoriy/,true,true,internal,pass,
/ograzhdeniya-i-zabory/dekorativnye-ograzhdeniya/,/stroitelstvo-i-remonty/,/stroitelstvo-i-remonty/,true,true,internal,pass,
/ograzhdeniya-i-zabory/dekorativnye-ograzhdeniya/,/izgotovlenie-na-zakaz/,/izgotovlenie-na-zakaz/,true,true,internal,pass,
/ograzhdeniya-i-zabory/dekorativnye-ograzhdeniya/,/vypolnennye-obekty/,/vypolnennye-obekty/,true,true,internal,pass,
/ograzhdeniya-i-zabory/dekorativnye-ograzhdeniya/,/o-nas/,/o-nas/,true,true,internal,pass,
/ograzhdeniya-i-zabory/dekorativnye-ograzhdeniya/,/kontakty/,/kontakty/,true,true,internal,pass,
/ograzhdeniya-i-zabory/dekorativnye-ograzhdeniya/,/vakansii/,/vakansii/,true,true,internal,pass,
/ograzhdeniya-i-zabory/dekorativnye-ograzhdeniya/,tel:+79129735006,,true,true,tel,pass,
/ograzhdeniya-i-zabory/dekorativnye-ograzhdeniya/,tel:+79125799665,,true,true,tel,pass,
/ograzhdeniya-i-zabory/dekorativnye-ograzhdeniya/,https://t.me/smu1build,,true,true,external,pass,
/ograzhdeniya-i-zabory/dekorativnye-ograzhdeniya/,mailto:smu1.kurgan@yandex.ru,,true,true,mailto,pass,
/ograzhdeniya-i-zabory/dekorativnye-ograzhdeniya/,/,/,true,true,internal,pass,
/ograzhdeniya-i-zabory/dekorativnye-ograzhdeniya/,/ograzhdeniya-i-zabory/,/ograzhdeniya-i-zabory/,true,true,internal,pass,
/ograzhdeniya-i-zabory/dekorativnye-ograzhdeniya/,#contact,/ograzhdeniya-i-zabory/dekorativnye-ograzhdeniya/,true,true,anchor,pass,
/ograzhdeniya-i-zabory/dekorativnye-ograzhdeniya/,/ograzhdeniya-i-zabory/,/ograzhdeniya-i-zabory/,true,true,internal,pass,
/ograzhdeniya-i-zabory/dekorativnye-ograzhdeniya/,/ograzhdeniya-i-zabory/,/ograzhdeniya-i-zabory/,true,true,internal,pass,
/ograzhdeniya-i-zabory/dekorativnye-ograzhdeniya/,https://t.me/smu1build,,true,true,external,pass,
/ograzhdeniya-i-zabory/dekorativnye-ograzhdeniya/,tel:+79129735006,,true,true,tel,pass,
/ograzhdeniya-i-zabory/dekorativnye-ograzhdeniya/,https://t.me/smu1build,,true,true,external,pass,
/ograzhdeniya-i-zabory/dekorativnye-ograzhdeniya/,mailto:smu1.kurgan@yandex.ru,,true,true,mailto,pass,
/ograzhdeniya-i-zabory/dekorativnye-ograzhdeniya/,/kontakty/,/kontakty/,true,true,internal,pass,
/ograzhdeniya-i-zabory/dekorativnye-ograzhdeniya/,/,/,true,true,internal,pass,
/ograzhdeniya-i-zabory/dekorativnye-ograzhdeniya/,/ulichnaya-mebel/,/ulichnaya-mebel/,true,true,internal,pass,
/ograzhdeniya-i-zabory/dekorativnye-ograzhdeniya/,/ograzhdeniya-i-zabory/,/ograzhdeniya-i-zabory/,true,true,internal,pass,
/ograzhdeniya-i-zabory/dekorativnye-ograzhdeniya/,/navesy-i-kozyrki/,/navesy-i-kozyrki/,true,true,internal,pass,
/ograzhdeniya-i-zabory/dekorativnye-ograzhdeniya/,/metallokonstruktsii-dlya-biznesa/,/metallokonstruktsii-dlya-biznesa/,true,true,internal,pass,
/ograzhdeniya-i-zabory/dekorativnye-ograzhdeniya/,/topiarii/,/topiarii/,true,true,internal,pass,
/ograzhdeniya-i-zabory/dekorativnye-ograzhdeniya/,/blagoustroystvo-territoriy/,/blagoustroystvo-territoriy/,true,true,internal,pass,
/ograzhdeniya-i-zabory/dekorativnye-ograzhdeniya/,/stroitelstvo-i-remonty/,/stroitelstvo-i-remonty/,true,true,internal,pass,
/ograzhdeniya-i-zabory/dekorativnye-ograzhdeniya/,/ulichnaya-mebel/,/ulichnaya-mebel/,true,true,internal,pass,
/ograzhdeniya-i-zabory/dekorativnye-ograzhdeniya/,/ograzhdeniya-i-zabory/,/ograzhdeniya-i-zabory/,true,true,internal,pass,
/ograzhdeniya-i-zabory/dekorativnye-ograzhdeniya/,/navesy-i-kozyrki/,/navesy-i-kozyrki/,true,true,internal,pass,
/ograzhdeniya-i-zabory/dekorativnye-ograzhdeniya/,/metallokonstruktsii-dlya-biznesa/,/metallokonstruktsii-dlya-biznesa/,true,true,internal,pass,
/ograzhdeniya-i-zabory/dekorativnye-ograzhdeniya/,/topiarii/,/topiarii/,true,true,internal,pass,
/ograzhdeniya-i-zabory/dekorativnye-ograzhdeniya/,/blagoustroystvo-territoriy/,/blagoustroystvo-territoriy/,true,true,internal,pass,
/ograzhdeniya-i-zabory/dekorativnye-ograzhdeniya/,/stroitelstvo-i-remonty/,/stroitelstvo-i-remonty/,true,true,internal,pass,
/ograzhdeniya-i-zabory/dekorativnye-ograzhdeniya/,/izgotovlenie-na-zakaz/,/izgotovlenie-na-zakaz/,true,true,internal,pass,
/ograzhdeniya-i-zabory/dekorativnye-ograzhdeniya/,/vypolnennye-obekty/,/vypolnennye-obekty/,true,true,internal,pass,
/ograzhdeniya-i-zabory/dekorativnye-ograzhdeniya/,/o-nas/,/o-nas/,true,true,internal,pass,
/ograzhdeniya-i-zabory/dekorativnye-ograzhdeniya/,/kontakty/,/kontakty/,true,true,internal,pass,
/ograzhdeniya-i-zabory/dekorativnye-ograzhdeniya/,/vakansii/,/vakansii/,true,true,internal,pass,
/ograzhdeniya-i-zabory/dekorativnye-ograzhdeniya/,/izgotovlenie-na-zakaz/,/izgotovlenie-na-zakaz/,true,true,internal,pass,
/ograzhdeniya-i-zabory/dekorativnye-ograzhdeniya/,/vypolnennye-obekty/,/vypolnennye-obekty/,true,true,internal,pass,
/ograzhdeniya-i-zabory/dekorativnye-ograzhdeniya/,/o-nas/,/o-nas/,true,true,internal,pass,
/ograzhdeniya-i-zabory/dekorativnye-ograzhdeniya/,/kontakty/,/kontakty/,true,true,internal,pass,
/ograzhdeniya-i-zabory/dekorativnye-ograzhdeniya/,/vakansii/,/vakansii/,true,true,internal,pass,
/ograzhdeniya-i-zabory/dekorativnye-ograzhdeniya/,#contact,/ograzhdeniya-i-zabory/dekorativnye-ograzhdeniya/,true,true,anchor,pass,
/ograzhdeniya-i-zabory/dekorativnye-ograzhdeniya/,tel:+79129735006,,true,true,tel,pass,
/ograzhdeniya-i-zabory/dekorativnye-ograzhdeniya/,tel:+79125799665,,true,true,tel,pass,
/ograzhdeniya-i-zabory/dekorativnye-ograzhdeniya/,https://t.me/smu1build,,true,true,external,pass,
/ograzhdeniya-i-zabory/dekorativnye-ograzhdeniya/,mailto:smu1.kurgan@yandex.ru,,true,true,mailto,pass,
/ograzhdeniya-i-zabory/dekorativnye-ograzhdeniya/,/politika-konfidencialnosti/,/politika-konfidencialnosti/,true,true,internal,pass,
/ograzhdeniya-i-zabory/dekorativnye-ograzhdeniya/,/politika-konfidencialnosti/,/politika-konfidencialnosti/,true,true,internal,pass,
/ograzhdeniya-i-zabory/gazonnye-ograzhdeniya/,#main-content,/ograzhdeniya-i-zabory/gazonnye-ograzhdeniya/,true,true,anchor,pass,
/ograzhdeniya-i-zabory/gazonnye-ograzhdeniya/,/,/,true,true,internal,pass,
/ograzhdeniya-i-zabory/gazonnye-ograzhdeniya/,/ulichnaya-mebel/,/ulichnaya-mebel/,true,true,internal,pass,
/ograzhdeniya-i-zabory/gazonnye-ograzhdeniya/,/ograzhdeniya-i-zabory/,/ograzhdeniya-i-zabory/,true,true,internal,pass,
/ograzhdeniya-i-zabory/gazonnye-ograzhdeniya/,/navesy-i-kozyrki/,/navesy-i-kozyrki/,true,true,internal,pass,
/ograzhdeniya-i-zabory/gazonnye-ograzhdeniya/,/topiarii/,/topiarii/,true,true,internal,pass,
/ograzhdeniya-i-zabory/gazonnye-ograzhdeniya/,/izgotovlenie-na-zakaz/,/izgotovlenie-na-zakaz/,true,true,internal,pass,
/ograzhdeniya-i-zabory/gazonnye-ograzhdeniya/,/metallokonstruktsii-dlya-biznesa/,/metallokonstruktsii-dlya-biznesa/,true,true,internal,pass,
/ograzhdeniya-i-zabory/gazonnye-ograzhdeniya/,/blagoustroystvo-territoriy/,/blagoustroystvo-territoriy/,true,true,internal,pass,
/ograzhdeniya-i-zabory/gazonnye-ograzhdeniya/,/stroitelstvo-i-remonty/,/stroitelstvo-i-remonty/,true,true,internal,pass,
/ograzhdeniya-i-zabory/gazonnye-ograzhdeniya/,/vypolnennye-obekty/,/vypolnennye-obekty/,true,true,internal,pass,
/ograzhdeniya-i-zabory/gazonnye-ograzhdeniya/,/o-nas/,/o-nas/,true,true,internal,pass,
/ograzhdeniya-i-zabory/gazonnye-ograzhdeniya/,/kontakty/,/kontakty/,true,true,internal,pass,
/ograzhdeniya-i-zabory/gazonnye-ograzhdeniya/,/vakansii/,/vakansii/,true,true,internal,pass,
/ograzhdeniya-i-zabory/gazonnye-ograzhdeniya/,tel:+79129735006,,true,true,tel,pass,
/ograzhdeniya-i-zabory/gazonnye-ograzhdeniya/,https://t.me/smu1build,,true,true,external,pass,
/ograzhdeniya-i-zabory/gazonnye-ograzhdeniya/,#contact,/ograzhdeniya-i-zabory/gazonnye-ograzhdeniya/,true,true,anchor,pass,
/ograzhdeniya-i-zabory/gazonnye-ograzhdeniya/,/,/,true,true,internal,pass,
/ograzhdeniya-i-zabory/gazonnye-ograzhdeniya/,#contact,/ograzhdeniya-i-zabory/gazonnye-ograzhdeniya/,true,true,anchor,pass,
/ograzhdeniya-i-zabory/gazonnye-ograzhdeniya/,/ulichnaya-mebel/,/ulichnaya-mebel/,true,true,internal,pass,
/ograzhdeniya-i-zabory/gazonnye-ograzhdeniya/,/ograzhdeniya-i-zabory/,/ograzhdeniya-i-zabory/,true,true,internal,pass,
/ograzhdeniya-i-zabory/gazonnye-ograzhdeniya/,/navesy-i-kozyrki/,/navesy-i-kozyrki/,true,true,internal,pass,
/ograzhdeniya-i-zabory/gazonnye-ograzhdeniya/,/topiarii/,/topiarii/,true,true,internal,pass,
/ograzhdeniya-i-zabory/gazonnye-ograzhdeniya/,/metallokonstruktsii-dlya-biznesa/,/metallokonstruktsii-dlya-biznesa/,true,true,internal,pass,
/ograzhdeniya-i-zabory/gazonnye-ograzhdeniya/,/blagoustroystvo-territoriy/,/blagoustroystvo-territoriy/,true,true,internal,pass,
/ograzhdeniya-i-zabory/gazonnye-ograzhdeniya/,/stroitelstvo-i-remonty/,/stroitelstvo-i-remonty/,true,true,internal,pass,
/ograzhdeniya-i-zabory/gazonnye-ograzhdeniya/,/izgotovlenie-na-zakaz/,/izgotovlenie-na-zakaz/,true,true,internal,pass,
/ograzhdeniya-i-zabory/gazonnye-ograzhdeniya/,/vypolnennye-obekty/,/vypolnennye-obekty/,true,true,internal,pass,
/ograzhdeniya-i-zabory/gazonnye-ograzhdeniya/,/o-nas/,/o-nas/,true,true,internal,pass,
/ograzhdeniya-i-zabory/gazonnye-ograzhdeniya/,/kontakty/,/kontakty/,true,true,internal,pass,
/ograzhdeniya-i-zabory/gazonnye-ograzhdeniya/,/vakansii/,/vakansii/,true,true,internal,pass,
/ograzhdeniya-i-zabory/gazonnye-ograzhdeniya/,tel:+79129735006,,true,true,tel,pass,
/ograzhdeniya-i-zabory/gazonnye-ograzhdeniya/,tel:+79125799665,,true,true,tel,pass,
/ograzhdeniya-i-zabory/gazonnye-ograzhdeniya/,https://t.me/smu1build,,true,true,external,pass,
/ograzhdeniya-i-zabory/gazonnye-ograzhdeniya/,mailto:smu1.kurgan@yandex.ru,,true,true,mailto,pass,
/ograzhdeniya-i-zabory/gazonnye-ograzhdeniya/,/,/,true,true,internal,pass,
/ograzhdeniya-i-zabory/gazonnye-ograzhdeniya/,/ograzhdeniya-i-zabory/,/ograzhdeniya-i-zabory/,true,true,internal,pass,
/ograzhdeniya-i-zabory/gazonnye-ograzhdeniya/,#contact,/ograzhdeniya-i-zabory/gazonnye-ograzhdeniya/,true,true,anchor,pass,
/ograzhdeniya-i-zabory/gazonnye-ograzhdeniya/,/ograzhdeniya-i-zabory/,/ograzhdeniya-i-zabory/,true,true,internal,pass,
/ograzhdeniya-i-zabory/gazonnye-ograzhdeniya/,/ograzhdeniya-i-zabory/,/ograzhdeniya-i-zabory/,true,true,internal,pass,
/ograzhdeniya-i-zabory/gazonnye-ograzhdeniya/,https://t.me/smu1build,,true,true,external,pass,
/ograzhdeniya-i-zabory/gazonnye-ograzhdeniya/,tel:+79129735006,,true,true,tel,pass,
/ograzhdeniya-i-zabory/gazonnye-ograzhdeniya/,https://t.me/smu1build,,true,true,external,pass,
/ograzhdeniya-i-zabory/gazonnye-ograzhdeniya/,mailto:smu1.kurgan@yandex.ru,,true,true,mailto,pass,
/ograzhdeniya-i-zabory/gazonnye-ograzhdeniya/,/kontakty/,/kontakty/,true,true,internal,pass,
/ograzhdeniya-i-zabory/gazonnye-ograzhdeniya/,/,/,true,true,internal,pass,
/ograzhdeniya-i-zabory/gazonnye-ograzhdeniya/,/ulichnaya-mebel/,/ulichnaya-mebel/,true,true,internal,pass,
/ograzhdeniya-i-zabory/gazonnye-ograzhdeniya/,/ograzhdeniya-i-zabory/,/ograzhdeniya-i-zabory/,true,true,internal,pass,
/ograzhdeniya-i-zabory/gazonnye-ograzhdeniya/,/navesy-i-kozyrki/,/navesy-i-kozyrki/,true,true,internal,pass,
/ograzhdeniya-i-zabory/gazonnye-ograzhdeniya/,/metallokonstruktsii-dlya-biznesa/,/metallokonstruktsii-dlya-biznesa/,true,true,internal,pass,
/ograzhdeniya-i-zabory/gazonnye-ograzhdeniya/,/topiarii/,/topiarii/,true,true,internal,pass,
/ograzhdeniya-i-zabory/gazonnye-ograzhdeniya/,/blagoustroystvo-territoriy/,/blagoustroystvo-territoriy/,true,true,internal,pass,
/ograzhdeniya-i-zabory/gazonnye-ograzhdeniya/,/stroitelstvo-i-remonty/,/stroitelstvo-i-remonty/,true,true,internal,pass,
/ograzhdeniya-i-zabory/gazonnye-ograzhdeniya/,/ulichnaya-mebel/,/ulichnaya-mebel/,true,true,internal,pass,
/ograzhdeniya-i-zabory/gazonnye-ograzhdeniya/,/ograzhdeniya-i-zabory/,/ograzhdeniya-i-zabory/,true,true,internal,pass,
/ograzhdeniya-i-zabory/gazonnye-ograzhdeniya/,/navesy-i-kozyrki/,/navesy-i-kozyrki/,true,true,internal,pass,
/ograzhdeniya-i-zabory/gazonnye-ograzhdeniya/,/metallokonstruktsii-dlya-biznesa/,/metallokonstruktsii-dlya-biznesa/,true,true,internal,pass,
/ograzhdeniya-i-zabory/gazonnye-ograzhdeniya/,/topiarii/,/topiarii/,true,true,internal,pass,
/ograzhdeniya-i-zabory/gazonnye-ograzhdeniya/,/blagoustroystvo-territoriy/,/blagoustroystvo-territoriy/,true,true,internal,pass,
/ograzhdeniya-i-zabory/gazonnye-ograzhdeniya/,/stroitelstvo-i-remonty/,/stroitelstvo-i-remonty/,true,true,internal,pass,
/ograzhdeniya-i-zabory/gazonnye-ograzhdeniya/,/izgotovlenie-na-zakaz/,/izgotovlenie-na-zakaz/,true,true,internal,pass,
/ograzhdeniya-i-zabory/gazonnye-ograzhdeniya/,/vypolnennye-obekty/,/vypolnennye-obekty/,true,true,internal,pass,
/ograzhdeniya-i-zabory/gazonnye-ograzhdeniya/,/o-nas/,/o-nas/,true,true,internal,pass,
/ograzhdeniya-i-zabory/gazonnye-ograzhdeniya/,/kontakty/,/kontakty/,true,true,internal,pass,
/ograzhdeniya-i-zabory/gazonnye-ograzhdeniya/,/vakansii/,/vakansii/,true,true,internal,pass,
/ograzhdeniya-i-zabory/gazonnye-ograzhdeniya/,/izgotovlenie-na-zakaz/,/izgotovlenie-na-zakaz/,true,true,internal,pass,
/ograzhdeniya-i-zabory/gazonnye-ograzhdeniya/,/vypolnennye-obekty/,/vypolnennye-obekty/,true,true,internal,pass,
/ograzhdeniya-i-zabory/gazonnye-ograzhdeniya/,/o-nas/,/o-nas/,true,true,internal,pass,
/ograzhdeniya-i-zabory/gazonnye-ograzhdeniya/,/kontakty/,/kontakty/,true,true,internal,pass,
/ograzhdeniya-i-zabory/gazonnye-ograzhdeniya/,/vakansii/,/vakansii/,true,true,internal,pass,
/ograzhdeniya-i-zabory/gazonnye-ograzhdeniya/,#contact,/ograzhdeniya-i-zabory/gazonnye-ograzhdeniya/,true,true,anchor,pass,
/ograzhdeniya-i-zabory/gazonnye-ograzhdeniya/,tel:+79129735006,,true,true,tel,pass,
/ograzhdeniya-i-zabory/gazonnye-ograzhdeniya/,tel:+79125799665,,true,true,tel,pass,
/ograzhdeniya-i-zabory/gazonnye-ograzhdeniya/,https://t.me/smu1build,,true,true,external,pass,
/ograzhdeniya-i-zabory/gazonnye-ograzhdeniya/,mailto:smu1.kurgan@yandex.ru,,true,true,mailto,pass,
/ograzhdeniya-i-zabory/gazonnye-ograzhdeniya/,/politika-konfidencialnosti/,/politika-konfidencialnosti/,true,true,internal,pass,
/ograzhdeniya-i-zabory/gazonnye-ograzhdeniya/,/politika-konfidencialnosti/,/politika-konfidencialnosti/,true,true,internal,pass,
/ulichnaya-mebel/kacheli/,#main-content,/ulichnaya-mebel/kacheli/,true,true,anchor,pass,
/ulichnaya-mebel/kacheli/,/,/,true,true,internal,pass,
/ulichnaya-mebel/kacheli/,/ulichnaya-mebel/,/ulichnaya-mebel/,true,true,internal,pass,
/ulichnaya-mebel/kacheli/,/ograzhdeniya-i-zabory/,/ograzhdeniya-i-zabory/,true,true,internal,pass,
/ulichnaya-mebel/kacheli/,/navesy-i-kozyrki/,/navesy-i-kozyrki/,true,true,internal,pass,
/ulichnaya-mebel/kacheli/,/topiarii/,/topiarii/,true,true,internal,pass,
/ulichnaya-mebel/kacheli/,/izgotovlenie-na-zakaz/,/izgotovlenie-na-zakaz/,true,true,internal,pass,
/ulichnaya-mebel/kacheli/,/metallokonstruktsii-dlya-biznesa/,/metallokonstruktsii-dlya-biznesa/,true,true,internal,pass,
/ulichnaya-mebel/kacheli/,/blagoustroystvo-territoriy/,/blagoustroystvo-territoriy/,true,true,internal,pass,
/ulichnaya-mebel/kacheli/,/stroitelstvo-i-remonty/,/stroitelstvo-i-remonty/,true,true,internal,pass,
/ulichnaya-mebel/kacheli/,/vypolnennye-obekty/,/vypolnennye-obekty/,true,true,internal,pass,
/ulichnaya-mebel/kacheli/,/o-nas/,/o-nas/,true,true,internal,pass,
/ulichnaya-mebel/kacheli/,/kontakty/,/kontakty/,true,true,internal,pass,
/ulichnaya-mebel/kacheli/,/vakansii/,/vakansii/,true,true,internal,pass,
/ulichnaya-mebel/kacheli/,tel:+79129735006,,true,true,tel,pass,
/ulichnaya-mebel/kacheli/,https://t.me/smu1build,,true,true,external,pass,
/ulichnaya-mebel/kacheli/,#contact,/ulichnaya-mebel/kacheli/,true,true,anchor,pass,
/ulichnaya-mebel/kacheli/,/,/,true,true,internal,pass,
/ulichnaya-mebel/kacheli/,#contact,/ulichnaya-mebel/kacheli/,true,true,anchor,pass,
/ulichnaya-mebel/kacheli/,/ulichnaya-mebel/,/ulichnaya-mebel/,true,true,internal,pass,
/ulichnaya-mebel/kacheli/,/ograzhdeniya-i-zabory/,/ograzhdeniya-i-zabory/,true,true,internal,pass,
/ulichnaya-mebel/kacheli/,/navesy-i-kozyrki/,/navesy-i-kozyrki/,true,true,internal,pass,
/ulichnaya-mebel/kacheli/,/topiarii/,/topiarii/,true,true,internal,pass,
/ulichnaya-mebel/kacheli/,/metallokonstruktsii-dlya-biznesa/,/metallokonstruktsii-dlya-biznesa/,true,true,internal,pass,
/ulichnaya-mebel/kacheli/,/blagoustroystvo-territoriy/,/blagoustroystvo-territoriy/,true,true,internal,pass,
/ulichnaya-mebel/kacheli/,/stroitelstvo-i-remonty/,/stroitelstvo-i-remonty/,true,true,internal,pass,
/ulichnaya-mebel/kacheli/,/izgotovlenie-na-zakaz/,/izgotovlenie-na-zakaz/,true,true,internal,pass,
/ulichnaya-mebel/kacheli/,/vypolnennye-obekty/,/vypolnennye-obekty/,true,true,internal,pass,
/ulichnaya-mebel/kacheli/,/o-nas/,/o-nas/,true,true,internal,pass,
/ulichnaya-mebel/kacheli/,/kontakty/,/kontakty/,true,true,internal,pass,
/ulichnaya-mebel/kacheli/,/vakansii/,/vakansii/,true,true,internal,pass,
/ulichnaya-mebel/kacheli/,tel:+79129735006,,true,true,tel,pass,
/ulichnaya-mebel/kacheli/,tel:+79125799665,,true,true,tel,pass,
/ulichnaya-mebel/kacheli/,https://t.me/smu1build,,true,true,external,pass,
/ulichnaya-mebel/kacheli/,mailto:smu1.kurgan@yandex.ru,,true,true,mailto,pass,
/ulichnaya-mebel/kacheli/,/,/,true,true,internal,pass,
/ulichnaya-mebel/kacheli/,/ulichnaya-mebel/,/ulichnaya-mebel/,true,true,internal,pass,
/ulichnaya-mebel/kacheli/,#product-grid,/ulichnaya-mebel/kacheli/,true,true,anchor,pass,
/ulichnaya-mebel/kacheli/,#contact,/ulichnaya-mebel/kacheli/,true,true,anchor,pass,
/ulichnaya-mebel/kacheli/,/ulichnaya-mebel/kacheli/kachel-portal/,/ulichnaya-mebel/kacheli/kachel-portal/,true,true,internal,pass,
/ulichnaya-mebel/kacheli/,/ulichnaya-mebel/kacheli/kachel-duga/,/ulichnaya-mebel/kacheli/kachel-duga/,true,true,internal,pass,
/ulichnaya-mebel/kacheli/,/ulichnaya-mebel/kacheli/kacheli-pergola/,/ulichnaya-mebel/kacheli/kacheli-pergola/,true,true,internal,pass,
/ulichnaya-mebel/kacheli/,/ulichnaya-mebel/kacheli/kachel-s-navesom/,/ulichnaya-mebel/kacheli/kachel-s-navesom/,true,true,internal,pass,
/ulichnaya-mebel/kacheli/,/ulichnaya-mebel/kacheli/kacheli-s-dlinnym-navesom/,/ulichnaya-mebel/kacheli/kacheli-s-dlinnym-navesom/,true,true,internal,pass,
/ulichnaya-mebel/kacheli/,/ulichnaya-mebel/kacheli/kachel-patio/,/ulichnaya-mebel/kacheli/kachel-patio/,true,true,internal,pass,
/ulichnaya-mebel/kacheli/,/izgotovlenie-na-zakaz/,/izgotovlenie-na-zakaz/,true,true,internal,pass,
/ulichnaya-mebel/kacheli/,https://t.me/smu1build,,true,true,external,pass,
/ulichnaya-mebel/kacheli/,/izgotovlenie-na-zakaz/,/izgotovlenie-na-zakaz/,true,true,internal,pass,
/ulichnaya-mebel/kacheli/,tel:+79129735006,,true,true,tel,pass,
/ulichnaya-mebel/kacheli/,https://t.me/smu1build,,true,true,external,pass,
/ulichnaya-mebel/kacheli/,mailto:smu1.kurgan@yandex.ru,,true,true,mailto,pass,
/ulichnaya-mebel/kacheli/,/kontakty/,/kontakty/,true,true,internal,pass,
/ulichnaya-mebel/kacheli/,/,/,true,true,internal,pass,
/ulichnaya-mebel/kacheli/,/ulichnaya-mebel/,/ulichnaya-mebel/,true,true,internal,pass,
/ulichnaya-mebel/kacheli/,/ograzhdeniya-i-zabory/,/ograzhdeniya-i-zabory/,true,true,internal,pass,
/ulichnaya-mebel/kacheli/,/navesy-i-kozyrki/,/navesy-i-kozyrki/,true,true,internal,pass,
/ulichnaya-mebel/kacheli/,/metallokonstruktsii-dlya-biznesa/,/metallokonstruktsii-dlya-biznesa/,true,true,internal,pass,
/ulichnaya-mebel/kacheli/,/topiarii/,/topiarii/,true,true,internal,pass,
/ulichnaya-mebel/kacheli/,/blagoustroystvo-territoriy/,/blagoustroystvo-territoriy/,true,true,internal,pass,
/ulichnaya-mebel/kacheli/,/stroitelstvo-i-remonty/,/stroitelstvo-i-remonty/,true,true,internal,pass,
/ulichnaya-mebel/kacheli/,/ulichnaya-mebel/,/ulichnaya-mebel/,true,true,internal,pass,
/ulichnaya-mebel/kacheli/,/ograzhdeniya-i-zabory/,/ograzhdeniya-i-zabory/,true,true,internal,pass,
/ulichnaya-mebel/kacheli/,/navesy-i-kozyrki/,/navesy-i-kozyrki/,true,true,internal,pass,
/ulichnaya-mebel/kacheli/,/metallokonstruktsii-dlya-biznesa/,/metallokonstruktsii-dlya-biznesa/,true,true,internal,pass,
/ulichnaya-mebel/kacheli/,/topiarii/,/topiarii/,true,true,internal,pass,
/ulichnaya-mebel/kacheli/,/blagoustroystvo-territoriy/,/blagoustroystvo-territoriy/,true,true,internal,pass,
/ulichnaya-mebel/kacheli/,/stroitelstvo-i-remonty/,/stroitelstvo-i-remonty/,true,true,internal,pass,
/ulichnaya-mebel/kacheli/,/izgotovlenie-na-zakaz/,/izgotovlenie-na-zakaz/,true,true,internal,pass,
/ulichnaya-mebel/kacheli/,/vypolnennye-obekty/,/vypolnennye-obekty/,true,true,internal,pass,
/ulichnaya-mebel/kacheli/,/o-nas/,/o-nas/,true,true,internal,pass,
/ulichnaya-mebel/kacheli/,/kontakty/,/kontakty/,true,true,internal,pass,
/ulichnaya-mebel/kacheli/,/vakansii/,/vakansii/,true,true,internal,pass,
/ulichnaya-mebel/kacheli/,/izgotovlenie-na-zakaz/,/izgotovlenie-na-zakaz/,true,true,internal,pass,
/ulichnaya-mebel/kacheli/,/vypolnennye-obekty/,/vypolnennye-obekty/,true,true,internal,pass,
/ulichnaya-mebel/kacheli/,/o-nas/,/o-nas/,true,true,internal,pass,
/ulichnaya-mebel/kacheli/,/kontakty/,/kontakty/,true,true,internal,pass,
/ulichnaya-mebel/kacheli/,/vakansii/,/vakansii/,true,true,internal,pass,
/ulichnaya-mebel/kacheli/,#contact,/ulichnaya-mebel/kacheli/,true,true,anchor,pass,
/ulichnaya-mebel/kacheli/,tel:+79129735006,,true,true,tel,pass,
/ulichnaya-mebel/kacheli/,tel:+79125799665,,true,true,tel,pass,
/ulichnaya-mebel/kacheli/,https://t.me/smu1build,,true,true,external,pass,
/ulichnaya-mebel/kacheli/,mailto:smu1.kurgan@yandex.ru,,true,true,mailto,pass,
/ulichnaya-mebel/kacheli/,/politika-konfidencialnosti/,/politika-konfidencialnosti/,true,true,internal,pass,
/ulichnaya-mebel/kacheli/,/politika-konfidencialnosti/,/politika-konfidencialnosti/,true,true,internal,pass,
/ograzhdeniya-i-zabory/kalitki/,#main-content,/ograzhdeniya-i-zabory/kalitki/,true,true,anchor,pass,
/ograzhdeniya-i-zabory/kalitki/,/,/,true,true,internal,pass,
/ograzhdeniya-i-zabory/kalitki/,/ulichnaya-mebel/,/ulichnaya-mebel/,true,true,internal,pass,
/ograzhdeniya-i-zabory/kalitki/,/ograzhdeniya-i-zabory/,/ograzhdeniya-i-zabory/,true,true,internal,pass,
/ograzhdeniya-i-zabory/kalitki/,/navesy-i-kozyrki/,/navesy-i-kozyrki/,true,true,internal,pass,
/ograzhdeniya-i-zabory/kalitki/,/topiarii/,/topiarii/,true,true,internal,pass,
/ograzhdeniya-i-zabory/kalitki/,/izgotovlenie-na-zakaz/,/izgotovlenie-na-zakaz/,true,true,internal,pass,
/ograzhdeniya-i-zabory/kalitki/,/metallokonstruktsii-dlya-biznesa/,/metallokonstruktsii-dlya-biznesa/,true,true,internal,pass,
/ograzhdeniya-i-zabory/kalitki/,/blagoustroystvo-territoriy/,/blagoustroystvo-territoriy/,true,true,internal,pass,
/ograzhdeniya-i-zabory/kalitki/,/stroitelstvo-i-remonty/,/stroitelstvo-i-remonty/,true,true,internal,pass,
/ograzhdeniya-i-zabory/kalitki/,/vypolnennye-obekty/,/vypolnennye-obekty/,true,true,internal,pass,
/ograzhdeniya-i-zabory/kalitki/,/o-nas/,/o-nas/,true,true,internal,pass,
/ograzhdeniya-i-zabory/kalitki/,/kontakty/,/kontakty/,true,true,internal,pass,
/ograzhdeniya-i-zabory/kalitki/,/vakansii/,/vakansii/,true,true,internal,pass,
/ograzhdeniya-i-zabory/kalitki/,tel:+79129735006,,true,true,tel,pass,
/ograzhdeniya-i-zabory/kalitki/,https://t.me/smu1build,,true,true,external,pass,
/ograzhdeniya-i-zabory/kalitki/,#contact,/ograzhdeniya-i-zabory/kalitki/,true,true,anchor,pass,
/ograzhdeniya-i-zabory/kalitki/,/,/,true,true,internal,pass,
/ograzhdeniya-i-zabory/kalitki/,#contact,/ograzhdeniya-i-zabory/kalitki/,true,true,anchor,pass,
/ograzhdeniya-i-zabory/kalitki/,/ulichnaya-mebel/,/ulichnaya-mebel/,true,true,internal,pass,
/ograzhdeniya-i-zabory/kalitki/,/ograzhdeniya-i-zabory/,/ograzhdeniya-i-zabory/,true,true,internal,pass,
/ograzhdeniya-i-zabory/kalitki/,/navesy-i-kozyrki/,/navesy-i-kozyrki/,true,true,internal,pass,
/ograzhdeniya-i-zabory/kalitki/,/topiarii/,/topiarii/,true,true,internal,pass,
/ograzhdeniya-i-zabory/kalitki/,/metallokonstruktsii-dlya-biznesa/,/metallokonstruktsii-dlya-biznesa/,true,true,internal,pass,
/ograzhdeniya-i-zabory/kalitki/,/blagoustroystvo-territoriy/,/blagoustroystvo-territoriy/,true,true,internal,pass,
/ograzhdeniya-i-zabory/kalitki/,/stroitelstvo-i-remonty/,/stroitelstvo-i-remonty/,true,true,internal,pass,
/ograzhdeniya-i-zabory/kalitki/,/izgotovlenie-na-zakaz/,/izgotovlenie-na-zakaz/,true,true,internal,pass,
/ograzhdeniya-i-zabory/kalitki/,/vypolnennye-obekty/,/vypolnennye-obekty/,true,true,internal,pass,
/ograzhdeniya-i-zabory/kalitki/,/o-nas/,/o-nas/,true,true,internal,pass,
/ograzhdeniya-i-zabory/kalitki/,/kontakty/,/kontakty/,true,true,internal,pass,
/ograzhdeniya-i-zabory/kalitki/,/vakansii/,/vakansii/,true,true,internal,pass,
/ograzhdeniya-i-zabory/kalitki/,tel:+79129735006,,true,true,tel,pass,
/ograzhdeniya-i-zabory/kalitki/,tel:+79125799665,,true,true,tel,pass,
/ograzhdeniya-i-zabory/kalitki/,https://t.me/smu1build,,true,true,external,pass,
/ograzhdeniya-i-zabory/kalitki/,mailto:smu1.kurgan@yandex.ru,,true,true,mailto,pass,
/ograzhdeniya-i-zabory/kalitki/,/,/,true,true,internal,pass,
/ograzhdeniya-i-zabory/kalitki/,/ograzhdeniya-i-zabory/,/ograzhdeniya-i-zabory/,true,true,internal,pass,
/ograzhdeniya-i-zabory/kalitki/,#contact,/ograzhdeniya-i-zabory/kalitki/,true,true,anchor,pass,
/ograzhdeniya-i-zabory/kalitki/,/ograzhdeniya-i-zabory/,/ograzhdeniya-i-zabory/,true,true,internal,pass,
/ograzhdeniya-i-zabory/kalitki/,/ograzhdeniya-i-zabory/,/ograzhdeniya-i-zabory/,true,true,internal,pass,
/ograzhdeniya-i-zabory/kalitki/,https://t.me/smu1build,,true,true,external,pass,
/ograzhdeniya-i-zabory/kalitki/,tel:+79129735006,,true,true,tel,pass,
/ograzhdeniya-i-zabory/kalitki/,https://t.me/smu1build,,true,true,external,pass,
/ograzhdeniya-i-zabory/kalitki/,mailto:smu1.kurgan@yandex.ru,,true,true,mailto,pass,
/ograzhdeniya-i-zabory/kalitki/,/kontakty/,/kontakty/,true,true,internal,pass,
/ograzhdeniya-i-zabory/kalitki/,/,/,true,true,internal,pass,
/ograzhdeniya-i-zabory/kalitki/,/ulichnaya-mebel/,/ulichnaya-mebel/,true,true,internal,pass,
/ograzhdeniya-i-zabory/kalitki/,/ograzhdeniya-i-zabory/,/ograzhdeniya-i-zabory/,true,true,internal,pass,
/ograzhdeniya-i-zabory/kalitki/,/navesy-i-kozyrki/,/navesy-i-kozyrki/,true,true,internal,pass,
/ograzhdeniya-i-zabory/kalitki/,/metallokonstruktsii-dlya-biznesa/,/metallokonstruktsii-dlya-biznesa/,true,true,internal,pass,
/ograzhdeniya-i-zabory/kalitki/,/topiarii/,/topiarii/,true,true,internal,pass,
/ograzhdeniya-i-zabory/kalitki/,/blagoustroystvo-territoriy/,/blagoustroystvo-territoriy/,true,true,internal,pass,
/ograzhdeniya-i-zabory/kalitki/,/stroitelstvo-i-remonty/,/stroitelstvo-i-remonty/,true,true,internal,pass,
/ograzhdeniya-i-zabory/kalitki/,/ulichnaya-mebel/,/ulichnaya-mebel/,true,true,internal,pass,
/ograzhdeniya-i-zabory/kalitki/,/ograzhdeniya-i-zabory/,/ograzhdeniya-i-zabory/,true,true,internal,pass,
/ograzhdeniya-i-zabory/kalitki/,/navesy-i-kozyrki/,/navesy-i-kozyrki/,true,true,internal,pass,
/ograzhdeniya-i-zabory/kalitki/,/metallokonstruktsii-dlya-biznesa/,/metallokonstruktsii-dlya-biznesa/,true,true,internal,pass,
/ograzhdeniya-i-zabory/kalitki/,/topiarii/,/topiarii/,true,true,internal,pass,
/ograzhdeniya-i-zabory/kalitki/,/blagoustroystvo-territoriy/,/blagoustroystvo-territoriy/,true,true,internal,pass,
/ograzhdeniya-i-zabory/kalitki/,/stroitelstvo-i-remonty/,/stroitelstvo-i-remonty/,true,true,internal,pass,
/ograzhdeniya-i-zabory/kalitki/,/izgotovlenie-na-zakaz/,/izgotovlenie-na-zakaz/,true,true,internal,pass,
/ograzhdeniya-i-zabory/kalitki/,/vypolnennye-obekty/,/vypolnennye-obekty/,true,true,internal,pass,
/ograzhdeniya-i-zabory/kalitki/,/o-nas/,/o-nas/,true,true,internal,pass,
/ograzhdeniya-i-zabory/kalitki/,/kontakty/,/kontakty/,true,true,internal,pass,
/ograzhdeniya-i-zabory/kalitki/,/vakansii/,/vakansii/,true,true,internal,pass,
/ograzhdeniya-i-zabory/kalitki/,/izgotovlenie-na-zakaz/,/izgotovlenie-na-zakaz/,true,true,internal,pass,
/ograzhdeniya-i-zabory/kalitki/,/vypolnennye-obekty/,/vypolnennye-obekty/,true,true,internal,pass,
/ograzhdeniya-i-zabory/kalitki/,/o-nas/,/o-nas/,true,true,internal,pass,
/ograzhdeniya-i-zabory/kalitki/,/kontakty/,/kontakty/,true,true,internal,pass,
/ograzhdeniya-i-zabory/kalitki/,/vakansii/,/vakansii/,true,true,internal,pass,
/ograzhdeniya-i-zabory/kalitki/,#contact,/ograzhdeniya-i-zabory/kalitki/,true,true,anchor,pass,
/ograzhdeniya-i-zabory/kalitki/,tel:+79129735006,,true,true,tel,pass,
/ograzhdeniya-i-zabory/kalitki/,tel:+79125799665,,true,true,tel,pass,
/ograzhdeniya-i-zabory/kalitki/,https://t.me/smu1build,,true,true,external,pass,
/ograzhdeniya-i-zabory/kalitki/,mailto:smu1.kurgan@yandex.ru,,true,true,mailto,pass,
/ograzhdeniya-i-zabory/kalitki/,/politika-konfidencialnosti/,/politika-konfidencialnosti/,true,true,internal,pass,
/ograzhdeniya-i-zabory/kalitki/,/politika-konfidencialnosti/,/politika-konfidencialnosti/,true,true,internal,pass,
/ulichnaya-mebel/lavochki-i-skameyki/,#main-content,/ulichnaya-mebel/lavochki-i-skameyki/,true,true,anchor,pass,
/ulichnaya-mebel/lavochki-i-skameyki/,/,/,true,true,internal,pass,
/ulichnaya-mebel/lavochki-i-skameyki/,/ulichnaya-mebel/,/ulichnaya-mebel/,true,true,internal,pass,
/ulichnaya-mebel/lavochki-i-skameyki/,/ograzhdeniya-i-zabory/,/ograzhdeniya-i-zabory/,true,true,internal,pass,
/ulichnaya-mebel/lavochki-i-skameyki/,/navesy-i-kozyrki/,/navesy-i-kozyrki/,true,true,internal,pass,
/ulichnaya-mebel/lavochki-i-skameyki/,/topiarii/,/topiarii/,true,true,internal,pass,
/ulichnaya-mebel/lavochki-i-skameyki/,/izgotovlenie-na-zakaz/,/izgotovlenie-na-zakaz/,true,true,internal,pass,
/ulichnaya-mebel/lavochki-i-skameyki/,/metallokonstruktsii-dlya-biznesa/,/metallokonstruktsii-dlya-biznesa/,true,true,internal,pass,
/ulichnaya-mebel/lavochki-i-skameyki/,/blagoustroystvo-territoriy/,/blagoustroystvo-territoriy/,true,true,internal,pass,
/ulichnaya-mebel/lavochki-i-skameyki/,/stroitelstvo-i-remonty/,/stroitelstvo-i-remonty/,true,true,internal,pass,
/ulichnaya-mebel/lavochki-i-skameyki/,/vypolnennye-obekty/,/vypolnennye-obekty/,true,true,internal,pass,
/ulichnaya-mebel/lavochki-i-skameyki/,/o-nas/,/o-nas/,true,true,internal,pass,
/ulichnaya-mebel/lavochki-i-skameyki/,/kontakty/,/kontakty/,true,true,internal,pass,
/ulichnaya-mebel/lavochki-i-skameyki/,/vakansii/,/vakansii/,true,true,internal,pass,
/ulichnaya-mebel/lavochki-i-skameyki/,tel:+79129735006,,true,true,tel,pass,
/ulichnaya-mebel/lavochki-i-skameyki/,https://t.me/smu1build,,true,true,external,pass,
/ulichnaya-mebel/lavochki-i-skameyki/,#contact,/ulichnaya-mebel/lavochki-i-skameyki/,true,true,anchor,pass,
/ulichnaya-mebel/lavochki-i-skameyki/,/,/,true,true,internal,pass,
/ulichnaya-mebel/lavochki-i-skameyki/,#contact,/ulichnaya-mebel/lavochki-i-skameyki/,true,true,anchor,pass,
/ulichnaya-mebel/lavochki-i-skameyki/,/ulichnaya-mebel/,/ulichnaya-mebel/,true,true,internal,pass,
/ulichnaya-mebel/lavochki-i-skameyki/,/ograzhdeniya-i-zabory/,/ograzhdeniya-i-zabory/,true,true,internal,pass,
/ulichnaya-mebel/lavochki-i-skameyki/,/navesy-i-kozyrki/,/navesy-i-kozyrki/,true,true,internal,pass,
/ulichnaya-mebel/lavochki-i-skameyki/,/topiarii/,/topiarii/,true,true,internal,pass,
/ulichnaya-mebel/lavochki-i-skameyki/,/metallokonstruktsii-dlya-biznesa/,/metallokonstruktsii-dlya-biznesa/,true,true,internal,pass,
/ulichnaya-mebel/lavochki-i-skameyki/,/blagoustroystvo-territoriy/,/blagoustroystvo-territoriy/,true,true,internal,pass,
/ulichnaya-mebel/lavochki-i-skameyki/,/stroitelstvo-i-remonty/,/stroitelstvo-i-remonty/,true,true,internal,pass,
/ulichnaya-mebel/lavochki-i-skameyki/,/izgotovlenie-na-zakaz/,/izgotovlenie-na-zakaz/,true,true,internal,pass,
/ulichnaya-mebel/lavochki-i-skameyki/,/vypolnennye-obekty/,/vypolnennye-obekty/,true,true,internal,pass,
/ulichnaya-mebel/lavochki-i-skameyki/,/o-nas/,/o-nas/,true,true,internal,pass,
/ulichnaya-mebel/lavochki-i-skameyki/,/kontakty/,/kontakty/,true,true,internal,pass,
/ulichnaya-mebel/lavochki-i-skameyki/,/vakansii/,/vakansii/,true,true,internal,pass,
/ulichnaya-mebel/lavochki-i-skameyki/,tel:+79129735006,,true,true,tel,pass,
/ulichnaya-mebel/lavochki-i-skameyki/,tel:+79125799665,,true,true,tel,pass,
/ulichnaya-mebel/lavochki-i-skameyki/,https://t.me/smu1build,,true,true,external,pass,
/ulichnaya-mebel/lavochki-i-skameyki/,mailto:smu1.kurgan@yandex.ru,,true,true,mailto,pass,
/ulichnaya-mebel/lavochki-i-skameyki/,/,/,true,true,internal,pass,
/ulichnaya-mebel/lavochki-i-skameyki/,/ulichnaya-mebel/,/ulichnaya-mebel/,true,true,internal,pass,
/ulichnaya-mebel/lavochki-i-skameyki/,#product-grid,/ulichnaya-mebel/lavochki-i-skameyki/,true,true,anchor,pass,
/ulichnaya-mebel/lavochki-i-skameyki/,#contact,/ulichnaya-mebel/lavochki-i-skameyki/,true,true,anchor,pass,
/ulichnaya-mebel/lavochki-i-skameyki/,/ulichnaya-mebel/lavochki-i-skameyki/skamya-smu1-bazovaya/,/ulichnaya-mebel/lavochki-i-skameyki/skamya-smu1-bazovaya/,true,true,internal,pass,
/ulichnaya-mebel/lavochki-i-skameyki/,/ulichnaya-mebel/lavochki-i-skameyki/skamya-loft/,/ulichnaya-mebel/lavochki-i-skameyki/skamya-loft/,true,true,internal,pass,
/ulichnaya-mebel/lavochki-i-skameyki/,/ulichnaya-mebel/lavochki-i-skameyki/skamya-volna/,/ulichnaya-mebel/lavochki-i-skameyki/skamya-volna/,true,true,internal,pass,
/ulichnaya-mebel/lavochki-i-skameyki/,/ulichnaya-mebel/lavochki-i-skameyki/skamya-liniya/,/ulichnaya-mebel/lavochki-i-skameyki/skamya-liniya/,true,true,internal,pass,
/ulichnaya-mebel/lavochki-i-skameyki/,/ulichnaya-mebel/lavochki-i-skameyki/skamya-radius/,/ulichnaya-mebel/lavochki-i-skameyki/skamya-radius/,true,true,internal,pass,
/ulichnaya-mebel/lavochki-i-skameyki/,/ulichnaya-mebel/lavochki-i-skameyki/skamya-radius-so-spinkami/,/ulichnaya-mebel/lavochki-i-skameyki/skamya-radius-so-spinkami/,true,true,internal,pass,
/ulichnaya-mebel/lavochki-i-skameyki/,/ulichnaya-mebel/lavochki-i-skameyki/skamya-liniya-so-spinkami/,/ulichnaya-mebel/lavochki-i-skameyki/skamya-liniya-so-spinkami/,true,true,internal,pass,
/ulichnaya-mebel/lavochki-i-skameyki/,/ulichnaya-mebel/lavochki-i-skameyki/skamya-kontur/,/ulichnaya-mebel/lavochki-i-skameyki/skamya-kontur/,true,true,internal,pass,
/ulichnaya-mebel/lavochki-i-skameyki/,/ulichnaya-mebel/lavochki-i-skameyki/skamya-kapsula/,/ulichnaya-mebel/lavochki-i-skameyki/skamya-kapsula/,true,true,internal,pass,
/ulichnaya-mebel/lavochki-i-skameyki/,/ulichnaya-mebel/lavochki-i-skameyki/skamya-plato/,/ulichnaya-mebel/lavochki-i-skameyki/skamya-plato/,true,true,internal,pass,
/ulichnaya-mebel/lavochki-i-skameyki/,/ulichnaya-mebel/lavochki-i-skameyki/skamya-podium/,/ulichnaya-mebel/lavochki-i-skameyki/skamya-podium/,true,true,internal,pass,
/ulichnaya-mebel/lavochki-i-skameyki/,/ulichnaya-mebel/lavochki-i-skameyki/skamya-skoba/,/ulichnaya-mebel/lavochki-i-skameyki/skamya-skoba/,true,true,internal,pass,
/ulichnaya-mebel/lavochki-i-skameyki/,/ulichnaya-mebel/lavochki-i-skameyki/skamya-bulvar/,/ulichnaya-mebel/lavochki-i-skameyki/skamya-bulvar/,true,true,internal,pass,
/ulichnaya-mebel/lavochki-i-skameyki/,/ulichnaya-mebel/lavochki-i-skameyki/skamya-park/,/ulichnaya-mebel/lavochki-i-skameyki/skamya-park/,true,true,internal,pass,
/ulichnaya-mebel/lavochki-i-skameyki/,/ulichnaya-mebel/lavochki-i-skameyki/skamya-reyka/,/ulichnaya-mebel/lavochki-i-skameyki/skamya-reyka/,true,true,internal,pass,
/ulichnaya-mebel/lavochki-i-skameyki/,/ulichnaya-mebel/lavochki-i-skameyki/bolshaya-skameyka-amplituda/,/ulichnaya-mebel/lavochki-i-skameyki/bolshaya-skameyka-amplituda/,true,true,internal,pass,
/ulichnaya-mebel/lavochki-i-skameyki/,/izgotovlenie-na-zakaz/,/izgotovlenie-na-zakaz/,true,true,internal,pass,
/ulichnaya-mebel/lavochki-i-skameyki/,https://t.me/smu1build,,true,true,external,pass,
/ulichnaya-mebel/lavochki-i-skameyki/,/izgotovlenie-na-zakaz/,/izgotovlenie-na-zakaz/,true,true,internal,pass,
/ulichnaya-mebel/lavochki-i-skameyki/,tel:+79129735006,,true,true,tel,pass,
/ulichnaya-mebel/lavochki-i-skameyki/,https://t.me/smu1build,,true,true,external,pass,
/ulichnaya-mebel/lavochki-i-skameyki/,mailto:smu1.kurgan@yandex.ru,,true,true,mailto,pass,
/ulichnaya-mebel/lavochki-i-skameyki/,/kontakty/,/kontakty/,true,true,internal,pass,
/ulichnaya-mebel/lavochki-i-skameyki/,/,/,true,true,internal,pass,
/ulichnaya-mebel/lavochki-i-skameyki/,/ulichnaya-mebel/,/ulichnaya-mebel/,true,true,internal,pass,
/ulichnaya-mebel/lavochki-i-skameyki/,/ograzhdeniya-i-zabory/,/ograzhdeniya-i-zabory/,true,true,internal,pass,
/ulichnaya-mebel/lavochki-i-skameyki/,/navesy-i-kozyrki/,/navesy-i-kozyrki/,true,true,internal,pass,
/ulichnaya-mebel/lavochki-i-skameyki/,/metallokonstruktsii-dlya-biznesa/,/metallokonstruktsii-dlya-biznesa/,true,true,internal,pass,
/ulichnaya-mebel/lavochki-i-skameyki/,/topiarii/,/topiarii/,true,true,internal,pass,
/ulichnaya-mebel/lavochki-i-skameyki/,/blagoustroystvo-territoriy/,/blagoustroystvo-territoriy/,true,true,internal,pass,
/ulichnaya-mebel/lavochki-i-skameyki/,/stroitelstvo-i-remonty/,/stroitelstvo-i-remonty/,true,true,internal,pass,
/ulichnaya-mebel/lavochki-i-skameyki/,/ulichnaya-mebel/,/ulichnaya-mebel/,true,true,internal,pass,
/ulichnaya-mebel/lavochki-i-skameyki/,/ograzhdeniya-i-zabory/,/ograzhdeniya-i-zabory/,true,true,internal,pass,
/ulichnaya-mebel/lavochki-i-skameyki/,/navesy-i-kozyrki/,/navesy-i-kozyrki/,true,true,internal,pass,
/ulichnaya-mebel/lavochki-i-skameyki/,/metallokonstruktsii-dlya-biznesa/,/metallokonstruktsii-dlya-biznesa/,true,true,internal,pass,
/ulichnaya-mebel/lavochki-i-skameyki/,/topiarii/,/topiarii/,true,true,internal,pass,
/ulichnaya-mebel/lavochki-i-skameyki/,/blagoustroystvo-territoriy/,/blagoustroystvo-territoriy/,true,true,internal,pass,
/ulichnaya-mebel/lavochki-i-skameyki/,/stroitelstvo-i-remonty/,/stroitelstvo-i-remonty/,true,true,internal,pass,
/ulichnaya-mebel/lavochki-i-skameyki/,/izgotovlenie-na-zakaz/,/izgotovlenie-na-zakaz/,true,true,internal,pass,
/ulichnaya-mebel/lavochki-i-skameyki/,/vypolnennye-obekty/,/vypolnennye-obekty/,true,true,internal,pass,
/ulichnaya-mebel/lavochki-i-skameyki/,/o-nas/,/o-nas/,true,true,internal,pass,
/ulichnaya-mebel/lavochki-i-skameyki/,/kontakty/,/kontakty/,true,true,internal,pass,
/ulichnaya-mebel/lavochki-i-skameyki/,/vakansii/,/vakansii/,true,true,internal,pass,
/ulichnaya-mebel/lavochki-i-skameyki/,/izgotovlenie-na-zakaz/,/izgotovlenie-na-zakaz/,true,true,internal,pass,
/ulichnaya-mebel/lavochki-i-skameyki/,/vypolnennye-obekty/,/vypolnennye-obekty/,true,true,internal,pass,
/ulichnaya-mebel/lavochki-i-skameyki/,/o-nas/,/o-nas/,true,true,internal,pass,
/ulichnaya-mebel/lavochki-i-skameyki/,/kontakty/,/kontakty/,true,true,internal,pass,
/ulichnaya-mebel/lavochki-i-skameyki/,/vakansii/,/vakansii/,true,true,internal,pass,
/ulichnaya-mebel/lavochki-i-skameyki/,#contact,/ulichnaya-mebel/lavochki-i-skameyki/,true,true,anchor,pass,
/ulichnaya-mebel/lavochki-i-skameyki/,tel:+79129735006,,true,true,tel,pass,
/ulichnaya-mebel/lavochki-i-skameyki/,tel:+79125799665,,true,true,tel,pass,
/ulichnaya-mebel/lavochki-i-skameyki/,https://t.me/smu1build,,true,true,external,pass,
/ulichnaya-mebel/lavochki-i-skameyki/,mailto:smu1.kurgan@yandex.ru,,true,true,mailto,pass,
/ulichnaya-mebel/lavochki-i-skameyki/,/politika-konfidencialnosti/,/politika-konfidencialnosti/,true,true,internal,pass,
/ulichnaya-mebel/lavochki-i-skameyki/,/politika-konfidencialnosti/,/politika-konfidencialnosti/,true,true,internal,pass,
/ulichnaya-mebel/malye-elementy/,#main-content,/ulichnaya-mebel/malye-elementy/,true,true,anchor,pass,
/ulichnaya-mebel/malye-elementy/,/,/,true,true,internal,pass,
/ulichnaya-mebel/malye-elementy/,/ulichnaya-mebel/,/ulichnaya-mebel/,true,true,internal,pass,
/ulichnaya-mebel/malye-elementy/,/ograzhdeniya-i-zabory/,/ograzhdeniya-i-zabory/,true,true,internal,pass,
/ulichnaya-mebel/malye-elementy/,/navesy-i-kozyrki/,/navesy-i-kozyrki/,true,true,internal,pass,
/ulichnaya-mebel/malye-elementy/,/topiarii/,/topiarii/,true,true,internal,pass,
/ulichnaya-mebel/malye-elementy/,/izgotovlenie-na-zakaz/,/izgotovlenie-na-zakaz/,true,true,internal,pass,
/ulichnaya-mebel/malye-elementy/,/metallokonstruktsii-dlya-biznesa/,/metallokonstruktsii-dlya-biznesa/,true,true,internal,pass,
/ulichnaya-mebel/malye-elementy/,/blagoustroystvo-territoriy/,/blagoustroystvo-territoriy/,true,true,internal,pass,
/ulichnaya-mebel/malye-elementy/,/stroitelstvo-i-remonty/,/stroitelstvo-i-remonty/,true,true,internal,pass,
/ulichnaya-mebel/malye-elementy/,/vypolnennye-obekty/,/vypolnennye-obekty/,true,true,internal,pass,
/ulichnaya-mebel/malye-elementy/,/o-nas/,/o-nas/,true,true,internal,pass,
/ulichnaya-mebel/malye-elementy/,/kontakty/,/kontakty/,true,true,internal,pass,
/ulichnaya-mebel/malye-elementy/,/vakansii/,/vakansii/,true,true,internal,pass,
/ulichnaya-mebel/malye-elementy/,tel:+79129735006,,true,true,tel,pass,
/ulichnaya-mebel/malye-elementy/,https://t.me/smu1build,,true,true,external,pass,
/ulichnaya-mebel/malye-elementy/,#contact,/ulichnaya-mebel/malye-elementy/,true,true,anchor,pass,
/ulichnaya-mebel/malye-elementy/,/,/,true,true,internal,pass,
/ulichnaya-mebel/malye-elementy/,#contact,/ulichnaya-mebel/malye-elementy/,true,true,anchor,pass,
/ulichnaya-mebel/malye-elementy/,/ulichnaya-mebel/,/ulichnaya-mebel/,true,true,internal,pass,
/ulichnaya-mebel/malye-elementy/,/ograzhdeniya-i-zabory/,/ograzhdeniya-i-zabory/,true,true,internal,pass,
/ulichnaya-mebel/malye-elementy/,/navesy-i-kozyrki/,/navesy-i-kozyrki/,true,true,internal,pass,
/ulichnaya-mebel/malye-elementy/,/topiarii/,/topiarii/,true,true,internal,pass,
/ulichnaya-mebel/malye-elementy/,/metallokonstruktsii-dlya-biznesa/,/metallokonstruktsii-dlya-biznesa/,true,true,internal,pass,
/ulichnaya-mebel/malye-elementy/,/blagoustroystvo-territoriy/,/blagoustroystvo-territoriy/,true,true,internal,pass,
/ulichnaya-mebel/malye-elementy/,/stroitelstvo-i-remonty/,/stroitelstvo-i-remonty/,true,true,internal,pass,
/ulichnaya-mebel/malye-elementy/,/izgotovlenie-na-zakaz/,/izgotovlenie-na-zakaz/,true,true,internal,pass,
/ulichnaya-mebel/malye-elementy/,/vypolnennye-obekty/,/vypolnennye-obekty/,true,true,internal,pass,
/ulichnaya-mebel/malye-elementy/,/o-nas/,/o-nas/,true,true,internal,pass,
/ulichnaya-mebel/malye-elementy/,/kontakty/,/kontakty/,true,true,internal,pass,
/ulichnaya-mebel/malye-elementy/,/vakansii/,/vakansii/,true,true,internal,pass,
/ulichnaya-mebel/malye-elementy/,tel:+79129735006,,true,true,tel,pass,
/ulichnaya-mebel/malye-elementy/,tel:+79125799665,,true,true,tel,pass,
/ulichnaya-mebel/malye-elementy/,https://t.me/smu1build,,true,true,external,pass,
/ulichnaya-mebel/malye-elementy/,mailto:smu1.kurgan@yandex.ru,,true,true,mailto,pass,
/ulichnaya-mebel/malye-elementy/,/,/,true,true,internal,pass,
/ulichnaya-mebel/malye-elementy/,/ulichnaya-mebel/,/ulichnaya-mebel/,true,true,internal,pass,
/ulichnaya-mebel/malye-elementy/,#product-grid,/ulichnaya-mebel/malye-elementy/,true,true,anchor,pass,
/ulichnaya-mebel/malye-elementy/,#contact,/ulichnaya-mebel/malye-elementy/,true,true,anchor,pass,
/ulichnaya-mebel/malye-elementy/,/ulichnaya-mebel/malye-elementy/sidenie-pilon/,/ulichnaya-mebel/malye-elementy/sidenie-pilon/,true,true,internal,pass,
/ulichnaya-mebel/malye-elementy/,/ulichnaya-mebel/malye-elementy/sidenie-kub/,/ulichnaya-mebel/malye-elementy/sidenie-kub/,true,true,internal,pass,
/ulichnaya-mebel/malye-elementy/,/izgotovlenie-na-zakaz/,/izgotovlenie-na-zakaz/,true,true,internal,pass,
/ulichnaya-mebel/malye-elementy/,https://t.me/smu1build,,true,true,external,pass,
/ulichnaya-mebel/malye-elementy/,/izgotovlenie-na-zakaz/,/izgotovlenie-na-zakaz/,true,true,internal,pass,
/ulichnaya-mebel/malye-elementy/,tel:+79129735006,,true,true,tel,pass,
/ulichnaya-mebel/malye-elementy/,https://t.me/smu1build,,true,true,external,pass,
/ulichnaya-mebel/malye-elementy/,mailto:smu1.kurgan@yandex.ru,,true,true,mailto,pass,
/ulichnaya-mebel/malye-elementy/,/kontakty/,/kontakty/,true,true,internal,pass,
/ulichnaya-mebel/malye-elementy/,/,/,true,true,internal,pass,
/ulichnaya-mebel/malye-elementy/,/ulichnaya-mebel/,/ulichnaya-mebel/,true,true,internal,pass,
/ulichnaya-mebel/malye-elementy/,/ograzhdeniya-i-zabory/,/ograzhdeniya-i-zabory/,true,true,internal,pass,
/ulichnaya-mebel/malye-elementy/,/navesy-i-kozyrki/,/navesy-i-kozyrki/,true,true,internal,pass,
/ulichnaya-mebel/malye-elementy/,/metallokonstruktsii-dlya-biznesa/,/metallokonstruktsii-dlya-biznesa/,true,true,internal,pass,
/ulichnaya-mebel/malye-elementy/,/topiarii/,/topiarii/,true,true,internal,pass,
/ulichnaya-mebel/malye-elementy/,/blagoustroystvo-territoriy/,/blagoustroystvo-territoriy/,true,true,internal,pass,
/ulichnaya-mebel/malye-elementy/,/stroitelstvo-i-remonty/,/stroitelstvo-i-remonty/,true,true,internal,pass,
/ulichnaya-mebel/malye-elementy/,/ulichnaya-mebel/,/ulichnaya-mebel/,true,true,internal,pass,
/ulichnaya-mebel/malye-elementy/,/ograzhdeniya-i-zabory/,/ograzhdeniya-i-zabory/,true,true,internal,pass,
/ulichnaya-mebel/malye-elementy/,/navesy-i-kozyrki/,/navesy-i-kozyrki/,true,true,internal,pass,
/ulichnaya-mebel/malye-elementy/,/metallokonstruktsii-dlya-biznesa/,/metallokonstruktsii-dlya-biznesa/,true,true,internal,pass,
/ulichnaya-mebel/malye-elementy/,/topiarii/,/topiarii/,true,true,internal,pass,
/ulichnaya-mebel/malye-elementy/,/blagoustroystvo-territoriy/,/blagoustroystvo-territoriy/,true,true,internal,pass,
/ulichnaya-mebel/malye-elementy/,/stroitelstvo-i-remonty/,/stroitelstvo-i-remonty/,true,true,internal,pass,
/ulichnaya-mebel/malye-elementy/,/izgotovlenie-na-zakaz/,/izgotovlenie-na-zakaz/,true,true,internal,pass,
/ulichnaya-mebel/malye-elementy/,/vypolnennye-obekty/,/vypolnennye-obekty/,true,true,internal,pass,
/ulichnaya-mebel/malye-elementy/,/o-nas/,/o-nas/,true,true,internal,pass,
/ulichnaya-mebel/malye-elementy/,/kontakty/,/kontakty/,true,true,internal,pass,
/ulichnaya-mebel/malye-elementy/,/vakansii/,/vakansii/,true,true,internal,pass,
/ulichnaya-mebel/malye-elementy/,/izgotovlenie-na-zakaz/,/izgotovlenie-na-zakaz/,true,true,internal,pass,
/ulichnaya-mebel/malye-elementy/,/vypolnennye-obekty/,/vypolnennye-obekty/,true,true,internal,pass,
/ulichnaya-mebel/malye-elementy/,/o-nas/,/o-nas/,true,true,internal,pass,
/ulichnaya-mebel/malye-elementy/,/kontakty/,/kontakty/,true,true,internal,pass,
/ulichnaya-mebel/malye-elementy/,/vakansii/,/vakansii/,true,true,internal,pass,
/ulichnaya-mebel/malye-elementy/,#contact,/ulichnaya-mebel/malye-elementy/,true,true,anchor,pass,
/ulichnaya-mebel/malye-elementy/,tel:+79129735006,,true,true,tel,pass,
/ulichnaya-mebel/malye-elementy/,tel:+79125799665,,true,true,tel,pass,
/ulichnaya-mebel/malye-elementy/,https://t.me/smu1build,,true,true,external,pass,
/ulichnaya-mebel/malye-elementy/,mailto:smu1.kurgan@yandex.ru,,true,true,mailto,pass,
/ulichnaya-mebel/malye-elementy/,/politika-konfidencialnosti/,/politika-konfidencialnosti/,true,true,internal,pass,
/ulichnaya-mebel/malye-elementy/,/politika-konfidencialnosti/,/politika-konfidencialnosti/,true,true,internal,pass,
/ulichnaya-mebel/navesy/,#main-content,/ulichnaya-mebel/navesy/,true,true,anchor,pass,
/ulichnaya-mebel/navesy/,/,/,true,true,internal,pass,
/ulichnaya-mebel/navesy/,/ulichnaya-mebel/,/ulichnaya-mebel/,true,true,internal,pass,
/ulichnaya-mebel/navesy/,/ograzhdeniya-i-zabory/,/ograzhdeniya-i-zabory/,true,true,internal,pass,
/ulichnaya-mebel/navesy/,/navesy-i-kozyrki/,/navesy-i-kozyrki/,true,true,internal,pass,
/ulichnaya-mebel/navesy/,/topiarii/,/topiarii/,true,true,internal,pass,
/ulichnaya-mebel/navesy/,/izgotovlenie-na-zakaz/,/izgotovlenie-na-zakaz/,true,true,internal,pass,
/ulichnaya-mebel/navesy/,/metallokonstruktsii-dlya-biznesa/,/metallokonstruktsii-dlya-biznesa/,true,true,internal,pass,
/ulichnaya-mebel/navesy/,/blagoustroystvo-territoriy/,/blagoustroystvo-territoriy/,true,true,internal,pass,
/ulichnaya-mebel/navesy/,/stroitelstvo-i-remonty/,/stroitelstvo-i-remonty/,true,true,internal,pass,
/ulichnaya-mebel/navesy/,/vypolnennye-obekty/,/vypolnennye-obekty/,true,true,internal,pass,
/ulichnaya-mebel/navesy/,/o-nas/,/o-nas/,true,true,internal,pass,
/ulichnaya-mebel/navesy/,/kontakty/,/kontakty/,true,true,internal,pass,
/ulichnaya-mebel/navesy/,/vakansii/,/vakansii/,true,true,internal,pass,
/ulichnaya-mebel/navesy/,tel:+79129735006,,true,true,tel,pass,
/ulichnaya-mebel/navesy/,https://t.me/smu1build,,true,true,external,pass,
/ulichnaya-mebel/navesy/,#contact,/ulichnaya-mebel/navesy/,true,true,anchor,pass,
/ulichnaya-mebel/navesy/,/,/,true,true,internal,pass,
/ulichnaya-mebel/navesy/,#contact,/ulichnaya-mebel/navesy/,true,true,anchor,pass,
/ulichnaya-mebel/navesy/,/ulichnaya-mebel/,/ulichnaya-mebel/,true,true,internal,pass,
/ulichnaya-mebel/navesy/,/ograzhdeniya-i-zabory/,/ograzhdeniya-i-zabory/,true,true,internal,pass,
/ulichnaya-mebel/navesy/,/navesy-i-kozyrki/,/navesy-i-kozyrki/,true,true,internal,pass,
/ulichnaya-mebel/navesy/,/topiarii/,/topiarii/,true,true,internal,pass,
/ulichnaya-mebel/navesy/,/metallokonstruktsii-dlya-biznesa/,/metallokonstruktsii-dlya-biznesa/,true,true,internal,pass,
/ulichnaya-mebel/navesy/,/blagoustroystvo-territoriy/,/blagoustroystvo-territoriy/,true,true,internal,pass,
/ulichnaya-mebel/navesy/,/stroitelstvo-i-remonty/,/stroitelstvo-i-remonty/,true,true,internal,pass,
/ulichnaya-mebel/navesy/,/izgotovlenie-na-zakaz/,/izgotovlenie-na-zakaz/,true,true,internal,pass,
/ulichnaya-mebel/navesy/,/vypolnennye-obekty/,/vypolnennye-obekty/,true,true,internal,pass,
/ulichnaya-mebel/navesy/,/o-nas/,/o-nas/,true,true,internal,pass,
/ulichnaya-mebel/navesy/,/kontakty/,/kontakty/,true,true,internal,pass,
/ulichnaya-mebel/navesy/,/vakansii/,/vakansii/,true,true,internal,pass,
/ulichnaya-mebel/navesy/,tel:+79129735006,,true,true,tel,pass,
/ulichnaya-mebel/navesy/,tel:+79125799665,,true,true,tel,pass,
/ulichnaya-mebel/navesy/,https://t.me/smu1build,,true,true,external,pass,
/ulichnaya-mebel/navesy/,mailto:smu1.kurgan@yandex.ru,,true,true,mailto,pass,
/ulichnaya-mebel/navesy/,/,/,true,true,internal,pass,
/ulichnaya-mebel/navesy/,/ulichnaya-mebel/,/ulichnaya-mebel/,true,true,internal,pass,
/ulichnaya-mebel/navesy/,#product-grid,/ulichnaya-mebel/navesy/,true,true,anchor,pass,
/ulichnaya-mebel/navesy/,#contact,/ulichnaya-mebel/navesy/,true,true,anchor,pass,
/ulichnaya-mebel/navesy/,/ulichnaya-mebel/navesy/ekran-s-navesom/,/ulichnaya-mebel/navesy/ekran-s-navesom/,true,true,internal,pass,
/ulichnaya-mebel/navesy/,/ulichnaya-mebel/navesy/naves-terra/,/ulichnaya-mebel/navesy/naves-terra/,true,true,internal,pass,
/ulichnaya-mebel/navesy/,/ulichnaya-mebel/navesy/naves-galereya/,/ulichnaya-mebel/navesy/naves-galereya/,true,true,internal,pass,
/ulichnaya-mebel/navesy/,/izgotovlenie-na-zakaz/,/izgotovlenie-na-zakaz/,true,true,internal,pass,
/ulichnaya-mebel/navesy/,https://t.me/smu1build,,true,true,external,pass,
/ulichnaya-mebel/navesy/,/izgotovlenie-na-zakaz/,/izgotovlenie-na-zakaz/,true,true,internal,pass,
/ulichnaya-mebel/navesy/,tel:+79129735006,,true,true,tel,pass,
/ulichnaya-mebel/navesy/,https://t.me/smu1build,,true,true,external,pass,
/ulichnaya-mebel/navesy/,mailto:smu1.kurgan@yandex.ru,,true,true,mailto,pass,
/ulichnaya-mebel/navesy/,/kontakty/,/kontakty/,true,true,internal,pass,
/ulichnaya-mebel/navesy/,/,/,true,true,internal,pass,
/ulichnaya-mebel/navesy/,/ulichnaya-mebel/,/ulichnaya-mebel/,true,true,internal,pass,
/ulichnaya-mebel/navesy/,/ograzhdeniya-i-zabory/,/ograzhdeniya-i-zabory/,true,true,internal,pass,
/ulichnaya-mebel/navesy/,/navesy-i-kozyrki/,/navesy-i-kozyrki/,true,true,internal,pass,
/ulichnaya-mebel/navesy/,/metallokonstruktsii-dlya-biznesa/,/metallokonstruktsii-dlya-biznesa/,true,true,internal,pass,
/ulichnaya-mebel/navesy/,/topiarii/,/topiarii/,true,true,internal,pass,
/ulichnaya-mebel/navesy/,/blagoustroystvo-territoriy/,/blagoustroystvo-territoriy/,true,true,internal,pass,
/ulichnaya-mebel/navesy/,/stroitelstvo-i-remonty/,/stroitelstvo-i-remonty/,true,true,internal,pass,
/ulichnaya-mebel/navesy/,/ulichnaya-mebel/,/ulichnaya-mebel/,true,true,internal,pass,
/ulichnaya-mebel/navesy/,/ograzhdeniya-i-zabory/,/ograzhdeniya-i-zabory/,true,true,internal,pass,
/ulichnaya-mebel/navesy/,/navesy-i-kozyrki/,/navesy-i-kozyrki/,true,true,internal,pass,
/ulichnaya-mebel/navesy/,/metallokonstruktsii-dlya-biznesa/,/metallokonstruktsii-dlya-biznesa/,true,true,internal,pass,
/ulichnaya-mebel/navesy/,/topiarii/,/topiarii/,true,true,internal,pass,
/ulichnaya-mebel/navesy/,/blagoustroystvo-territoriy/,/blagoustroystvo-territoriy/,true,true,internal,pass,
/ulichnaya-mebel/navesy/,/stroitelstvo-i-remonty/,/stroitelstvo-i-remonty/,true,true,internal,pass,
/ulichnaya-mebel/navesy/,/izgotovlenie-na-zakaz/,/izgotovlenie-na-zakaz/,true,true,internal,pass,
/ulichnaya-mebel/navesy/,/vypolnennye-obekty/,/vypolnennye-obekty/,true,true,internal,pass,
/ulichnaya-mebel/navesy/,/o-nas/,/o-nas/,true,true,internal,pass,
/ulichnaya-mebel/navesy/,/kontakty/,/kontakty/,true,true,internal,pass,
/ulichnaya-mebel/navesy/,/vakansii/,/vakansii/,true,true,internal,pass,
/ulichnaya-mebel/navesy/,/izgotovlenie-na-zakaz/,/izgotovlenie-na-zakaz/,true,true,internal,pass,
/ulichnaya-mebel/navesy/,/vypolnennye-obekty/,/vypolnennye-obekty/,true,true,internal,pass,
/ulichnaya-mebel/navesy/,/o-nas/,/o-nas/,true,true,internal,pass,
/ulichnaya-mebel/navesy/,/kontakty/,/kontakty/,true,true,internal,pass,
/ulichnaya-mebel/navesy/,/vakansii/,/vakansii/,true,true,internal,pass,
/ulichnaya-mebel/navesy/,#contact,/ulichnaya-mebel/navesy/,true,true,anchor,pass,
/ulichnaya-mebel/navesy/,tel:+79129735006,,true,true,tel,pass,
/ulichnaya-mebel/navesy/,tel:+79125799665,,true,true,tel,pass,
/ulichnaya-mebel/navesy/,https://t.me/smu1build,,true,true,external,pass,
/ulichnaya-mebel/navesy/,mailto:smu1.kurgan@yandex.ru,,true,true,mailto,pass,
/ulichnaya-mebel/navesy/,/politika-konfidencialnosti/,/politika-konfidencialnosti/,true,true,internal,pass,
/ulichnaya-mebel/navesy/,/politika-konfidencialnosti/,/politika-konfidencialnosti/,true,true,internal,pass,
/ograzhdeniya-i-zabory/ograzhdeniya-kontejnernyh-ploshchadok/,#main-content,/ograzhdeniya-i-zabory/ograzhdeniya-kontejnernyh-ploshchadok/,true,true,anchor,pass,
/ograzhdeniya-i-zabory/ograzhdeniya-kontejnernyh-ploshchadok/,/,/,true,true,internal,pass,
/ograzhdeniya-i-zabory/ograzhdeniya-kontejnernyh-ploshchadok/,/ulichnaya-mebel/,/ulichnaya-mebel/,true,true,internal,pass,
/ograzhdeniya-i-zabory/ograzhdeniya-kontejnernyh-ploshchadok/,/ograzhdeniya-i-zabory/,/ograzhdeniya-i-zabory/,true,true,internal,pass,
/ograzhdeniya-i-zabory/ograzhdeniya-kontejnernyh-ploshchadok/,/navesy-i-kozyrki/,/navesy-i-kozyrki/,true,true,internal,pass,
/ograzhdeniya-i-zabory/ograzhdeniya-kontejnernyh-ploshchadok/,/topiarii/,/topiarii/,true,true,internal,pass,
/ograzhdeniya-i-zabory/ograzhdeniya-kontejnernyh-ploshchadok/,/izgotovlenie-na-zakaz/,/izgotovlenie-na-zakaz/,true,true,internal,pass,
/ograzhdeniya-i-zabory/ograzhdeniya-kontejnernyh-ploshchadok/,/metallokonstruktsii-dlya-biznesa/,/metallokonstruktsii-dlya-biznesa/,true,true,internal,pass,
/ograzhdeniya-i-zabory/ograzhdeniya-kontejnernyh-ploshchadok/,/blagoustroystvo-territoriy/,/blagoustroystvo-territoriy/,true,true,internal,pass,
/ograzhdeniya-i-zabory/ograzhdeniya-kontejnernyh-ploshchadok/,/stroitelstvo-i-remonty/,/stroitelstvo-i-remonty/,true,true,internal,pass,
/ograzhdeniya-i-zabory/ograzhdeniya-kontejnernyh-ploshchadok/,/vypolnennye-obekty/,/vypolnennye-obekty/,true,true,internal,pass,
/ograzhdeniya-i-zabory/ograzhdeniya-kontejnernyh-ploshchadok/,/o-nas/,/o-nas/,true,true,internal,pass,
/ograzhdeniya-i-zabory/ograzhdeniya-kontejnernyh-ploshchadok/,/kontakty/,/kontakty/,true,true,internal,pass,
/ograzhdeniya-i-zabory/ograzhdeniya-kontejnernyh-ploshchadok/,/vakansii/,/vakansii/,true,true,internal,pass,
/ograzhdeniya-i-zabory/ograzhdeniya-kontejnernyh-ploshchadok/,tel:+79129735006,,true,true,tel,pass,
/ograzhdeniya-i-zabory/ograzhdeniya-kontejnernyh-ploshchadok/,https://t.me/smu1build,,true,true,external,pass,
/ograzhdeniya-i-zabory/ograzhdeniya-kontejnernyh-ploshchadok/,#contact,/ograzhdeniya-i-zabory/ograzhdeniya-kontejnernyh-ploshchadok/,true,true,anchor,pass,
/ograzhdeniya-i-zabory/ograzhdeniya-kontejnernyh-ploshchadok/,/,/,true,true,internal,pass,
/ograzhdeniya-i-zabory/ograzhdeniya-kontejnernyh-ploshchadok/,#contact,/ograzhdeniya-i-zabory/ograzhdeniya-kontejnernyh-ploshchadok/,true,true,anchor,pass,
/ograzhdeniya-i-zabory/ograzhdeniya-kontejnernyh-ploshchadok/,/ulichnaya-mebel/,/ulichnaya-mebel/,true,true,internal,pass,
/ograzhdeniya-i-zabory/ograzhdeniya-kontejnernyh-ploshchadok/,/ograzhdeniya-i-zabory/,/ograzhdeniya-i-zabory/,true,true,internal,pass,
/ograzhdeniya-i-zabory/ograzhdeniya-kontejnernyh-ploshchadok/,/navesy-i-kozyrki/,/navesy-i-kozyrki/,true,true,internal,pass,
/ograzhdeniya-i-zabory/ograzhdeniya-kontejnernyh-ploshchadok/,/topiarii/,/topiarii/,true,true,internal,pass,
/ograzhdeniya-i-zabory/ograzhdeniya-kontejnernyh-ploshchadok/,/metallokonstruktsii-dlya-biznesa/,/metallokonstruktsii-dlya-biznesa/,true,true,internal,pass,
/ograzhdeniya-i-zabory/ograzhdeniya-kontejnernyh-ploshchadok/,/blagoustroystvo-territoriy/,/blagoustroystvo-territoriy/,true,true,internal,pass,
/ograzhdeniya-i-zabory/ograzhdeniya-kontejnernyh-ploshchadok/,/stroitelstvo-i-remonty/,/stroitelstvo-i-remonty/,true,true,internal,pass,
/ograzhdeniya-i-zabory/ograzhdeniya-kontejnernyh-ploshchadok/,/izgotovlenie-na-zakaz/,/izgotovlenie-na-zakaz/,true,true,internal,pass,
/ograzhdeniya-i-zabory/ograzhdeniya-kontejnernyh-ploshchadok/,/vypolnennye-obekty/,/vypolnennye-obekty/,true,true,internal,pass,
/ograzhdeniya-i-zabory/ograzhdeniya-kontejnernyh-ploshchadok/,/o-nas/,/o-nas/,true,true,internal,pass,
/ograzhdeniya-i-zabory/ograzhdeniya-kontejnernyh-ploshchadok/,/kontakty/,/kontakty/,true,true,internal,pass,
/ograzhdeniya-i-zabory/ograzhdeniya-kontejnernyh-ploshchadok/,/vakansii/,/vakansii/,true,true,internal,pass,
/ograzhdeniya-i-zabory/ograzhdeniya-kontejnernyh-ploshchadok/,tel:+79129735006,,true,true,tel,pass,
/ograzhdeniya-i-zabory/ograzhdeniya-kontejnernyh-ploshchadok/,tel:+79125799665,,true,true,tel,pass,
/ograzhdeniya-i-zabory/ograzhdeniya-kontejnernyh-ploshchadok/,https://t.me/smu1build,,true,true,external,pass,
/ograzhdeniya-i-zabory/ograzhdeniya-kontejnernyh-ploshchadok/,mailto:smu1.kurgan@yandex.ru,,true,true,mailto,pass,
/ograzhdeniya-i-zabory/ograzhdeniya-kontejnernyh-ploshchadok/,/,/,true,true,internal,pass,
/ograzhdeniya-i-zabory/ograzhdeniya-kontejnernyh-ploshchadok/,/ograzhdeniya-i-zabory/,/ograzhdeniya-i-zabory/,true,true,internal,pass,
/ograzhdeniya-i-zabory/ograzhdeniya-kontejnernyh-ploshchadok/,#product-grid,/ograzhdeniya-i-zabory/ograzhdeniya-kontejnernyh-ploshchadok/,true,true,anchor,pass,
/ograzhdeniya-i-zabory/ograzhdeniya-kontejnernyh-ploshchadok/,#contact,/ograzhdeniya-i-zabory/ograzhdeniya-kontejnernyh-ploshchadok/,true,true,anchor,pass,
/ograzhdeniya-i-zabory/ograzhdeniya-kontejnernyh-ploshchadok/,/ograzhdeniya-i-zabory/ograzhdeniya-kontejnernyh-ploshchadok/konteynernaya-ploshchadka-modul/,/ograzhdeniya-i-zabory/ograzhdeniya-kontejnernyh-ploshchadok/konteynernaya-ploshchadka-modul/,true,true,internal,pass,
/ograzhdeniya-i-zabory/ograzhdeniya-kontejnernyh-ploshchadok/,/ograzhdeniya-i-zabory/ograzhdeniya-kontejnernyh-ploshchadok/konteynernaya-ploshchadka-zakrytaya/,/ograzhdeniya-i-zabory/ograzhdeniya-kontejnernyh-ploshchadok/konteynernaya-ploshchadka-zakrytaya/,true,true,internal,pass,
/ograzhdeniya-i-zabory/ograzhdeniya-kontejnernyh-ploshchadok/,/ograzhdeniya-i-zabory/ograzhdeniya-kontejnernyh-ploshchadok/konteynernaya-ploshchadka-duo/,/ograzhdeniya-i-zabory/ograzhdeniya-kontejnernyh-ploshchadok/konteynernaya-ploshchadka-duo/,true,true,internal,pass,
/ograzhdeniya-i-zabory/ograzhdeniya-kontejnernyh-ploshchadok/,/izgotovlenie-na-zakaz/,/izgotovlenie-na-zakaz/,true,true,internal,pass,
/ograzhdeniya-i-zabory/ograzhdeniya-kontejnernyh-ploshchadok/,https://t.me/smu1build,,true,true,external,pass,
/ograzhdeniya-i-zabory/ograzhdeniya-kontejnernyh-ploshchadok/,/izgotovlenie-na-zakaz/,/izgotovlenie-na-zakaz/,true,true,internal,pass,
/ograzhdeniya-i-zabory/ograzhdeniya-kontejnernyh-ploshchadok/,tel:+79129735006,,true,true,tel,pass,
/ograzhdeniya-i-zabory/ograzhdeniya-kontejnernyh-ploshchadok/,https://t.me/smu1build,,true,true,external,pass,
/ograzhdeniya-i-zabory/ograzhdeniya-kontejnernyh-ploshchadok/,mailto:smu1.kurgan@yandex.ru,,true,true,mailto,pass,
/ograzhdeniya-i-zabory/ograzhdeniya-kontejnernyh-ploshchadok/,/kontakty/,/kontakty/,true,true,internal,pass,
/ograzhdeniya-i-zabory/ograzhdeniya-kontejnernyh-ploshchadok/,/,/,true,true,internal,pass,
/ograzhdeniya-i-zabory/ograzhdeniya-kontejnernyh-ploshchadok/,/ulichnaya-mebel/,/ulichnaya-mebel/,true,true,internal,pass,
/ograzhdeniya-i-zabory/ograzhdeniya-kontejnernyh-ploshchadok/,/ograzhdeniya-i-zabory/,/ograzhdeniya-i-zabory/,true,true,internal,pass,
/ograzhdeniya-i-zabory/ograzhdeniya-kontejnernyh-ploshchadok/,/navesy-i-kozyrki/,/navesy-i-kozyrki/,true,true,internal,pass,
/ograzhdeniya-i-zabory/ograzhdeniya-kontejnernyh-ploshchadok/,/metallokonstruktsii-dlya-biznesa/,/metallokonstruktsii-dlya-biznesa/,true,true,internal,pass,
/ograzhdeniya-i-zabory/ograzhdeniya-kontejnernyh-ploshchadok/,/topiarii/,/topiarii/,true,true,internal,pass,
/ograzhdeniya-i-zabory/ograzhdeniya-kontejnernyh-ploshchadok/,/blagoustroystvo-territoriy/,/blagoustroystvo-territoriy/,true,true,internal,pass,
/ograzhdeniya-i-zabory/ograzhdeniya-kontejnernyh-ploshchadok/,/stroitelstvo-i-remonty/,/stroitelstvo-i-remonty/,true,true,internal,pass,
/ograzhdeniya-i-zabory/ograzhdeniya-kontejnernyh-ploshchadok/,/ulichnaya-mebel/,/ulichnaya-mebel/,true,true,internal,pass,
/ograzhdeniya-i-zabory/ograzhdeniya-kontejnernyh-ploshchadok/,/ograzhdeniya-i-zabory/,/ograzhdeniya-i-zabory/,true,true,internal,pass,
/ograzhdeniya-i-zabory/ograzhdeniya-kontejnernyh-ploshchadok/,/navesy-i-kozyrki/,/navesy-i-kozyrki/,true,true,internal,pass,
/ograzhdeniya-i-zabory/ograzhdeniya-kontejnernyh-ploshchadok/,/metallokonstruktsii-dlya-biznesa/,/metallokonstruktsii-dlya-biznesa/,true,true,internal,pass,
/ograzhdeniya-i-zabory/ograzhdeniya-kontejnernyh-ploshchadok/,/topiarii/,/topiarii/,true,true,internal,pass,
/ograzhdeniya-i-zabory/ograzhdeniya-kontejnernyh-ploshchadok/,/blagoustroystvo-territoriy/,/blagoustroystvo-territoriy/,true,true,internal,pass,
/ograzhdeniya-i-zabory/ograzhdeniya-kontejnernyh-ploshchadok/,/stroitelstvo-i-remonty/,/stroitelstvo-i-remonty/,true,true,internal,pass,
/ograzhdeniya-i-zabory/ograzhdeniya-kontejnernyh-ploshchadok/,/izgotovlenie-na-zakaz/,/izgotovlenie-na-zakaz/,true,true,internal,pass,
/ograzhdeniya-i-zabory/ograzhdeniya-kontejnernyh-ploshchadok/,/vypolnennye-obekty/,/vypolnennye-obekty/,true,true,internal,pass,
/ograzhdeniya-i-zabory/ograzhdeniya-kontejnernyh-ploshchadok/,/o-nas/,/o-nas/,true,true,internal,pass,
/ograzhdeniya-i-zabory/ograzhdeniya-kontejnernyh-ploshchadok/,/kontakty/,/kontakty/,true,true,internal,pass,
/ograzhdeniya-i-zabory/ograzhdeniya-kontejnernyh-ploshchadok/,/vakansii/,/vakansii/,true,true,internal,pass,
/ograzhdeniya-i-zabory/ograzhdeniya-kontejnernyh-ploshchadok/,/izgotovlenie-na-zakaz/,/izgotovlenie-na-zakaz/,true,true,internal,pass,
/ograzhdeniya-i-zabory/ograzhdeniya-kontejnernyh-ploshchadok/,/vypolnennye-obekty/,/vypolnennye-obekty/,true,true,internal,pass,
/ograzhdeniya-i-zabory/ograzhdeniya-kontejnernyh-ploshchadok/,/o-nas/,/o-nas/,true,true,internal,pass,
/ograzhdeniya-i-zabory/ograzhdeniya-kontejnernyh-ploshchadok/,/kontakty/,/kontakty/,true,true,internal,pass,
/ograzhdeniya-i-zabory/ograzhdeniya-kontejnernyh-ploshchadok/,/vakansii/,/vakansii/,true,true,internal,pass,
/ograzhdeniya-i-zabory/ograzhdeniya-kontejnernyh-ploshchadok/,#contact,/ograzhdeniya-i-zabory/ograzhdeniya-kontejnernyh-ploshchadok/,true,true,anchor,pass,
/ograzhdeniya-i-zabory/ograzhdeniya-kontejnernyh-ploshchadok/,tel:+79129735006,,true,true,tel,pass,
/ograzhdeniya-i-zabory/ograzhdeniya-kontejnernyh-ploshchadok/,tel:+79125799665,,true,true,tel,pass,
/ograzhdeniya-i-zabory/ograzhdeniya-kontejnernyh-ploshchadok/,https://t.me/smu1build,,true,true,external,pass,
/ograzhdeniya-i-zabory/ograzhdeniya-kontejnernyh-ploshchadok/,mailto:smu1.kurgan@yandex.ru,,true,true,mailto,pass,
/ograzhdeniya-i-zabory/ograzhdeniya-kontejnernyh-ploshchadok/,/politika-konfidencialnosti/,/politika-konfidencialnosti/,true,true,internal,pass,
/ograzhdeniya-i-zabory/ograzhdeniya-kontejnernyh-ploshchadok/,/politika-konfidencialnosti/,/politika-konfidencialnosti/,true,true,internal,pass,
/ograzhdeniya-i-zabory/perila-i-poruchni/,#main-content,/ograzhdeniya-i-zabory/perila-i-poruchni/,true,true,anchor,pass,
/ograzhdeniya-i-zabory/perila-i-poruchni/,/,/,true,true,internal,pass,
/ograzhdeniya-i-zabory/perila-i-poruchni/,/ulichnaya-mebel/,/ulichnaya-mebel/,true,true,internal,pass,
/ograzhdeniya-i-zabory/perila-i-poruchni/,/ograzhdeniya-i-zabory/,/ograzhdeniya-i-zabory/,true,true,internal,pass,
/ograzhdeniya-i-zabory/perila-i-poruchni/,/navesy-i-kozyrki/,/navesy-i-kozyrki/,true,true,internal,pass,
/ograzhdeniya-i-zabory/perila-i-poruchni/,/topiarii/,/topiarii/,true,true,internal,pass,
/ograzhdeniya-i-zabory/perila-i-poruchni/,/izgotovlenie-na-zakaz/,/izgotovlenie-na-zakaz/,true,true,internal,pass,
/ograzhdeniya-i-zabory/perila-i-poruchni/,/metallokonstruktsii-dlya-biznesa/,/metallokonstruktsii-dlya-biznesa/,true,true,internal,pass,
/ograzhdeniya-i-zabory/perila-i-poruchni/,/blagoustroystvo-territoriy/,/blagoustroystvo-territoriy/,true,true,internal,pass,
/ograzhdeniya-i-zabory/perila-i-poruchni/,/stroitelstvo-i-remonty/,/stroitelstvo-i-remonty/,true,true,internal,pass,
/ograzhdeniya-i-zabory/perila-i-poruchni/,/vypolnennye-obekty/,/vypolnennye-obekty/,true,true,internal,pass,
/ograzhdeniya-i-zabory/perila-i-poruchni/,/o-nas/,/o-nas/,true,true,internal,pass,
/ograzhdeniya-i-zabory/perila-i-poruchni/,/kontakty/,/kontakty/,true,true,internal,pass,
/ograzhdeniya-i-zabory/perila-i-poruchni/,/vakansii/,/vakansii/,true,true,internal,pass,
/ograzhdeniya-i-zabory/perila-i-poruchni/,tel:+79129735006,,true,true,tel,pass,
/ograzhdeniya-i-zabory/perila-i-poruchni/,https://t.me/smu1build,,true,true,external,pass,
/ograzhdeniya-i-zabory/perila-i-poruchni/,#contact,/ograzhdeniya-i-zabory/perila-i-poruchni/,true,true,anchor,pass,
/ograzhdeniya-i-zabory/perila-i-poruchni/,/,/,true,true,internal,pass,
/ograzhdeniya-i-zabory/perila-i-poruchni/,#contact,/ograzhdeniya-i-zabory/perila-i-poruchni/,true,true,anchor,pass,
/ograzhdeniya-i-zabory/perila-i-poruchni/,/ulichnaya-mebel/,/ulichnaya-mebel/,true,true,internal,pass,
/ograzhdeniya-i-zabory/perila-i-poruchni/,/ograzhdeniya-i-zabory/,/ograzhdeniya-i-zabory/,true,true,internal,pass,
/ograzhdeniya-i-zabory/perila-i-poruchni/,/navesy-i-kozyrki/,/navesy-i-kozyrki/,true,true,internal,pass,
/ograzhdeniya-i-zabory/perila-i-poruchni/,/topiarii/,/topiarii/,true,true,internal,pass,
/ograzhdeniya-i-zabory/perila-i-poruchni/,/metallokonstruktsii-dlya-biznesa/,/metallokonstruktsii-dlya-biznesa/,true,true,internal,pass,
/ograzhdeniya-i-zabory/perila-i-poruchni/,/blagoustroystvo-territoriy/,/blagoustroystvo-territoriy/,true,true,internal,pass,
/ograzhdeniya-i-zabory/perila-i-poruchni/,/stroitelstvo-i-remonty/,/stroitelstvo-i-remonty/,true,true,internal,pass,
/ograzhdeniya-i-zabory/perila-i-poruchni/,/izgotovlenie-na-zakaz/,/izgotovlenie-na-zakaz/,true,true,internal,pass,
/ograzhdeniya-i-zabory/perila-i-poruchni/,/vypolnennye-obekty/,/vypolnennye-obekty/,true,true,internal,pass,
/ograzhdeniya-i-zabory/perila-i-poruchni/,/o-nas/,/o-nas/,true,true,internal,pass,
/ograzhdeniya-i-zabory/perila-i-poruchni/,/kontakty/,/kontakty/,true,true,internal,pass,
/ograzhdeniya-i-zabory/perila-i-poruchni/,/vakansii/,/vakansii/,true,true,internal,pass,
/ograzhdeniya-i-zabory/perila-i-poruchni/,tel:+79129735006,,true,true,tel,pass,
/ograzhdeniya-i-zabory/perila-i-poruchni/,tel:+79125799665,,true,true,tel,pass,
/ograzhdeniya-i-zabory/perila-i-poruchni/,https://t.me/smu1build,,true,true,external,pass,
/ograzhdeniya-i-zabory/perila-i-poruchni/,mailto:smu1.kurgan@yandex.ru,,true,true,mailto,pass,
/ograzhdeniya-i-zabory/perila-i-poruchni/,/,/,true,true,internal,pass,
/ograzhdeniya-i-zabory/perila-i-poruchni/,/ograzhdeniya-i-zabory/,/ograzhdeniya-i-zabory/,true,true,internal,pass,
/ograzhdeniya-i-zabory/perila-i-poruchni/,#contact,/ograzhdeniya-i-zabory/perila-i-poruchni/,true,true,anchor,pass,
/ograzhdeniya-i-zabory/perila-i-poruchni/,/ograzhdeniya-i-zabory/,/ograzhdeniya-i-zabory/,true,true,internal,pass,
/ograzhdeniya-i-zabory/perila-i-poruchni/,/ograzhdeniya-i-zabory/,/ograzhdeniya-i-zabory/,true,true,internal,pass,
/ograzhdeniya-i-zabory/perila-i-poruchni/,https://t.me/smu1build,,true,true,external,pass,
/ograzhdeniya-i-zabory/perila-i-poruchni/,tel:+79129735006,,true,true,tel,pass,
/ograzhdeniya-i-zabory/perila-i-poruchni/,https://t.me/smu1build,,true,true,external,pass,
/ograzhdeniya-i-zabory/perila-i-poruchni/,mailto:smu1.kurgan@yandex.ru,,true,true,mailto,pass,
/ograzhdeniya-i-zabory/perila-i-poruchni/,/kontakty/,/kontakty/,true,true,internal,pass,
/ograzhdeniya-i-zabory/perila-i-poruchni/,/,/,true,true,internal,pass,
/ograzhdeniya-i-zabory/perila-i-poruchni/,/ulichnaya-mebel/,/ulichnaya-mebel/,true,true,internal,pass,
/ograzhdeniya-i-zabory/perila-i-poruchni/,/ograzhdeniya-i-zabory/,/ograzhdeniya-i-zabory/,true,true,internal,pass,
/ograzhdeniya-i-zabory/perila-i-poruchni/,/navesy-i-kozyrki/,/navesy-i-kozyrki/,true,true,internal,pass,
/ograzhdeniya-i-zabory/perila-i-poruchni/,/metallokonstruktsii-dlya-biznesa/,/metallokonstruktsii-dlya-biznesa/,true,true,internal,pass,
/ograzhdeniya-i-zabory/perila-i-poruchni/,/topiarii/,/topiarii/,true,true,internal,pass,
/ograzhdeniya-i-zabory/perila-i-poruchni/,/blagoustroystvo-territoriy/,/blagoustroystvo-territoriy/,true,true,internal,pass,
/ograzhdeniya-i-zabory/perila-i-poruchni/,/stroitelstvo-i-remonty/,/stroitelstvo-i-remonty/,true,true,internal,pass,
/ograzhdeniya-i-zabory/perila-i-poruchni/,/ulichnaya-mebel/,/ulichnaya-mebel/,true,true,internal,pass,
/ograzhdeniya-i-zabory/perila-i-poruchni/,/ograzhdeniya-i-zabory/,/ograzhdeniya-i-zabory/,true,true,internal,pass,
/ograzhdeniya-i-zabory/perila-i-poruchni/,/navesy-i-kozyrki/,/navesy-i-kozyrki/,true,true,internal,pass,
/ograzhdeniya-i-zabory/perila-i-poruchni/,/metallokonstruktsii-dlya-biznesa/,/metallokonstruktsii-dlya-biznesa/,true,true,internal,pass,
/ograzhdeniya-i-zabory/perila-i-poruchni/,/topiarii/,/topiarii/,true,true,internal,pass,
/ograzhdeniya-i-zabory/perila-i-poruchni/,/blagoustroystvo-territoriy/,/blagoustroystvo-territoriy/,true,true,internal,pass,
/ograzhdeniya-i-zabory/perila-i-poruchni/,/stroitelstvo-i-remonty/,/stroitelstvo-i-remonty/,true,true,internal,pass,
/ograzhdeniya-i-zabory/perila-i-poruchni/,/izgotovlenie-na-zakaz/,/izgotovlenie-na-zakaz/,true,true,internal,pass,
/ograzhdeniya-i-zabory/perila-i-poruchni/,/vypolnennye-obekty/,/vypolnennye-obekty/,true,true,internal,pass,
/ograzhdeniya-i-zabory/perila-i-poruchni/,/o-nas/,/o-nas/,true,true,internal,pass,
/ograzhdeniya-i-zabory/perila-i-poruchni/,/kontakty/,/kontakty/,true,true,internal,pass,
/ograzhdeniya-i-zabory/perila-i-poruchni/,/vakansii/,/vakansii/,true,true,internal,pass,
/ograzhdeniya-i-zabory/perila-i-poruchni/,/izgotovlenie-na-zakaz/,/izgotovlenie-na-zakaz/,true,true,internal,pass,
/ograzhdeniya-i-zabory/perila-i-poruchni/,/vypolnennye-obekty/,/vypolnennye-obekty/,true,true,internal,pass,
/ograzhdeniya-i-zabory/perila-i-poruchni/,/o-nas/,/o-nas/,true,true,internal,pass,
/ograzhdeniya-i-zabory/perila-i-poruchni/,/kontakty/,/kontakty/,true,true,internal,pass,
/ograzhdeniya-i-zabory/perila-i-poruchni/,/vakansii/,/vakansii/,true,true,internal,pass,
/ograzhdeniya-i-zabory/perila-i-poruchni/,#contact,/ograzhdeniya-i-zabory/perila-i-poruchni/,true,true,anchor,pass,
/ograzhdeniya-i-zabory/perila-i-poruchni/,tel:+79129735006,,true,true,tel,pass,
/ograzhdeniya-i-zabory/perila-i-poruchni/,tel:+79125799665,,true,true,tel,pass,
/ograzhdeniya-i-zabory/perila-i-poruchni/,https://t.me/smu1build,,true,true,external,pass,
/ograzhdeniya-i-zabory/perila-i-poruchni/,mailto:smu1.kurgan@yandex.ru,,true,true,mailto,pass,
/ograzhdeniya-i-zabory/perila-i-poruchni/,/politika-konfidencialnosti/,/politika-konfidencialnosti/,true,true,internal,pass,
/ograzhdeniya-i-zabory/perila-i-poruchni/,/politika-konfidencialnosti/,/politika-konfidencialnosti/,true,true,internal,pass,
/ograzhdeniya-i-zabory/sekcionnye-ograzhdeniya/,#main-content,/ograzhdeniya-i-zabory/sekcionnye-ograzhdeniya/,true,true,anchor,pass,
/ograzhdeniya-i-zabory/sekcionnye-ograzhdeniya/,/,/,true,true,internal,pass,
/ograzhdeniya-i-zabory/sekcionnye-ograzhdeniya/,/ulichnaya-mebel/,/ulichnaya-mebel/,true,true,internal,pass,
/ograzhdeniya-i-zabory/sekcionnye-ograzhdeniya/,/ograzhdeniya-i-zabory/,/ograzhdeniya-i-zabory/,true,true,internal,pass,
/ograzhdeniya-i-zabory/sekcionnye-ograzhdeniya/,/navesy-i-kozyrki/,/navesy-i-kozyrki/,true,true,internal,pass,
/ograzhdeniya-i-zabory/sekcionnye-ograzhdeniya/,/topiarii/,/topiarii/,true,true,internal,pass,
/ograzhdeniya-i-zabory/sekcionnye-ograzhdeniya/,/izgotovlenie-na-zakaz/,/izgotovlenie-na-zakaz/,true,true,internal,pass,
/ograzhdeniya-i-zabory/sekcionnye-ograzhdeniya/,/metallokonstruktsii-dlya-biznesa/,/metallokonstruktsii-dlya-biznesa/,true,true,internal,pass,
/ograzhdeniya-i-zabory/sekcionnye-ograzhdeniya/,/blagoustroystvo-territoriy/,/blagoustroystvo-territoriy/,true,true,internal,pass,
/ograzhdeniya-i-zabory/sekcionnye-ograzhdeniya/,/stroitelstvo-i-remonty/,/stroitelstvo-i-remonty/,true,true,internal,pass,
/ograzhdeniya-i-zabory/sekcionnye-ograzhdeniya/,/vypolnennye-obekty/,/vypolnennye-obekty/,true,true,internal,pass,
/ograzhdeniya-i-zabory/sekcionnye-ograzhdeniya/,/o-nas/,/o-nas/,true,true,internal,pass,
/ograzhdeniya-i-zabory/sekcionnye-ograzhdeniya/,/kontakty/,/kontakty/,true,true,internal,pass,
/ograzhdeniya-i-zabory/sekcionnye-ograzhdeniya/,/vakansii/,/vakansii/,true,true,internal,pass,
/ograzhdeniya-i-zabory/sekcionnye-ograzhdeniya/,tel:+79129735006,,true,true,tel,pass,
/ograzhdeniya-i-zabory/sekcionnye-ograzhdeniya/,https://t.me/smu1build,,true,true,external,pass,
/ograzhdeniya-i-zabory/sekcionnye-ograzhdeniya/,#contact,/ograzhdeniya-i-zabory/sekcionnye-ograzhdeniya/,true,true,anchor,pass,
/ograzhdeniya-i-zabory/sekcionnye-ograzhdeniya/,/,/,true,true,internal,pass,
/ograzhdeniya-i-zabory/sekcionnye-ograzhdeniya/,#contact,/ograzhdeniya-i-zabory/sekcionnye-ograzhdeniya/,true,true,anchor,pass,
/ograzhdeniya-i-zabory/sekcionnye-ograzhdeniya/,/ulichnaya-mebel/,/ulichnaya-mebel/,true,true,internal,pass,
/ograzhdeniya-i-zabory/sekcionnye-ograzhdeniya/,/ograzhdeniya-i-zabory/,/ograzhdeniya-i-zabory/,true,true,internal,pass,
/ograzhdeniya-i-zabory/sekcionnye-ograzhdeniya/,/navesy-i-kozyrki/,/navesy-i-kozyrki/,true,true,internal,pass,
/ograzhdeniya-i-zabory/sekcionnye-ograzhdeniya/,/topiarii/,/topiarii/,true,true,internal,pass,
/ograzhdeniya-i-zabory/sekcionnye-ograzhdeniya/,/metallokonstruktsii-dlya-biznesa/,/metallokonstruktsii-dlya-biznesa/,true,true,internal,pass,
/ograzhdeniya-i-zabory/sekcionnye-ograzhdeniya/,/blagoustroystvo-territoriy/,/blagoustroystvo-territoriy/,true,true,internal,pass,
/ograzhdeniya-i-zabory/sekcionnye-ograzhdeniya/,/stroitelstvo-i-remonty/,/stroitelstvo-i-remonty/,true,true,internal,pass,
/ograzhdeniya-i-zabory/sekcionnye-ograzhdeniya/,/izgotovlenie-na-zakaz/,/izgotovlenie-na-zakaz/,true,true,internal,pass,
/ograzhdeniya-i-zabory/sekcionnye-ograzhdeniya/,/vypolnennye-obekty/,/vypolnennye-obekty/,true,true,internal,pass,
/ograzhdeniya-i-zabory/sekcionnye-ograzhdeniya/,/o-nas/,/o-nas/,true,true,internal,pass,
/ograzhdeniya-i-zabory/sekcionnye-ograzhdeniya/,/kontakty/,/kontakty/,true,true,internal,pass,
/ograzhdeniya-i-zabory/sekcionnye-ograzhdeniya/,/vakansii/,/vakansii/,true,true,internal,pass,
/ograzhdeniya-i-zabory/sekcionnye-ograzhdeniya/,tel:+79129735006,,true,true,tel,pass,
/ograzhdeniya-i-zabory/sekcionnye-ograzhdeniya/,tel:+79125799665,,true,true,tel,pass,
/ograzhdeniya-i-zabory/sekcionnye-ograzhdeniya/,https://t.me/smu1build,,true,true,external,pass,
/ograzhdeniya-i-zabory/sekcionnye-ograzhdeniya/,mailto:smu1.kurgan@yandex.ru,,true,true,mailto,pass,
/ograzhdeniya-i-zabory/sekcionnye-ograzhdeniya/,/,/,true,true,internal,pass,
/ograzhdeniya-i-zabory/sekcionnye-ograzhdeniya/,/ograzhdeniya-i-zabory/,/ograzhdeniya-i-zabory/,true,true,internal,pass,
/ograzhdeniya-i-zabory/sekcionnye-ograzhdeniya/,#contact,/ograzhdeniya-i-zabory/sekcionnye-ograzhdeniya/,true,true,anchor,pass,
/ograzhdeniya-i-zabory/sekcionnye-ograzhdeniya/,/ograzhdeniya-i-zabory/,/ograzhdeniya-i-zabory/,true,true,internal,pass,
/ograzhdeniya-i-zabory/sekcionnye-ograzhdeniya/,/ograzhdeniya-i-zabory/,/ograzhdeniya-i-zabory/,true,true,internal,pass,
/ograzhdeniya-i-zabory/sekcionnye-ograzhdeniya/,https://t.me/smu1build,,true,true,external,pass,
/ograzhdeniya-i-zabory/sekcionnye-ograzhdeniya/,tel:+79129735006,,true,true,tel,pass,
/ograzhdeniya-i-zabory/sekcionnye-ograzhdeniya/,https://t.me/smu1build,,true,true,external,pass,
/ograzhdeniya-i-zabory/sekcionnye-ograzhdeniya/,mailto:smu1.kurgan@yandex.ru,,true,true,mailto,pass,
/ograzhdeniya-i-zabory/sekcionnye-ograzhdeniya/,/kontakty/,/kontakty/,true,true,internal,pass,
/ograzhdeniya-i-zabory/sekcionnye-ograzhdeniya/,/,/,true,true,internal,pass,
/ograzhdeniya-i-zabory/sekcionnye-ograzhdeniya/,/ulichnaya-mebel/,/ulichnaya-mebel/,true,true,internal,pass,
/ograzhdeniya-i-zabory/sekcionnye-ograzhdeniya/,/ograzhdeniya-i-zabory/,/ograzhdeniya-i-zabory/,true,true,internal,pass,
/ograzhdeniya-i-zabory/sekcionnye-ograzhdeniya/,/navesy-i-kozyrki/,/navesy-i-kozyrki/,true,true,internal,pass,
/ograzhdeniya-i-zabory/sekcionnye-ograzhdeniya/,/metallokonstruktsii-dlya-biznesa/,/metallokonstruktsii-dlya-biznesa/,true,true,internal,pass,
/ograzhdeniya-i-zabory/sekcionnye-ograzhdeniya/,/topiarii/,/topiarii/,true,true,internal,pass,
/ograzhdeniya-i-zabory/sekcionnye-ograzhdeniya/,/blagoustroystvo-territoriy/,/blagoustroystvo-territoriy/,true,true,internal,pass,
/ograzhdeniya-i-zabory/sekcionnye-ograzhdeniya/,/stroitelstvo-i-remonty/,/stroitelstvo-i-remonty/,true,true,internal,pass,
/ograzhdeniya-i-zabory/sekcionnye-ograzhdeniya/,/ulichnaya-mebel/,/ulichnaya-mebel/,true,true,internal,pass,
/ograzhdeniya-i-zabory/sekcionnye-ograzhdeniya/,/ograzhdeniya-i-zabory/,/ograzhdeniya-i-zabory/,true,true,internal,pass,
/ograzhdeniya-i-zabory/sekcionnye-ograzhdeniya/,/navesy-i-kozyrki/,/navesy-i-kozyrki/,true,true,internal,pass,
/ograzhdeniya-i-zabory/sekcionnye-ograzhdeniya/,/metallokonstruktsii-dlya-biznesa/,/metallokonstruktsii-dlya-biznesa/,true,true,internal,pass,
/ograzhdeniya-i-zabory/sekcionnye-ograzhdeniya/,/topiarii/,/topiarii/,true,true,internal,pass,
/ograzhdeniya-i-zabory/sekcionnye-ograzhdeniya/,/blagoustroystvo-territoriy/,/blagoustroystvo-territoriy/,true,true,internal,pass,
/ograzhdeniya-i-zabory/sekcionnye-ograzhdeniya/,/stroitelstvo-i-remonty/,/stroitelstvo-i-remonty/,true,true,internal,pass,
/ograzhdeniya-i-zabory/sekcionnye-ograzhdeniya/,/izgotovlenie-na-zakaz/,/izgotovlenie-na-zakaz/,true,true,internal,pass,
/ograzhdeniya-i-zabory/sekcionnye-ograzhdeniya/,/vypolnennye-obekty/,/vypolnennye-obekty/,true,true,internal,pass,
/ograzhdeniya-i-zabory/sekcionnye-ograzhdeniya/,/o-nas/,/o-nas/,true,true,internal,pass,
/ograzhdeniya-i-zabory/sekcionnye-ograzhdeniya/,/kontakty/,/kontakty/,true,true,internal,pass,
/ograzhdeniya-i-zabory/sekcionnye-ograzhdeniya/,/vakansii/,/vakansii/,true,true,internal,pass,
/ograzhdeniya-i-zabory/sekcionnye-ograzhdeniya/,/izgotovlenie-na-zakaz/,/izgotovlenie-na-zakaz/,true,true,internal,pass,
/ograzhdeniya-i-zabory/sekcionnye-ograzhdeniya/,/vypolnennye-obekty/,/vypolnennye-obekty/,true,true,internal,pass,
/ograzhdeniya-i-zabory/sekcionnye-ograzhdeniya/,/o-nas/,/o-nas/,true,true,internal,pass,
/ograzhdeniya-i-zabory/sekcionnye-ograzhdeniya/,/kontakty/,/kontakty/,true,true,internal,pass,
/ograzhdeniya-i-zabory/sekcionnye-ograzhdeniya/,/vakansii/,/vakansii/,true,true,internal,pass,
/ograzhdeniya-i-zabory/sekcionnye-ograzhdeniya/,#contact,/ograzhdeniya-i-zabory/sekcionnye-ograzhdeniya/,true,true,anchor,pass,
/ograzhdeniya-i-zabory/sekcionnye-ograzhdeniya/,tel:+79129735006,,true,true,tel,pass,
/ograzhdeniya-i-zabory/sekcionnye-ograzhdeniya/,tel:+79125799665,,true,true,tel,pass,
/ograzhdeniya-i-zabory/sekcionnye-ograzhdeniya/,https://t.me/smu1build,,true,true,external,pass,
/ograzhdeniya-i-zabory/sekcionnye-ograzhdeniya/,mailto:smu1.kurgan@yandex.ru,,true,true,mailto,pass,
/ograzhdeniya-i-zabory/sekcionnye-ograzhdeniya/,/politika-konfidencialnosti/,/politika-konfidencialnosti/,true,true,internal,pass,
/ograzhdeniya-i-zabory/sekcionnye-ograzhdeniya/,/politika-konfidencialnosti/,/politika-konfidencialnosti/,true,true,internal,pass,
/ulichnaya-mebel/shezlongi/,#main-content,/ulichnaya-mebel/shezlongi/,true,true,anchor,pass,
/ulichnaya-mebel/shezlongi/,/,/,true,true,internal,pass,
/ulichnaya-mebel/shezlongi/,/ulichnaya-mebel/,/ulichnaya-mebel/,true,true,internal,pass,
/ulichnaya-mebel/shezlongi/,/ograzhdeniya-i-zabory/,/ograzhdeniya-i-zabory/,true,true,internal,pass,
/ulichnaya-mebel/shezlongi/,/navesy-i-kozyrki/,/navesy-i-kozyrki/,true,true,internal,pass,
/ulichnaya-mebel/shezlongi/,/topiarii/,/topiarii/,true,true,internal,pass,
/ulichnaya-mebel/shezlongi/,/izgotovlenie-na-zakaz/,/izgotovlenie-na-zakaz/,true,true,internal,pass,
/ulichnaya-mebel/shezlongi/,/metallokonstruktsii-dlya-biznesa/,/metallokonstruktsii-dlya-biznesa/,true,true,internal,pass,
/ulichnaya-mebel/shezlongi/,/blagoustroystvo-territoriy/,/blagoustroystvo-territoriy/,true,true,internal,pass,
/ulichnaya-mebel/shezlongi/,/stroitelstvo-i-remonty/,/stroitelstvo-i-remonty/,true,true,internal,pass,
/ulichnaya-mebel/shezlongi/,/vypolnennye-obekty/,/vypolnennye-obekty/,true,true,internal,pass,
/ulichnaya-mebel/shezlongi/,/o-nas/,/o-nas/,true,true,internal,pass,
/ulichnaya-mebel/shezlongi/,/kontakty/,/kontakty/,true,true,internal,pass,
/ulichnaya-mebel/shezlongi/,/vakansii/,/vakansii/,true,true,internal,pass,
/ulichnaya-mebel/shezlongi/,tel:+79129735006,,true,true,tel,pass,
/ulichnaya-mebel/shezlongi/,https://t.me/smu1build,,true,true,external,pass,
/ulichnaya-mebel/shezlongi/,#contact,/ulichnaya-mebel/shezlongi/,true,true,anchor,pass,
/ulichnaya-mebel/shezlongi/,/,/,true,true,internal,pass,
/ulichnaya-mebel/shezlongi/,#contact,/ulichnaya-mebel/shezlongi/,true,true,anchor,pass,
/ulichnaya-mebel/shezlongi/,/ulichnaya-mebel/,/ulichnaya-mebel/,true,true,internal,pass,
/ulichnaya-mebel/shezlongi/,/ograzhdeniya-i-zabory/,/ograzhdeniya-i-zabory/,true,true,internal,pass,
/ulichnaya-mebel/shezlongi/,/navesy-i-kozyrki/,/navesy-i-kozyrki/,true,true,internal,pass,
/ulichnaya-mebel/shezlongi/,/topiarii/,/topiarii/,true,true,internal,pass,
/ulichnaya-mebel/shezlongi/,/metallokonstruktsii-dlya-biznesa/,/metallokonstruktsii-dlya-biznesa/,true,true,internal,pass,
/ulichnaya-mebel/shezlongi/,/blagoustroystvo-territoriy/,/blagoustroystvo-territoriy/,true,true,internal,pass,
/ulichnaya-mebel/shezlongi/,/stroitelstvo-i-remonty/,/stroitelstvo-i-remonty/,true,true,internal,pass,
/ulichnaya-mebel/shezlongi/,/izgotovlenie-na-zakaz/,/izgotovlenie-na-zakaz/,true,true,internal,pass,
/ulichnaya-mebel/shezlongi/,/vypolnennye-obekty/,/vypolnennye-obekty/,true,true,internal,pass,
/ulichnaya-mebel/shezlongi/,/o-nas/,/o-nas/,true,true,internal,pass,
/ulichnaya-mebel/shezlongi/,/kontakty/,/kontakty/,true,true,internal,pass,
/ulichnaya-mebel/shezlongi/,/vakansii/,/vakansii/,true,true,internal,pass,
/ulichnaya-mebel/shezlongi/,tel:+79129735006,,true,true,tel,pass,
/ulichnaya-mebel/shezlongi/,tel:+79125799665,,true,true,tel,pass,
/ulichnaya-mebel/shezlongi/,https://t.me/smu1build,,true,true,external,pass,
/ulichnaya-mebel/shezlongi/,mailto:smu1.kurgan@yandex.ru,,true,true,mailto,pass,
/ulichnaya-mebel/shezlongi/,/,/,true,true,internal,pass,
/ulichnaya-mebel/shezlongi/,/ulichnaya-mebel/,/ulichnaya-mebel/,true,true,internal,pass,
/ulichnaya-mebel/shezlongi/,#product-grid,/ulichnaya-mebel/shezlongi/,true,true,anchor,pass,
/ulichnaya-mebel/shezlongi/,#contact,/ulichnaya-mebel/shezlongi/,true,true,anchor,pass,
/ulichnaya-mebel/shezlongi/,/ulichnaya-mebel/shezlongi/shezlong-volna/,/ulichnaya-mebel/shezlongi/shezlong-volna/,true,true,internal,pass,
/ulichnaya-mebel/shezlongi/,/ulichnaya-mebel/shezlongi/shezlong-dyuna/,/ulichnaya-mebel/shezlongi/shezlong-dyuna/,true,true,internal,pass,
/ulichnaya-mebel/shezlongi/,/ulichnaya-mebel/shezlongi/shezlong-vitok/,/ulichnaya-mebel/shezlongi/shezlong-vitok/,true,true,internal,pass,
/ulichnaya-mebel/shezlongi/,/ulichnaya-mebel/shezlongi/shezlong-siluet/,/ulichnaya-mebel/shezlongi/shezlong-siluet/,true,true,internal,pass,
/ulichnaya-mebel/shezlongi/,/izgotovlenie-na-zakaz/,/izgotovlenie-na-zakaz/,true,true,internal,pass,
/ulichnaya-mebel/shezlongi/,https://t.me/smu1build,,true,true,external,pass,
/ulichnaya-mebel/shezlongi/,/izgotovlenie-na-zakaz/,/izgotovlenie-na-zakaz/,true,true,internal,pass,
/ulichnaya-mebel/shezlongi/,tel:+79129735006,,true,true,tel,pass,
/ulichnaya-mebel/shezlongi/,https://t.me/smu1build,,true,true,external,pass,
/ulichnaya-mebel/shezlongi/,mailto:smu1.kurgan@yandex.ru,,true,true,mailto,pass,
/ulichnaya-mebel/shezlongi/,/kontakty/,/kontakty/,true,true,internal,pass,
/ulichnaya-mebel/shezlongi/,/,/,true,true,internal,pass,
/ulichnaya-mebel/shezlongi/,/ulichnaya-mebel/,/ulichnaya-mebel/,true,true,internal,pass,
/ulichnaya-mebel/shezlongi/,/ograzhdeniya-i-zabory/,/ograzhdeniya-i-zabory/,true,true,internal,pass,
/ulichnaya-mebel/shezlongi/,/navesy-i-kozyrki/,/navesy-i-kozyrki/,true,true,internal,pass,
/ulichnaya-mebel/shezlongi/,/metallokonstruktsii-dlya-biznesa/,/metallokonstruktsii-dlya-biznesa/,true,true,internal,pass,
/ulichnaya-mebel/shezlongi/,/topiarii/,/topiarii/,true,true,internal,pass,
/ulichnaya-mebel/shezlongi/,/blagoustroystvo-territoriy/,/blagoustroystvo-territoriy/,true,true,internal,pass,
/ulichnaya-mebel/shezlongi/,/stroitelstvo-i-remonty/,/stroitelstvo-i-remonty/,true,true,internal,pass,
/ulichnaya-mebel/shezlongi/,/ulichnaya-mebel/,/ulichnaya-mebel/,true,true,internal,pass,
/ulichnaya-mebel/shezlongi/,/ograzhdeniya-i-zabory/,/ograzhdeniya-i-zabory/,true,true,internal,pass,
/ulichnaya-mebel/shezlongi/,/navesy-i-kozyrki/,/navesy-i-kozyrki/,true,true,internal,pass,
/ulichnaya-mebel/shezlongi/,/metallokonstruktsii-dlya-biznesa/,/metallokonstruktsii-dlya-biznesa/,true,true,internal,pass,
/ulichnaya-mebel/shezlongi/,/topiarii/,/topiarii/,true,true,internal,pass,
/ulichnaya-mebel/shezlongi/,/blagoustroystvo-territoriy/,/blagoustroystvo-territoriy/,true,true,internal,pass,
/ulichnaya-mebel/shezlongi/,/stroitelstvo-i-remonty/,/stroitelstvo-i-remonty/,true,true,internal,pass,
/ulichnaya-mebel/shezlongi/,/izgotovlenie-na-zakaz/,/izgotovlenie-na-zakaz/,true,true,internal,pass,
/ulichnaya-mebel/shezlongi/,/vypolnennye-obekty/,/vypolnennye-obekty/,true,true,internal,pass,
/ulichnaya-mebel/shezlongi/,/o-nas/,/o-nas/,true,true,internal,pass,
/ulichnaya-mebel/shezlongi/,/kontakty/,/kontakty/,true,true,internal,pass,
/ulichnaya-mebel/shezlongi/,/vakansii/,/vakansii/,true,true,internal,pass,
/ulichnaya-mebel/shezlongi/,/izgotovlenie-na-zakaz/,/izgotovlenie-na-zakaz/,true,true,internal,pass,
/ulichnaya-mebel/shezlongi/,/vypolnennye-obekty/,/vypolnennye-obekty/,true,true,internal,pass,
/ulichnaya-mebel/shezlongi/,/o-nas/,/o-nas/,true,true,internal,pass,
/ulichnaya-mebel/shezlongi/,/kontakty/,/kontakty/,true,true,internal,pass,
/ulichnaya-mebel/shezlongi/,/vakansii/,/vakansii/,true,true,internal,pass,
/ulichnaya-mebel/shezlongi/,#contact,/ulichnaya-mebel/shezlongi/,true,true,anchor,pass,
/ulichnaya-mebel/shezlongi/,tel:+79129735006,,true,true,tel,pass,
/ulichnaya-mebel/shezlongi/,tel:+79125799665,,true,true,tel,pass,
/ulichnaya-mebel/shezlongi/,https://t.me/smu1build,,true,true,external,pass,
/ulichnaya-mebel/shezlongi/,mailto:smu1.kurgan@yandex.ru,,true,true,mailto,pass,
/ulichnaya-mebel/shezlongi/,/politika-konfidencialnosti/,/politika-konfidencialnosti/,true,true,internal,pass,
/ulichnaya-mebel/shezlongi/,/politika-konfidencialnosti/,/politika-konfidencialnosti/,true,true,internal,pass,
/ograzhdeniya-i-zabory/stolbiki-i-bollardy/,#main-content,/ograzhdeniya-i-zabory/stolbiki-i-bollardy/,true,true,anchor,pass,
/ograzhdeniya-i-zabory/stolbiki-i-bollardy/,/,/,true,true,internal,pass,
/ograzhdeniya-i-zabory/stolbiki-i-bollardy/,/ulichnaya-mebel/,/ulichnaya-mebel/,true,true,internal,pass,
/ograzhdeniya-i-zabory/stolbiki-i-bollardy/,/ograzhdeniya-i-zabory/,/ograzhdeniya-i-zabory/,true,true,internal,pass,
/ograzhdeniya-i-zabory/stolbiki-i-bollardy/,/navesy-i-kozyrki/,/navesy-i-kozyrki/,true,true,internal,pass,
/ograzhdeniya-i-zabory/stolbiki-i-bollardy/,/topiarii/,/topiarii/,true,true,internal,pass,
/ograzhdeniya-i-zabory/stolbiki-i-bollardy/,/izgotovlenie-na-zakaz/,/izgotovlenie-na-zakaz/,true,true,internal,pass,
/ograzhdeniya-i-zabory/stolbiki-i-bollardy/,/metallokonstruktsii-dlya-biznesa/,/metallokonstruktsii-dlya-biznesa/,true,true,internal,pass,
/ograzhdeniya-i-zabory/stolbiki-i-bollardy/,/blagoustroystvo-territoriy/,/blagoustroystvo-territoriy/,true,true,internal,pass,
/ograzhdeniya-i-zabory/stolbiki-i-bollardy/,/stroitelstvo-i-remonty/,/stroitelstvo-i-remonty/,true,true,internal,pass,
/ograzhdeniya-i-zabory/stolbiki-i-bollardy/,/vypolnennye-obekty/,/vypolnennye-obekty/,true,true,internal,pass,
/ograzhdeniya-i-zabory/stolbiki-i-bollardy/,/o-nas/,/o-nas/,true,true,internal,pass,
/ograzhdeniya-i-zabory/stolbiki-i-bollardy/,/kontakty/,/kontakty/,true,true,internal,pass,
/ograzhdeniya-i-zabory/stolbiki-i-bollardy/,/vakansii/,/vakansii/,true,true,internal,pass,
/ograzhdeniya-i-zabory/stolbiki-i-bollardy/,tel:+79129735006,,true,true,tel,pass,
/ograzhdeniya-i-zabory/stolbiki-i-bollardy/,https://t.me/smu1build,,true,true,external,pass,
/ograzhdeniya-i-zabory/stolbiki-i-bollardy/,#contact,/ograzhdeniya-i-zabory/stolbiki-i-bollardy/,true,true,anchor,pass,
/ograzhdeniya-i-zabory/stolbiki-i-bollardy/,/,/,true,true,internal,pass,
/ograzhdeniya-i-zabory/stolbiki-i-bollardy/,#contact,/ograzhdeniya-i-zabory/stolbiki-i-bollardy/,true,true,anchor,pass,
/ograzhdeniya-i-zabory/stolbiki-i-bollardy/,/ulichnaya-mebel/,/ulichnaya-mebel/,true,true,internal,pass,
/ograzhdeniya-i-zabory/stolbiki-i-bollardy/,/ograzhdeniya-i-zabory/,/ograzhdeniya-i-zabory/,true,true,internal,pass,
/ograzhdeniya-i-zabory/stolbiki-i-bollardy/,/navesy-i-kozyrki/,/navesy-i-kozyrki/,true,true,internal,pass,
/ograzhdeniya-i-zabory/stolbiki-i-bollardy/,/topiarii/,/topiarii/,true,true,internal,pass,
/ograzhdeniya-i-zabory/stolbiki-i-bollardy/,/metallokonstruktsii-dlya-biznesa/,/metallokonstruktsii-dlya-biznesa/,true,true,internal,pass,
/ograzhdeniya-i-zabory/stolbiki-i-bollardy/,/blagoustroystvo-territoriy/,/blagoustroystvo-territoriy/,true,true,internal,pass,
/ograzhdeniya-i-zabory/stolbiki-i-bollardy/,/stroitelstvo-i-remonty/,/stroitelstvo-i-remonty/,true,true,internal,pass,
/ograzhdeniya-i-zabory/stolbiki-i-bollardy/,/izgotovlenie-na-zakaz/,/izgotovlenie-na-zakaz/,true,true,internal,pass,
/ograzhdeniya-i-zabory/stolbiki-i-bollardy/,/vypolnennye-obekty/,/vypolnennye-obekty/,true,true,internal,pass,
/ograzhdeniya-i-zabory/stolbiki-i-bollardy/,/o-nas/,/o-nas/,true,true,internal,pass,
/ograzhdeniya-i-zabory/stolbiki-i-bollardy/,/kontakty/,/kontakty/,true,true,internal,pass,
/ograzhdeniya-i-zabory/stolbiki-i-bollardy/,/vakansii/,/vakansii/,true,true,internal,pass,
/ograzhdeniya-i-zabory/stolbiki-i-bollardy/,tel:+79129735006,,true,true,tel,pass,
/ograzhdeniya-i-zabory/stolbiki-i-bollardy/,tel:+79125799665,,true,true,tel,pass,
/ograzhdeniya-i-zabory/stolbiki-i-bollardy/,https://t.me/smu1build,,true,true,external,pass,
/ograzhdeniya-i-zabory/stolbiki-i-bollardy/,mailto:smu1.kurgan@yandex.ru,,true,true,mailto,pass,
/ograzhdeniya-i-zabory/stolbiki-i-bollardy/,/,/,true,true,internal,pass,
/ograzhdeniya-i-zabory/stolbiki-i-bollardy/,/ograzhdeniya-i-zabory/,/ograzhdeniya-i-zabory/,true,true,internal,pass,
/ograzhdeniya-i-zabory/stolbiki-i-bollardy/,#contact,/ograzhdeniya-i-zabory/stolbiki-i-bollardy/,true,true,anchor,pass,
/ograzhdeniya-i-zabory/stolbiki-i-bollardy/,/ograzhdeniya-i-zabory/,/ograzhdeniya-i-zabory/,true,true,internal,pass,
/ograzhdeniya-i-zabory/stolbiki-i-bollardy/,/ograzhdeniya-i-zabory/,/ograzhdeniya-i-zabory/,true,true,internal,pass,
/ograzhdeniya-i-zabory/stolbiki-i-bollardy/,https://t.me/smu1build,,true,true,external,pass,
/ograzhdeniya-i-zabory/stolbiki-i-bollardy/,tel:+79129735006,,true,true,tel,pass,
/ograzhdeniya-i-zabory/stolbiki-i-bollardy/,https://t.me/smu1build,,true,true,external,pass,
/ograzhdeniya-i-zabory/stolbiki-i-bollardy/,mailto:smu1.kurgan@yandex.ru,,true,true,mailto,pass,
/ograzhdeniya-i-zabory/stolbiki-i-bollardy/,/kontakty/,/kontakty/,true,true,internal,pass,
/ograzhdeniya-i-zabory/stolbiki-i-bollardy/,/,/,true,true,internal,pass,
/ograzhdeniya-i-zabory/stolbiki-i-bollardy/,/ulichnaya-mebel/,/ulichnaya-mebel/,true,true,internal,pass,
/ograzhdeniya-i-zabory/stolbiki-i-bollardy/,/ograzhdeniya-i-zabory/,/ograzhdeniya-i-zabory/,true,true,internal,pass,
/ograzhdeniya-i-zabory/stolbiki-i-bollardy/,/navesy-i-kozyrki/,/navesy-i-kozyrki/,true,true,internal,pass,
/ograzhdeniya-i-zabory/stolbiki-i-bollardy/,/metallokonstruktsii-dlya-biznesa/,/metallokonstruktsii-dlya-biznesa/,true,true,internal,pass,
/ograzhdeniya-i-zabory/stolbiki-i-bollardy/,/topiarii/,/topiarii/,true,true,internal,pass,
/ograzhdeniya-i-zabory/stolbiki-i-bollardy/,/blagoustroystvo-territoriy/,/blagoustroystvo-territoriy/,true,true,internal,pass,
/ograzhdeniya-i-zabory/stolbiki-i-bollardy/,/stroitelstvo-i-remonty/,/stroitelstvo-i-remonty/,true,true,internal,pass,
/ograzhdeniya-i-zabory/stolbiki-i-bollardy/,/ulichnaya-mebel/,/ulichnaya-mebel/,true,true,internal,pass,
/ograzhdeniya-i-zabory/stolbiki-i-bollardy/,/ograzhdeniya-i-zabory/,/ograzhdeniya-i-zabory/,true,true,internal,pass,
/ograzhdeniya-i-zabory/stolbiki-i-bollardy/,/navesy-i-kozyrki/,/navesy-i-kozyrki/,true,true,internal,pass,
/ograzhdeniya-i-zabory/stolbiki-i-bollardy/,/metallokonstruktsii-dlya-biznesa/,/metallokonstruktsii-dlya-biznesa/,true,true,internal,pass,
/ograzhdeniya-i-zabory/stolbiki-i-bollardy/,/topiarii/,/topiarii/,true,true,internal,pass,
/ograzhdeniya-i-zabory/stolbiki-i-bollardy/,/blagoustroystvo-territoriy/,/blagoustroystvo-territoriy/,true,true,internal,pass,
/ograzhdeniya-i-zabory/stolbiki-i-bollardy/,/stroitelstvo-i-remonty/,/stroitelstvo-i-remonty/,true,true,internal,pass,
/ograzhdeniya-i-zabory/stolbiki-i-bollardy/,/izgotovlenie-na-zakaz/,/izgotovlenie-na-zakaz/,true,true,internal,pass,
/ograzhdeniya-i-zabory/stolbiki-i-bollardy/,/vypolnennye-obekty/,/vypolnennye-obekty/,true,true,internal,pass,
/ograzhdeniya-i-zabory/stolbiki-i-bollardy/,/o-nas/,/o-nas/,true,true,internal,pass,
/ograzhdeniya-i-zabory/stolbiki-i-bollardy/,/kontakty/,/kontakty/,true,true,internal,pass,
/ograzhdeniya-i-zabory/stolbiki-i-bollardy/,/vakansii/,/vakansii/,true,true,internal,pass,
/ograzhdeniya-i-zabory/stolbiki-i-bollardy/,/izgotovlenie-na-zakaz/,/izgotovlenie-na-zakaz/,true,true,internal,pass,
/ograzhdeniya-i-zabory/stolbiki-i-bollardy/,/vypolnennye-obekty/,/vypolnennye-obekty/,true,true,internal,pass,
/ograzhdeniya-i-zabory/stolbiki-i-bollardy/,/o-nas/,/o-nas/,true,true,internal,pass,
/ograzhdeniya-i-zabory/stolbiki-i-bollardy/,/kontakty/,/kontakty/,true,true,internal,pass,
/ograzhdeniya-i-zabory/stolbiki-i-bollardy/,/vakansii/,/vakansii/,true,true,internal,pass,
/ograzhdeniya-i-zabory/stolbiki-i-bollardy/,#contact,/ograzhdeniya-i-zabory/stolbiki-i-bollardy/,true,true,anchor,pass,
/ograzhdeniya-i-zabory/stolbiki-i-bollardy/,tel:+79129735006,,true,true,tel,pass,
/ograzhdeniya-i-zabory/stolbiki-i-bollardy/,tel:+79125799665,,true,true,tel,pass,
/ograzhdeniya-i-zabory/stolbiki-i-bollardy/,https://t.me/smu1build,,true,true,external,pass,
/ograzhdeniya-i-zabory/stolbiki-i-bollardy/,mailto:smu1.kurgan@yandex.ru,,true,true,mailto,pass,
/ograzhdeniya-i-zabory/stolbiki-i-bollardy/,/politika-konfidencialnosti/,/politika-konfidencialnosti/,true,true,internal,pass,
/ograzhdeniya-i-zabory/stolbiki-i-bollardy/,/politika-konfidencialnosti/,/politika-konfidencialnosti/,true,true,internal,pass,
/ulichnaya-mebel/stoly-i-komplekty/,#main-content,/ulichnaya-mebel/stoly-i-komplekty/,true,true,anchor,pass,
/ulichnaya-mebel/stoly-i-komplekty/,/,/,true,true,internal,pass,
/ulichnaya-mebel/stoly-i-komplekty/,/ulichnaya-mebel/,/ulichnaya-mebel/,true,true,internal,pass,
/ulichnaya-mebel/stoly-i-komplekty/,/ograzhdeniya-i-zabory/,/ograzhdeniya-i-zabory/,true,true,internal,pass,
/ulichnaya-mebel/stoly-i-komplekty/,/navesy-i-kozyrki/,/navesy-i-kozyrki/,true,true,internal,pass,
/ulichnaya-mebel/stoly-i-komplekty/,/topiarii/,/topiarii/,true,true,internal,pass,
/ulichnaya-mebel/stoly-i-komplekty/,/izgotovlenie-na-zakaz/,/izgotovlenie-na-zakaz/,true,true,internal,pass,
/ulichnaya-mebel/stoly-i-komplekty/,/metallokonstruktsii-dlya-biznesa/,/metallokonstruktsii-dlya-biznesa/,true,true,internal,pass,
/ulichnaya-mebel/stoly-i-komplekty/,/blagoustroystvo-territoriy/,/blagoustroystvo-territoriy/,true,true,internal,pass,
/ulichnaya-mebel/stoly-i-komplekty/,/stroitelstvo-i-remonty/,/stroitelstvo-i-remonty/,true,true,internal,pass,
/ulichnaya-mebel/stoly-i-komplekty/,/vypolnennye-obekty/,/vypolnennye-obekty/,true,true,internal,pass,
/ulichnaya-mebel/stoly-i-komplekty/,/o-nas/,/o-nas/,true,true,internal,pass,
/ulichnaya-mebel/stoly-i-komplekty/,/kontakty/,/kontakty/,true,true,internal,pass,
/ulichnaya-mebel/stoly-i-komplekty/,/vakansii/,/vakansii/,true,true,internal,pass,
/ulichnaya-mebel/stoly-i-komplekty/,tel:+79129735006,,true,true,tel,pass,
/ulichnaya-mebel/stoly-i-komplekty/,https://t.me/smu1build,,true,true,external,pass,
/ulichnaya-mebel/stoly-i-komplekty/,#contact,/ulichnaya-mebel/stoly-i-komplekty/,true,true,anchor,pass,
/ulichnaya-mebel/stoly-i-komplekty/,/,/,true,true,internal,pass,
/ulichnaya-mebel/stoly-i-komplekty/,#contact,/ulichnaya-mebel/stoly-i-komplekty/,true,true,anchor,pass,
/ulichnaya-mebel/stoly-i-komplekty/,/ulichnaya-mebel/,/ulichnaya-mebel/,true,true,internal,pass,
/ulichnaya-mebel/stoly-i-komplekty/,/ograzhdeniya-i-zabory/,/ograzhdeniya-i-zabory/,true,true,internal,pass,
/ulichnaya-mebel/stoly-i-komplekty/,/navesy-i-kozyrki/,/navesy-i-kozyrki/,true,true,internal,pass,
/ulichnaya-mebel/stoly-i-komplekty/,/topiarii/,/topiarii/,true,true,internal,pass,
/ulichnaya-mebel/stoly-i-komplekty/,/metallokonstruktsii-dlya-biznesa/,/metallokonstruktsii-dlya-biznesa/,true,true,internal,pass,
/ulichnaya-mebel/stoly-i-komplekty/,/blagoustroystvo-territoriy/,/blagoustroystvo-territoriy/,true,true,internal,pass,
/ulichnaya-mebel/stoly-i-komplekty/,/stroitelstvo-i-remonty/,/stroitelstvo-i-remonty/,true,true,internal,pass,
/ulichnaya-mebel/stoly-i-komplekty/,/izgotovlenie-na-zakaz/,/izgotovlenie-na-zakaz/,true,true,internal,pass,
/ulichnaya-mebel/stoly-i-komplekty/,/vypolnennye-obekty/,/vypolnennye-obekty/,true,true,internal,pass,
/ulichnaya-mebel/stoly-i-komplekty/,/o-nas/,/o-nas/,true,true,internal,pass,
/ulichnaya-mebel/stoly-i-komplekty/,/kontakty/,/kontakty/,true,true,internal,pass,
/ulichnaya-mebel/stoly-i-komplekty/,/vakansii/,/vakansii/,true,true,internal,pass,
/ulichnaya-mebel/stoly-i-komplekty/,tel:+79129735006,,true,true,tel,pass,
/ulichnaya-mebel/stoly-i-komplekty/,tel:+79125799665,,true,true,tel,pass,
/ulichnaya-mebel/stoly-i-komplekty/,https://t.me/smu1build,,true,true,external,pass,
/ulichnaya-mebel/stoly-i-komplekty/,mailto:smu1.kurgan@yandex.ru,,true,true,mailto,pass,
/ulichnaya-mebel/stoly-i-komplekty/,/,/,true,true,internal,pass,
/ulichnaya-mebel/stoly-i-komplekty/,/ulichnaya-mebel/,/ulichnaya-mebel/,true,true,internal,pass,
/ulichnaya-mebel/stoly-i-komplekty/,#product-grid,/ulichnaya-mebel/stoly-i-komplekty/,true,true,anchor,pass,
/ulichnaya-mebel/stoly-i-komplekty/,#contact,/ulichnaya-mebel/stoly-i-komplekty/,true,true,anchor,pass,
/ulichnaya-mebel/stoly-i-komplekty/,/ulichnaya-mebel/stoly-i-komplekty/stol-so-skamyami-orbita/,/ulichnaya-mebel/stoly-i-komplekty/stol-so-skamyami-orbita/,true,true,internal,pass,
/ulichnaya-mebel/stoly-i-komplekty/,/izgotovlenie-na-zakaz/,/izgotovlenie-na-zakaz/,true,true,internal,pass,
/ulichnaya-mebel/stoly-i-komplekty/,https://t.me/smu1build,,true,true,external,pass,
/ulichnaya-mebel/stoly-i-komplekty/,/izgotovlenie-na-zakaz/,/izgotovlenie-na-zakaz/,true,true,internal,pass,
/ulichnaya-mebel/stoly-i-komplekty/,tel:+79129735006,,true,true,tel,pass,
/ulichnaya-mebel/stoly-i-komplekty/,https://t.me/smu1build,,true,true,external,pass,
/ulichnaya-mebel/stoly-i-komplekty/,mailto:smu1.kurgan@yandex.ru,,true,true,mailto,pass,
/ulichnaya-mebel/stoly-i-komplekty/,/kontakty/,/kontakty/,true,true,internal,pass,
/ulichnaya-mebel/stoly-i-komplekty/,/,/,true,true,internal,pass,
/ulichnaya-mebel/stoly-i-komplekty/,/ulichnaya-mebel/,/ulichnaya-mebel/,true,true,internal,pass,
/ulichnaya-mebel/stoly-i-komplekty/,/ograzhdeniya-i-zabory/,/ograzhdeniya-i-zabory/,true,true,internal,pass,
/ulichnaya-mebel/stoly-i-komplekty/,/navesy-i-kozyrki/,/navesy-i-kozyrki/,true,true,internal,pass,
/ulichnaya-mebel/stoly-i-komplekty/,/metallokonstruktsii-dlya-biznesa/,/metallokonstruktsii-dlya-biznesa/,true,true,internal,pass,
/ulichnaya-mebel/stoly-i-komplekty/,/topiarii/,/topiarii/,true,true,internal,pass,
/ulichnaya-mebel/stoly-i-komplekty/,/blagoustroystvo-territoriy/,/blagoustroystvo-territoriy/,true,true,internal,pass,
/ulichnaya-mebel/stoly-i-komplekty/,/stroitelstvo-i-remonty/,/stroitelstvo-i-remonty/,true,true,internal,pass,
/ulichnaya-mebel/stoly-i-komplekty/,/ulichnaya-mebel/,/ulichnaya-mebel/,true,true,internal,pass,
/ulichnaya-mebel/stoly-i-komplekty/,/ograzhdeniya-i-zabory/,/ograzhdeniya-i-zabory/,true,true,internal,pass,
/ulichnaya-mebel/stoly-i-komplekty/,/navesy-i-kozyrki/,/navesy-i-kozyrki/,true,true,internal,pass,
/ulichnaya-mebel/stoly-i-komplekty/,/metallokonstruktsii-dlya-biznesa/,/metallokonstruktsii-dlya-biznesa/,true,true,internal,pass,
/ulichnaya-mebel/stoly-i-komplekty/,/topiarii/,/topiarii/,true,true,internal,pass,
/ulichnaya-mebel/stoly-i-komplekty/,/blagoustroystvo-territoriy/,/blagoustroystvo-territoriy/,true,true,internal,pass,
/ulichnaya-mebel/stoly-i-komplekty/,/stroitelstvo-i-remonty/,/stroitelstvo-i-remonty/,true,true,internal,pass,
/ulichnaya-mebel/stoly-i-komplekty/,/izgotovlenie-na-zakaz/,/izgotovlenie-na-zakaz/,true,true,internal,pass,
/ulichnaya-mebel/stoly-i-komplekty/,/vypolnennye-obekty/,/vypolnennye-obekty/,true,true,internal,pass,
/ulichnaya-mebel/stoly-i-komplekty/,/o-nas/,/o-nas/,true,true,internal,pass,
/ulichnaya-mebel/stoly-i-komplekty/,/kontakty/,/kontakty/,true,true,internal,pass,
/ulichnaya-mebel/stoly-i-komplekty/,/vakansii/,/vakansii/,true,true,internal,pass,
/ulichnaya-mebel/stoly-i-komplekty/,/izgotovlenie-na-zakaz/,/izgotovlenie-na-zakaz/,true,true,internal,pass,
/ulichnaya-mebel/stoly-i-komplekty/,/vypolnennye-obekty/,/vypolnennye-obekty/,true,true,internal,pass,
/ulichnaya-mebel/stoly-i-komplekty/,/o-nas/,/o-nas/,true,true,internal,pass,
/ulichnaya-mebel/stoly-i-komplekty/,/kontakty/,/kontakty/,true,true,internal,pass,
/ulichnaya-mebel/stoly-i-komplekty/,/vakansii/,/vakansii/,true,true,internal,pass,
/ulichnaya-mebel/stoly-i-komplekty/,#contact,/ulichnaya-mebel/stoly-i-komplekty/,true,true,anchor,pass,
/ulichnaya-mebel/stoly-i-komplekty/,tel:+79129735006,,true,true,tel,pass,
/ulichnaya-mebel/stoly-i-komplekty/,tel:+79125799665,,true,true,tel,pass,
/ulichnaya-mebel/stoly-i-komplekty/,https://t.me/smu1build,,true,true,external,pass,
/ulichnaya-mebel/stoly-i-komplekty/,mailto:smu1.kurgan@yandex.ru,,true,true,mailto,pass,
/ulichnaya-mebel/stoly-i-komplekty/,/politika-konfidencialnosti/,/politika-konfidencialnosti/,true,true,internal,pass,
/ulichnaya-mebel/stoly-i-komplekty/,/politika-konfidencialnosti/,/politika-konfidencialnosti/,true,true,internal,pass,
/ulichnaya-mebel/ulichnoe-osveshchenie/,#main-content,/ulichnaya-mebel/ulichnoe-osveshchenie/,true,true,anchor,pass,
/ulichnaya-mebel/ulichnoe-osveshchenie/,/,/,true,true,internal,pass,
/ulichnaya-mebel/ulichnoe-osveshchenie/,/ulichnaya-mebel/,/ulichnaya-mebel/,true,true,internal,pass,
/ulichnaya-mebel/ulichnoe-osveshchenie/,/ograzhdeniya-i-zabory/,/ograzhdeniya-i-zabory/,true,true,internal,pass,
/ulichnaya-mebel/ulichnoe-osveshchenie/,/navesy-i-kozyrki/,/navesy-i-kozyrki/,true,true,internal,pass,
/ulichnaya-mebel/ulichnoe-osveshchenie/,/topiarii/,/topiarii/,true,true,internal,pass,
/ulichnaya-mebel/ulichnoe-osveshchenie/,/izgotovlenie-na-zakaz/,/izgotovlenie-na-zakaz/,true,true,internal,pass,
/ulichnaya-mebel/ulichnoe-osveshchenie/,/metallokonstruktsii-dlya-biznesa/,/metallokonstruktsii-dlya-biznesa/,true,true,internal,pass,
/ulichnaya-mebel/ulichnoe-osveshchenie/,/blagoustroystvo-territoriy/,/blagoustroystvo-territoriy/,true,true,internal,pass,
/ulichnaya-mebel/ulichnoe-osveshchenie/,/stroitelstvo-i-remonty/,/stroitelstvo-i-remonty/,true,true,internal,pass,
/ulichnaya-mebel/ulichnoe-osveshchenie/,/vypolnennye-obekty/,/vypolnennye-obekty/,true,true,internal,pass,
/ulichnaya-mebel/ulichnoe-osveshchenie/,/o-nas/,/o-nas/,true,true,internal,pass,
/ulichnaya-mebel/ulichnoe-osveshchenie/,/kontakty/,/kontakty/,true,true,internal,pass,
/ulichnaya-mebel/ulichnoe-osveshchenie/,/vakansii/,/vakansii/,true,true,internal,pass,
/ulichnaya-mebel/ulichnoe-osveshchenie/,tel:+79129735006,,true,true,tel,pass,
/ulichnaya-mebel/ulichnoe-osveshchenie/,https://t.me/smu1build,,true,true,external,pass,
/ulichnaya-mebel/ulichnoe-osveshchenie/,#contact,/ulichnaya-mebel/ulichnoe-osveshchenie/,true,true,anchor,pass,
/ulichnaya-mebel/ulichnoe-osveshchenie/,/,/,true,true,internal,pass,
/ulichnaya-mebel/ulichnoe-osveshchenie/,#contact,/ulichnaya-mebel/ulichnoe-osveshchenie/,true,true,anchor,pass,
/ulichnaya-mebel/ulichnoe-osveshchenie/,/ulichnaya-mebel/,/ulichnaya-mebel/,true,true,internal,pass,
/ulichnaya-mebel/ulichnoe-osveshchenie/,/ograzhdeniya-i-zabory/,/ograzhdeniya-i-zabory/,true,true,internal,pass,
/ulichnaya-mebel/ulichnoe-osveshchenie/,/navesy-i-kozyrki/,/navesy-i-kozyrki/,true,true,internal,pass,
/ulichnaya-mebel/ulichnoe-osveshchenie/,/topiarii/,/topiarii/,true,true,internal,pass,
/ulichnaya-mebel/ulichnoe-osveshchenie/,/metallokonstruktsii-dlya-biznesa/,/metallokonstruktsii-dlya-biznesa/,true,true,internal,pass,
/ulichnaya-mebel/ulichnoe-osveshchenie/,/blagoustroystvo-territoriy/,/blagoustroystvo-territoriy/,true,true,internal,pass,
/ulichnaya-mebel/ulichnoe-osveshchenie/,/stroitelstvo-i-remonty/,/stroitelstvo-i-remonty/,true,true,internal,pass,
/ulichnaya-mebel/ulichnoe-osveshchenie/,/izgotovlenie-na-zakaz/,/izgotovlenie-na-zakaz/,true,true,internal,pass,
/ulichnaya-mebel/ulichnoe-osveshchenie/,/vypolnennye-obekty/,/vypolnennye-obekty/,true,true,internal,pass,
/ulichnaya-mebel/ulichnoe-osveshchenie/,/o-nas/,/o-nas/,true,true,internal,pass,
/ulichnaya-mebel/ulichnoe-osveshchenie/,/kontakty/,/kontakty/,true,true,internal,pass,
/ulichnaya-mebel/ulichnoe-osveshchenie/,/vakansii/,/vakansii/,true,true,internal,pass,
/ulichnaya-mebel/ulichnoe-osveshchenie/,tel:+79129735006,,true,true,tel,pass,
/ulichnaya-mebel/ulichnoe-osveshchenie/,tel:+79125799665,,true,true,tel,pass,
/ulichnaya-mebel/ulichnoe-osveshchenie/,https://t.me/smu1build,,true,true,external,pass,
/ulichnaya-mebel/ulichnoe-osveshchenie/,mailto:smu1.kurgan@yandex.ru,,true,true,mailto,pass,
/ulichnaya-mebel/ulichnoe-osveshchenie/,/,/,true,true,internal,pass,
/ulichnaya-mebel/ulichnoe-osveshchenie/,/ulichnaya-mebel/,/ulichnaya-mebel/,true,true,internal,pass,
/ulichnaya-mebel/ulichnoe-osveshchenie/,#product-grid,/ulichnaya-mebel/ulichnoe-osveshchenie/,true,true,anchor,pass,
/ulichnaya-mebel/ulichnoe-osveshchenie/,#contact,/ulichnaya-mebel/ulichnoe-osveshchenie/,true,true,anchor,pass,
/ulichnaya-mebel/ulichnoe-osveshchenie/,/ulichnaya-mebel/ulichnoe-osveshchenie/fonar-vektor/,/ulichnaya-mebel/ulichnoe-osveshchenie/fonar-vektor/,true,true,internal,pass,
/ulichnaya-mebel/ulichnoe-osveshchenie/,/ulichnaya-mebel/ulichnoe-osveshchenie/fonar-vektor-vysokiy/,/ulichnaya-mebel/ulichnoe-osveshchenie/fonar-vektor-vysokiy/,true,true,internal,pass,
/ulichnaya-mebel/ulichnoe-osveshchenie/,/ulichnaya-mebel/ulichnoe-osveshchenie/fonar-sektor/,/ulichnaya-mebel/ulichnoe-osveshchenie/fonar-sektor/,true,true,internal,pass,
/ulichnaya-mebel/ulichnoe-osveshchenie/,/ulichnaya-mebel/ulichnoe-osveshchenie/fonar-mayak/,/ulichnaya-mebel/ulichnoe-osveshchenie/fonar-mayak/,true,true,internal,pass,
/ulichnaya-mebel/ulichnoe-osveshchenie/,/ulichnaya-mebel/ulichnoe-osveshchenie/fonar-prizma/,/ulichnaya-mebel/ulichnoe-osveshchenie/fonar-prizma/,true,true,internal,pass,
/ulichnaya-mebel/ulichnoe-osveshchenie/,/ulichnaya-mebel/ulichnoe-osveshchenie/fonar-liniya/,/ulichnaya-mebel/ulichnoe-osveshchenie/fonar-liniya/,true,true,internal,pass,
/ulichnaya-mebel/ulichnoe-osveshchenie/,/izgotovlenie-na-zakaz/,/izgotovlenie-na-zakaz/,true,true,internal,pass,
/ulichnaya-mebel/ulichnoe-osveshchenie/,https://t.me/smu1build,,true,true,external,pass,
/ulichnaya-mebel/ulichnoe-osveshchenie/,/izgotovlenie-na-zakaz/,/izgotovlenie-na-zakaz/,true,true,internal,pass,
/ulichnaya-mebel/ulichnoe-osveshchenie/,tel:+79129735006,,true,true,tel,pass,
/ulichnaya-mebel/ulichnoe-osveshchenie/,https://t.me/smu1build,,true,true,external,pass,
/ulichnaya-mebel/ulichnoe-osveshchenie/,mailto:smu1.kurgan@yandex.ru,,true,true,mailto,pass,
/ulichnaya-mebel/ulichnoe-osveshchenie/,/kontakty/,/kontakty/,true,true,internal,pass,
/ulichnaya-mebel/ulichnoe-osveshchenie/,/,/,true,true,internal,pass,
/ulichnaya-mebel/ulichnoe-osveshchenie/,/ulichnaya-mebel/,/ulichnaya-mebel/,true,true,internal,pass,
/ulichnaya-mebel/ulichnoe-osveshchenie/,/ograzhdeniya-i-zabory/,/ograzhdeniya-i-zabory/,true,true,internal,pass,
/ulichnaya-mebel/ulichnoe-osveshchenie/,/navesy-i-kozyrki/,/navesy-i-kozyrki/,true,true,internal,pass,
/ulichnaya-mebel/ulichnoe-osveshchenie/,/metallokonstruktsii-dlya-biznesa/,/metallokonstruktsii-dlya-biznesa/,true,true,internal,pass,
/ulichnaya-mebel/ulichnoe-osveshchenie/,/topiarii/,/topiarii/,true,true,internal,pass,
/ulichnaya-mebel/ulichnoe-osveshchenie/,/blagoustroystvo-territoriy/,/blagoustroystvo-territoriy/,true,true,internal,pass,
/ulichnaya-mebel/ulichnoe-osveshchenie/,/stroitelstvo-i-remonty/,/stroitelstvo-i-remonty/,true,true,internal,pass,
/ulichnaya-mebel/ulichnoe-osveshchenie/,/ulichnaya-mebel/,/ulichnaya-mebel/,true,true,internal,pass,
/ulichnaya-mebel/ulichnoe-osveshchenie/,/ograzhdeniya-i-zabory/,/ograzhdeniya-i-zabory/,true,true,internal,pass,
/ulichnaya-mebel/ulichnoe-osveshchenie/,/navesy-i-kozyrki/,/navesy-i-kozyrki/,true,true,internal,pass,
/ulichnaya-mebel/ulichnoe-osveshchenie/,/metallokonstruktsii-dlya-biznesa/,/metallokonstruktsii-dlya-biznesa/,true,true,internal,pass,
/ulichnaya-mebel/ulichnoe-osveshchenie/,/topiarii/,/topiarii/,true,true,internal,pass,
/ulichnaya-mebel/ulichnoe-osveshchenie/,/blagoustroystvo-territoriy/,/blagoustroystvo-territoriy/,true,true,internal,pass,
/ulichnaya-mebel/ulichnoe-osveshchenie/,/stroitelstvo-i-remonty/,/stroitelstvo-i-remonty/,true,true,internal,pass,
/ulichnaya-mebel/ulichnoe-osveshchenie/,/izgotovlenie-na-zakaz/,/izgotovlenie-na-zakaz/,true,true,internal,pass,
/ulichnaya-mebel/ulichnoe-osveshchenie/,/vypolnennye-obekty/,/vypolnennye-obekty/,true,true,internal,pass,
/ulichnaya-mebel/ulichnoe-osveshchenie/,/o-nas/,/o-nas/,true,true,internal,pass,
/ulichnaya-mebel/ulichnoe-osveshchenie/,/kontakty/,/kontakty/,true,true,internal,pass,
/ulichnaya-mebel/ulichnoe-osveshchenie/,/vakansii/,/vakansii/,true,true,internal,pass,
/ulichnaya-mebel/ulichnoe-osveshchenie/,/izgotovlenie-na-zakaz/,/izgotovlenie-na-zakaz/,true,true,internal,pass,
/ulichnaya-mebel/ulichnoe-osveshchenie/,/vypolnennye-obekty/,/vypolnennye-obekty/,true,true,internal,pass,
/ulichnaya-mebel/ulichnoe-osveshchenie/,/o-nas/,/o-nas/,true,true,internal,pass,
/ulichnaya-mebel/ulichnoe-osveshchenie/,/kontakty/,/kontakty/,true,true,internal,pass,
/ulichnaya-mebel/ulichnoe-osveshchenie/,/vakansii/,/vakansii/,true,true,internal,pass,
/ulichnaya-mebel/ulichnoe-osveshchenie/,#contact,/ulichnaya-mebel/ulichnoe-osveshchenie/,true,true,anchor,pass,
/ulichnaya-mebel/ulichnoe-osveshchenie/,tel:+79129735006,,true,true,tel,pass,
/ulichnaya-mebel/ulichnoe-osveshchenie/,tel:+79125799665,,true,true,tel,pass,
/ulichnaya-mebel/ulichnoe-osveshchenie/,https://t.me/smu1build,,true,true,external,pass,
/ulichnaya-mebel/ulichnoe-osveshchenie/,mailto:smu1.kurgan@yandex.ru,,true,true,mailto,pass,
/ulichnaya-mebel/ulichnoe-osveshchenie/,/politika-konfidencialnosti/,/politika-konfidencialnosti/,true,true,internal,pass,
/ulichnaya-mebel/ulichnoe-osveshchenie/,/politika-konfidencialnosti/,/politika-konfidencialnosti/,true,true,internal,pass,
/ulichnaya-mebel/urny/,#main-content,/ulichnaya-mebel/urny/,true,true,anchor,pass,
/ulichnaya-mebel/urny/,/,/,true,true,internal,pass,
/ulichnaya-mebel/urny/,/ulichnaya-mebel/,/ulichnaya-mebel/,true,true,internal,pass,
/ulichnaya-mebel/urny/,/ograzhdeniya-i-zabory/,/ograzhdeniya-i-zabory/,true,true,internal,pass,
/ulichnaya-mebel/urny/,/navesy-i-kozyrki/,/navesy-i-kozyrki/,true,true,internal,pass,
/ulichnaya-mebel/urny/,/topiarii/,/topiarii/,true,true,internal,pass,
/ulichnaya-mebel/urny/,/izgotovlenie-na-zakaz/,/izgotovlenie-na-zakaz/,true,true,internal,pass,
/ulichnaya-mebel/urny/,/metallokonstruktsii-dlya-biznesa/,/metallokonstruktsii-dlya-biznesa/,true,true,internal,pass,
/ulichnaya-mebel/urny/,/blagoustroystvo-territoriy/,/blagoustroystvo-territoriy/,true,true,internal,pass,
/ulichnaya-mebel/urny/,/stroitelstvo-i-remonty/,/stroitelstvo-i-remonty/,true,true,internal,pass,
/ulichnaya-mebel/urny/,/vypolnennye-obekty/,/vypolnennye-obekty/,true,true,internal,pass,
/ulichnaya-mebel/urny/,/o-nas/,/o-nas/,true,true,internal,pass,
/ulichnaya-mebel/urny/,/kontakty/,/kontakty/,true,true,internal,pass,
/ulichnaya-mebel/urny/,/vakansii/,/vakansii/,true,true,internal,pass,
/ulichnaya-mebel/urny/,tel:+79129735006,,true,true,tel,pass,
/ulichnaya-mebel/urny/,https://t.me/smu1build,,true,true,external,pass,
/ulichnaya-mebel/urny/,#contact,/ulichnaya-mebel/urny/,true,true,anchor,pass,
/ulichnaya-mebel/urny/,/,/,true,true,internal,pass,
/ulichnaya-mebel/urny/,#contact,/ulichnaya-mebel/urny/,true,true,anchor,pass,
/ulichnaya-mebel/urny/,/ulichnaya-mebel/,/ulichnaya-mebel/,true,true,internal,pass,
/ulichnaya-mebel/urny/,/ograzhdeniya-i-zabory/,/ograzhdeniya-i-zabory/,true,true,internal,pass,
/ulichnaya-mebel/urny/,/navesy-i-kozyrki/,/navesy-i-kozyrki/,true,true,internal,pass,
/ulichnaya-mebel/urny/,/topiarii/,/topiarii/,true,true,internal,pass,
/ulichnaya-mebel/urny/,/metallokonstruktsii-dlya-biznesa/,/metallokonstruktsii-dlya-biznesa/,true,true,internal,pass,
/ulichnaya-mebel/urny/,/blagoustroystvo-territoriy/,/blagoustroystvo-territoriy/,true,true,internal,pass,
/ulichnaya-mebel/urny/,/stroitelstvo-i-remonty/,/stroitelstvo-i-remonty/,true,true,internal,pass,
/ulichnaya-mebel/urny/,/izgotovlenie-na-zakaz/,/izgotovlenie-na-zakaz/,true,true,internal,pass,
/ulichnaya-mebel/urny/,/vypolnennye-obekty/,/vypolnennye-obekty/,true,true,internal,pass,
/ulichnaya-mebel/urny/,/o-nas/,/o-nas/,true,true,internal,pass,
/ulichnaya-mebel/urny/,/kontakty/,/kontakty/,true,true,internal,pass,
/ulichnaya-mebel/urny/,/vakansii/,/vakansii/,true,true,internal,pass,
/ulichnaya-mebel/urny/,tel:+79129735006,,true,true,tel,pass,
/ulichnaya-mebel/urny/,tel:+79125799665,,true,true,tel,pass,
/ulichnaya-mebel/urny/,https://t.me/smu1build,,true,true,external,pass,
/ulichnaya-mebel/urny/,mailto:smu1.kurgan@yandex.ru,,true,true,mailto,pass,
/ulichnaya-mebel/urny/,/,/,true,true,internal,pass,
/ulichnaya-mebel/urny/,/ulichnaya-mebel/,/ulichnaya-mebel/,true,true,internal,pass,
/ulichnaya-mebel/urny/,#product-grid,/ulichnaya-mebel/urny/,true,true,anchor,pass,
/ulichnaya-mebel/urny/,#contact,/ulichnaya-mebel/urny/,true,true,anchor,pass,
/ulichnaya-mebel/urny/,/ulichnaya-mebel/urny/urna-vertikal/,/ulichnaya-mebel/urny/urna-vertikal/,true,true,internal,pass,
/ulichnaya-mebel/urny/,/ulichnaya-mebel/urny/urna-monolit/,/ulichnaya-mebel/urny/urna-monolit/,true,true,internal,pass,
/ulichnaya-mebel/urny/,/ulichnaya-mebel/urny/urna-panel/,/ulichnaya-mebel/urny/urna-panel/,true,true,internal,pass,
/ulichnaya-mebel/urny/,/ulichnaya-mebel/urny/urna-blok/,/ulichnaya-mebel/urny/urna-blok/,true,true,internal,pass,
/ulichnaya-mebel/urny/,/ulichnaya-mebel/urny/urna-kolonna/,/ulichnaya-mebel/urny/urna-kolonna/,true,true,internal,pass,
/ulichnaya-mebel/urny/,/ulichnaya-mebel/urny/urna-profil/,/ulichnaya-mebel/urny/urna-profil/,true,true,internal,pass,
/ulichnaya-mebel/urny/,/ulichnaya-mebel/urny/urna-layn/,/ulichnaya-mebel/urny/urna-layn/,true,true,internal,pass,
/ulichnaya-mebel/urny/,/ulichnaya-mebel/urny/urna-slim/,/ulichnaya-mebel/urny/urna-slim/,true,true,internal,pass,
/ulichnaya-mebel/urny/,/ulichnaya-mebel/urny/stantsiya-razdelnogo-sbora/,/ulichnaya-mebel/urny/stantsiya-razdelnogo-sbora/,true,true,internal,pass,
/ulichnaya-mebel/urny/,/ulichnaya-mebel/urny/urna-ellips/,/ulichnaya-mebel/urny/urna-ellips/,true,true,internal,pass,
/ulichnaya-mebel/urny/,/izgotovlenie-na-zakaz/,/izgotovlenie-na-zakaz/,true,true,internal,pass,
/ulichnaya-mebel/urny/,https://t.me/smu1build,,true,true,external,pass,
/ulichnaya-mebel/urny/,/izgotovlenie-na-zakaz/,/izgotovlenie-na-zakaz/,true,true,internal,pass,
/ulichnaya-mebel/urny/,tel:+79129735006,,true,true,tel,pass,
/ulichnaya-mebel/urny/,https://t.me/smu1build,,true,true,external,pass,
/ulichnaya-mebel/urny/,mailto:smu1.kurgan@yandex.ru,,true,true,mailto,pass,
/ulichnaya-mebel/urny/,/kontakty/,/kontakty/,true,true,internal,pass,
/ulichnaya-mebel/urny/,/,/,true,true,internal,pass,
/ulichnaya-mebel/urny/,/ulichnaya-mebel/,/ulichnaya-mebel/,true,true,internal,pass,
/ulichnaya-mebel/urny/,/ograzhdeniya-i-zabory/,/ograzhdeniya-i-zabory/,true,true,internal,pass,
/ulichnaya-mebel/urny/,/navesy-i-kozyrki/,/navesy-i-kozyrki/,true,true,internal,pass,
/ulichnaya-mebel/urny/,/metallokonstruktsii-dlya-biznesa/,/metallokonstruktsii-dlya-biznesa/,true,true,internal,pass,
/ulichnaya-mebel/urny/,/topiarii/,/topiarii/,true,true,internal,pass,
/ulichnaya-mebel/urny/,/blagoustroystvo-territoriy/,/blagoustroystvo-territoriy/,true,true,internal,pass,
/ulichnaya-mebel/urny/,/stroitelstvo-i-remonty/,/stroitelstvo-i-remonty/,true,true,internal,pass,
/ulichnaya-mebel/urny/,/ulichnaya-mebel/,/ulichnaya-mebel/,true,true,internal,pass,
/ulichnaya-mebel/urny/,/ograzhdeniya-i-zabory/,/ograzhdeniya-i-zabory/,true,true,internal,pass,
/ulichnaya-mebel/urny/,/navesy-i-kozyrki/,/navesy-i-kozyrki/,true,true,internal,pass,
/ulichnaya-mebel/urny/,/metallokonstruktsii-dlya-biznesa/,/metallokonstruktsii-dlya-biznesa/,true,true,internal,pass,
/ulichnaya-mebel/urny/,/topiarii/,/topiarii/,true,true,internal,pass,
/ulichnaya-mebel/urny/,/blagoustroystvo-territoriy/,/blagoustroystvo-territoriy/,true,true,internal,pass,
/ulichnaya-mebel/urny/,/stroitelstvo-i-remonty/,/stroitelstvo-i-remonty/,true,true,internal,pass,
/ulichnaya-mebel/urny/,/izgotovlenie-na-zakaz/,/izgotovlenie-na-zakaz/,true,true,internal,pass,
/ulichnaya-mebel/urny/,/vypolnennye-obekty/,/vypolnennye-obekty/,true,true,internal,pass,
/ulichnaya-mebel/urny/,/o-nas/,/o-nas/,true,true,internal,pass,
/ulichnaya-mebel/urny/,/kontakty/,/kontakty/,true,true,internal,pass,
/ulichnaya-mebel/urny/,/vakansii/,/vakansii/,true,true,internal,pass,
/ulichnaya-mebel/urny/,/izgotovlenie-na-zakaz/,/izgotovlenie-na-zakaz/,true,true,internal,pass,
/ulichnaya-mebel/urny/,/vypolnennye-obekty/,/vypolnennye-obekty/,true,true,internal,pass,
/ulichnaya-mebel/urny/,/o-nas/,/o-nas/,true,true,internal,pass,
/ulichnaya-mebel/urny/,/kontakty/,/kontakty/,true,true,internal,pass,
/ulichnaya-mebel/urny/,/vakansii/,/vakansii/,true,true,internal,pass,
/ulichnaya-mebel/urny/,#contact,/ulichnaya-mebel/urny/,true,true,anchor,pass,
/ulichnaya-mebel/urny/,tel:+79129735006,,true,true,tel,pass,
/ulichnaya-mebel/urny/,tel:+79125799665,,true,true,tel,pass,
/ulichnaya-mebel/urny/,https://t.me/smu1build,,true,true,external,pass,
/ulichnaya-mebel/urny/,mailto:smu1.kurgan@yandex.ru,,true,true,mailto,pass,
/ulichnaya-mebel/urny/,/politika-konfidencialnosti/,/politika-konfidencialnosti/,true,true,internal,pass,
/ulichnaya-mebel/urny/,/politika-konfidencialnosti/,/politika-konfidencialnosti/,true,true,internal,pass,
/ulichnaya-mebel/vazony-i-tsvetochnitsy/,#main-content,/ulichnaya-mebel/vazony-i-tsvetochnitsy/,true,true,anchor,pass,
/ulichnaya-mebel/vazony-i-tsvetochnitsy/,/,/,true,true,internal,pass,
/ulichnaya-mebel/vazony-i-tsvetochnitsy/,/ulichnaya-mebel/,/ulichnaya-mebel/,true,true,internal,pass,
/ulichnaya-mebel/vazony-i-tsvetochnitsy/,/ograzhdeniya-i-zabory/,/ograzhdeniya-i-zabory/,true,true,internal,pass,
/ulichnaya-mebel/vazony-i-tsvetochnitsy/,/navesy-i-kozyrki/,/navesy-i-kozyrki/,true,true,internal,pass,
/ulichnaya-mebel/vazony-i-tsvetochnitsy/,/topiarii/,/topiarii/,true,true,internal,pass,
/ulichnaya-mebel/vazony-i-tsvetochnitsy/,/izgotovlenie-na-zakaz/,/izgotovlenie-na-zakaz/,true,true,internal,pass,
/ulichnaya-mebel/vazony-i-tsvetochnitsy/,/metallokonstruktsii-dlya-biznesa/,/metallokonstruktsii-dlya-biznesa/,true,true,internal,pass,
/ulichnaya-mebel/vazony-i-tsvetochnitsy/,/blagoustroystvo-territoriy/,/blagoustroystvo-territoriy/,true,true,internal,pass,
/ulichnaya-mebel/vazony-i-tsvetochnitsy/,/stroitelstvo-i-remonty/,/stroitelstvo-i-remonty/,true,true,internal,pass,
/ulichnaya-mebel/vazony-i-tsvetochnitsy/,/vypolnennye-obekty/,/vypolnennye-obekty/,true,true,internal,pass,
/ulichnaya-mebel/vazony-i-tsvetochnitsy/,/o-nas/,/o-nas/,true,true,internal,pass,
/ulichnaya-mebel/vazony-i-tsvetochnitsy/,/kontakty/,/kontakty/,true,true,internal,pass,
/ulichnaya-mebel/vazony-i-tsvetochnitsy/,/vakansii/,/vakansii/,true,true,internal,pass,
/ulichnaya-mebel/vazony-i-tsvetochnitsy/,tel:+79129735006,,true,true,tel,pass,
/ulichnaya-mebel/vazony-i-tsvetochnitsy/,https://t.me/smu1build,,true,true,external,pass,
/ulichnaya-mebel/vazony-i-tsvetochnitsy/,#contact,/ulichnaya-mebel/vazony-i-tsvetochnitsy/,true,true,anchor,pass,
/ulichnaya-mebel/vazony-i-tsvetochnitsy/,/,/,true,true,internal,pass,
/ulichnaya-mebel/vazony-i-tsvetochnitsy/,#contact,/ulichnaya-mebel/vazony-i-tsvetochnitsy/,true,true,anchor,pass,
/ulichnaya-mebel/vazony-i-tsvetochnitsy/,/ulichnaya-mebel/,/ulichnaya-mebel/,true,true,internal,pass,
/ulichnaya-mebel/vazony-i-tsvetochnitsy/,/ograzhdeniya-i-zabory/,/ograzhdeniya-i-zabory/,true,true,internal,pass,
/ulichnaya-mebel/vazony-i-tsvetochnitsy/,/navesy-i-kozyrki/,/navesy-i-kozyrki/,true,true,internal,pass,
/ulichnaya-mebel/vazony-i-tsvetochnitsy/,/topiarii/,/topiarii/,true,true,internal,pass,
/ulichnaya-mebel/vazony-i-tsvetochnitsy/,/metallokonstruktsii-dlya-biznesa/,/metallokonstruktsii-dlya-biznesa/,true,true,internal,pass,
/ulichnaya-mebel/vazony-i-tsvetochnitsy/,/blagoustroystvo-territoriy/,/blagoustroystvo-territoriy/,true,true,internal,pass,
/ulichnaya-mebel/vazony-i-tsvetochnitsy/,/stroitelstvo-i-remonty/,/stroitelstvo-i-remonty/,true,true,internal,pass,
/ulichnaya-mebel/vazony-i-tsvetochnitsy/,/izgotovlenie-na-zakaz/,/izgotovlenie-na-zakaz/,true,true,internal,pass,
/ulichnaya-mebel/vazony-i-tsvetochnitsy/,/vypolnennye-obekty/,/vypolnennye-obekty/,true,true,internal,pass,
/ulichnaya-mebel/vazony-i-tsvetochnitsy/,/o-nas/,/o-nas/,true,true,internal,pass,
/ulichnaya-mebel/vazony-i-tsvetochnitsy/,/kontakty/,/kontakty/,true,true,internal,pass,
/ulichnaya-mebel/vazony-i-tsvetochnitsy/,/vakansii/,/vakansii/,true,true,internal,pass,
/ulichnaya-mebel/vazony-i-tsvetochnitsy/,tel:+79129735006,,true,true,tel,pass,
/ulichnaya-mebel/vazony-i-tsvetochnitsy/,tel:+79125799665,,true,true,tel,pass,
/ulichnaya-mebel/vazony-i-tsvetochnitsy/,https://t.me/smu1build,,true,true,external,pass,
/ulichnaya-mebel/vazony-i-tsvetochnitsy/,mailto:smu1.kurgan@yandex.ru,,true,true,mailto,pass,
/ulichnaya-mebel/vazony-i-tsvetochnitsy/,/,/,true,true,internal,pass,
/ulichnaya-mebel/vazony-i-tsvetochnitsy/,/ulichnaya-mebel/,/ulichnaya-mebel/,true,true,internal,pass,
/ulichnaya-mebel/vazony-i-tsvetochnitsy/,#product-grid,/ulichnaya-mebel/vazony-i-tsvetochnitsy/,true,true,anchor,pass,
/ulichnaya-mebel/vazony-i-tsvetochnitsy/,#contact,/ulichnaya-mebel/vazony-i-tsvetochnitsy/,true,true,anchor,pass,
/ulichnaya-mebel/vazony-i-tsvetochnitsy/,/ulichnaya-mebel/vazony-i-tsvetochnitsy/vazon-ritm/,/ulichnaya-mebel/vazony-i-tsvetochnitsy/vazon-ritm/,true,true,internal,pass,
/ulichnaya-mebel/vazony-i-tsvetochnitsy/,/ulichnaya-mebel/vazony-i-tsvetochnitsy/vazon-kontur/,/ulichnaya-mebel/vazony-i-tsvetochnitsy/vazon-kontur/,true,true,internal,pass,
/ulichnaya-mebel/vazony-i-tsvetochnitsy/,/ulichnaya-mebel/vazony-i-tsvetochnitsy/vazon-koltso/,/ulichnaya-mebel/vazony-i-tsvetochnitsy/vazon-koltso/,true,true,internal,pass,
/ulichnaya-mebel/vazony-i-tsvetochnitsy/,/ulichnaya-mebel/vazony-i-tsvetochnitsy/vazon-gorizont/,/ulichnaya-mebel/vazony-i-tsvetochnitsy/vazon-gorizont/,true,true,internal,pass,
/ulichnaya-mebel/vazony-i-tsvetochnitsy/,/ulichnaya-mebel/vazony-i-tsvetochnitsy/vazon-soft/,/ulichnaya-mebel/vazony-i-tsvetochnitsy/vazon-soft/,true,true,internal,pass,
/ulichnaya-mebel/vazony-i-tsvetochnitsy/,/ulichnaya-mebel/vazony-i-tsvetochnitsy/vazon-lenta/,/ulichnaya-mebel/vazony-i-tsvetochnitsy/vazon-lenta/,true,true,internal,pass,
/ulichnaya-mebel/vazony-i-tsvetochnitsy/,/ulichnaya-mebel/vazony-i-tsvetochnitsy/vazon-oval/,/ulichnaya-mebel/vazony-i-tsvetochnitsy/vazon-oval/,true,true,internal,pass,
/ulichnaya-mebel/vazony-i-tsvetochnitsy/,/izgotovlenie-na-zakaz/,/izgotovlenie-na-zakaz/,true,true,internal,pass,
/ulichnaya-mebel/vazony-i-tsvetochnitsy/,https://t.me/smu1build,,true,true,external,pass,
/ulichnaya-mebel/vazony-i-tsvetochnitsy/,/izgotovlenie-na-zakaz/,/izgotovlenie-na-zakaz/,true,true,internal,pass,
/ulichnaya-mebel/vazony-i-tsvetochnitsy/,tel:+79129735006,,true,true,tel,pass,
/ulichnaya-mebel/vazony-i-tsvetochnitsy/,https://t.me/smu1build,,true,true,external,pass,
/ulichnaya-mebel/vazony-i-tsvetochnitsy/,mailto:smu1.kurgan@yandex.ru,,true,true,mailto,pass,
/ulichnaya-mebel/vazony-i-tsvetochnitsy/,/kontakty/,/kontakty/,true,true,internal,pass,
/ulichnaya-mebel/vazony-i-tsvetochnitsy/,/,/,true,true,internal,pass,
/ulichnaya-mebel/vazony-i-tsvetochnitsy/,/ulichnaya-mebel/,/ulichnaya-mebel/,true,true,internal,pass,
/ulichnaya-mebel/vazony-i-tsvetochnitsy/,/ograzhdeniya-i-zabory/,/ograzhdeniya-i-zabory/,true,true,internal,pass,
/ulichnaya-mebel/vazony-i-tsvetochnitsy/,/navesy-i-kozyrki/,/navesy-i-kozyrki/,true,true,internal,pass,
/ulichnaya-mebel/vazony-i-tsvetochnitsy/,/metallokonstruktsii-dlya-biznesa/,/metallokonstruktsii-dlya-biznesa/,true,true,internal,pass,
/ulichnaya-mebel/vazony-i-tsvetochnitsy/,/topiarii/,/topiarii/,true,true,internal,pass,
/ulichnaya-mebel/vazony-i-tsvetochnitsy/,/blagoustroystvo-territoriy/,/blagoustroystvo-territoriy/,true,true,internal,pass,
/ulichnaya-mebel/vazony-i-tsvetochnitsy/,/stroitelstvo-i-remonty/,/stroitelstvo-i-remonty/,true,true,internal,pass,
/ulichnaya-mebel/vazony-i-tsvetochnitsy/,/ulichnaya-mebel/,/ulichnaya-mebel/,true,true,internal,pass,
/ulichnaya-mebel/vazony-i-tsvetochnitsy/,/ograzhdeniya-i-zabory/,/ograzhdeniya-i-zabory/,true,true,internal,pass,
/ulichnaya-mebel/vazony-i-tsvetochnitsy/,/navesy-i-kozyrki/,/navesy-i-kozyrki/,true,true,internal,pass,
/ulichnaya-mebel/vazony-i-tsvetochnitsy/,/metallokonstruktsii-dlya-biznesa/,/metallokonstruktsii-dlya-biznesa/,true,true,internal,pass,
/ulichnaya-mebel/vazony-i-tsvetochnitsy/,/topiarii/,/topiarii/,true,true,internal,pass,
/ulichnaya-mebel/vazony-i-tsvetochnitsy/,/blagoustroystvo-territoriy/,/blagoustroystvo-territoriy/,true,true,internal,pass,
/ulichnaya-mebel/vazony-i-tsvetochnitsy/,/stroitelstvo-i-remonty/,/stroitelstvo-i-remonty/,true,true,internal,pass,
/ulichnaya-mebel/vazony-i-tsvetochnitsy/,/izgotovlenie-na-zakaz/,/izgotovlenie-na-zakaz/,true,true,internal,pass,
/ulichnaya-mebel/vazony-i-tsvetochnitsy/,/vypolnennye-obekty/,/vypolnennye-obekty/,true,true,internal,pass,
/ulichnaya-mebel/vazony-i-tsvetochnitsy/,/o-nas/,/o-nas/,true,true,internal,pass,
/ulichnaya-mebel/vazony-i-tsvetochnitsy/,/kontakty/,/kontakty/,true,true,internal,pass,
/ulichnaya-mebel/vazony-i-tsvetochnitsy/,/vakansii/,/vakansii/,true,true,internal,pass,
/ulichnaya-mebel/vazony-i-tsvetochnitsy/,/izgotovlenie-na-zakaz/,/izgotovlenie-na-zakaz/,true,true,internal,pass,
/ulichnaya-mebel/vazony-i-tsvetochnitsy/,/vypolnennye-obekty/,/vypolnennye-obekty/,true,true,internal,pass,
/ulichnaya-mebel/vazony-i-tsvetochnitsy/,/o-nas/,/o-nas/,true,true,internal,pass,
/ulichnaya-mebel/vazony-i-tsvetochnitsy/,/kontakty/,/kontakty/,true,true,internal,pass,
/ulichnaya-mebel/vazony-i-tsvetochnitsy/,/vakansii/,/vakansii/,true,true,internal,pass,
/ulichnaya-mebel/vazony-i-tsvetochnitsy/,#contact,/ulichnaya-mebel/vazony-i-tsvetochnitsy/,true,true,anchor,pass,
/ulichnaya-mebel/vazony-i-tsvetochnitsy/,tel:+79129735006,,true,true,tel,pass,
/ulichnaya-mebel/vazony-i-tsvetochnitsy/,tel:+79125799665,,true,true,tel,pass,
/ulichnaya-mebel/vazony-i-tsvetochnitsy/,https://t.me/smu1build,,true,true,external,pass,
/ulichnaya-mebel/vazony-i-tsvetochnitsy/,mailto:smu1.kurgan@yandex.ru,,true,true,mailto,pass,
/ulichnaya-mebel/vazony-i-tsvetochnitsy/,/politika-konfidencialnosti/,/politika-konfidencialnosti/,true,true,internal,pass,
/ulichnaya-mebel/vazony-i-tsvetochnitsy/,/politika-konfidencialnosti/,/politika-konfidencialnosti/,true,true,internal,pass,
/ulichnaya-mebel/veloparkovki/,#main-content,/ulichnaya-mebel/veloparkovki/,true,true,anchor,pass,
/ulichnaya-mebel/veloparkovki/,/,/,true,true,internal,pass,
/ulichnaya-mebel/veloparkovki/,/ulichnaya-mebel/,/ulichnaya-mebel/,true,true,internal,pass,
/ulichnaya-mebel/veloparkovki/,/ograzhdeniya-i-zabory/,/ograzhdeniya-i-zabory/,true,true,internal,pass,
/ulichnaya-mebel/veloparkovki/,/navesy-i-kozyrki/,/navesy-i-kozyrki/,true,true,internal,pass,
/ulichnaya-mebel/veloparkovki/,/topiarii/,/topiarii/,true,true,internal,pass,
/ulichnaya-mebel/veloparkovki/,/izgotovlenie-na-zakaz/,/izgotovlenie-na-zakaz/,true,true,internal,pass,
/ulichnaya-mebel/veloparkovki/,/metallokonstruktsii-dlya-biznesa/,/metallokonstruktsii-dlya-biznesa/,true,true,internal,pass,
/ulichnaya-mebel/veloparkovki/,/blagoustroystvo-territoriy/,/blagoustroystvo-territoriy/,true,true,internal,pass,
/ulichnaya-mebel/veloparkovki/,/stroitelstvo-i-remonty/,/stroitelstvo-i-remonty/,true,true,internal,pass,
/ulichnaya-mebel/veloparkovki/,/vypolnennye-obekty/,/vypolnennye-obekty/,true,true,internal,pass,
/ulichnaya-mebel/veloparkovki/,/o-nas/,/o-nas/,true,true,internal,pass,
/ulichnaya-mebel/veloparkovki/,/kontakty/,/kontakty/,true,true,internal,pass,
/ulichnaya-mebel/veloparkovki/,/vakansii/,/vakansii/,true,true,internal,pass,
/ulichnaya-mebel/veloparkovki/,tel:+79129735006,,true,true,tel,pass,
/ulichnaya-mebel/veloparkovki/,https://t.me/smu1build,,true,true,external,pass,
/ulichnaya-mebel/veloparkovki/,#contact,/ulichnaya-mebel/veloparkovki/,true,true,anchor,pass,
/ulichnaya-mebel/veloparkovki/,/,/,true,true,internal,pass,
/ulichnaya-mebel/veloparkovki/,#contact,/ulichnaya-mebel/veloparkovki/,true,true,anchor,pass,
/ulichnaya-mebel/veloparkovki/,/ulichnaya-mebel/,/ulichnaya-mebel/,true,true,internal,pass,
/ulichnaya-mebel/veloparkovki/,/ograzhdeniya-i-zabory/,/ograzhdeniya-i-zabory/,true,true,internal,pass,
/ulichnaya-mebel/veloparkovki/,/navesy-i-kozyrki/,/navesy-i-kozyrki/,true,true,internal,pass,
/ulichnaya-mebel/veloparkovki/,/topiarii/,/topiarii/,true,true,internal,pass,
/ulichnaya-mebel/veloparkovki/,/metallokonstruktsii-dlya-biznesa/,/metallokonstruktsii-dlya-biznesa/,true,true,internal,pass,
/ulichnaya-mebel/veloparkovki/,/blagoustroystvo-territoriy/,/blagoustroystvo-territoriy/,true,true,internal,pass,
/ulichnaya-mebel/veloparkovki/,/stroitelstvo-i-remonty/,/stroitelstvo-i-remonty/,true,true,internal,pass,
/ulichnaya-mebel/veloparkovki/,/izgotovlenie-na-zakaz/,/izgotovlenie-na-zakaz/,true,true,internal,pass,
/ulichnaya-mebel/veloparkovki/,/vypolnennye-obekty/,/vypolnennye-obekty/,true,true,internal,pass,
/ulichnaya-mebel/veloparkovki/,/o-nas/,/o-nas/,true,true,internal,pass,
/ulichnaya-mebel/veloparkovki/,/kontakty/,/kontakty/,true,true,internal,pass,
/ulichnaya-mebel/veloparkovki/,/vakansii/,/vakansii/,true,true,internal,pass,
/ulichnaya-mebel/veloparkovki/,tel:+79129735006,,true,true,tel,pass,
/ulichnaya-mebel/veloparkovki/,tel:+79125799665,,true,true,tel,pass,
/ulichnaya-mebel/veloparkovki/,https://t.me/smu1build,,true,true,external,pass,
/ulichnaya-mebel/veloparkovki/,mailto:smu1.kurgan@yandex.ru,,true,true,mailto,pass,
/ulichnaya-mebel/veloparkovki/,/,/,true,true,internal,pass,
/ulichnaya-mebel/veloparkovki/,/ulichnaya-mebel/,/ulichnaya-mebel/,true,true,internal,pass,
/ulichnaya-mebel/veloparkovki/,#product-grid,/ulichnaya-mebel/veloparkovki/,true,true,anchor,pass,
/ulichnaya-mebel/veloparkovki/,#contact,/ulichnaya-mebel/veloparkovki/,true,true,anchor,pass,
/ulichnaya-mebel/veloparkovki/,/ulichnaya-mebel/veloparkovki/parkovka-dlya-samokatov-arka/,/ulichnaya-mebel/veloparkovki/parkovka-dlya-samokatov-arka/,true,true,internal,pass,
/ulichnaya-mebel/veloparkovki/,/ulichnaya-mebel/veloparkovki/veloparkovka-marker/,/ulichnaya-mebel/veloparkovki/veloparkovka-marker/,true,true,internal,pass,
/ulichnaya-mebel/veloparkovki/,/ulichnaya-mebel/veloparkovki/veloparkovka-pik/,/ulichnaya-mebel/veloparkovki/veloparkovka-pik/,true,true,internal,pass,
/ulichnaya-mebel/veloparkovki/,/ulichnaya-mebel/veloparkovki/veloparkovka-duga/,/ulichnaya-mebel/veloparkovki/veloparkovka-duga/,true,true,internal,pass,
/ulichnaya-mebel/veloparkovki/,/ulichnaya-mebel/veloparkovki/veloparkovka-pilon/,/ulichnaya-mebel/veloparkovki/veloparkovka-pilon/,true,true,internal,pass,
/ulichnaya-mebel/veloparkovki/,/ulichnaya-mebel/veloparkovki/veloparkovka-ramka/,/ulichnaya-mebel/veloparkovki/veloparkovka-ramka/,true,true,internal,pass,
/ulichnaya-mebel/veloparkovki/,/izgotovlenie-na-zakaz/,/izgotovlenie-na-zakaz/,true,true,internal,pass,
/ulichnaya-mebel/veloparkovki/,https://t.me/smu1build,,true,true,external,pass,
/ulichnaya-mebel/veloparkovki/,/izgotovlenie-na-zakaz/,/izgotovlenie-na-zakaz/,true,true,internal,pass,
/ulichnaya-mebel/veloparkovki/,tel:+79129735006,,true,true,tel,pass,
/ulichnaya-mebel/veloparkovki/,https://t.me/smu1build,,true,true,external,pass,
/ulichnaya-mebel/veloparkovki/,mailto:smu1.kurgan@yandex.ru,,true,true,mailto,pass,
/ulichnaya-mebel/veloparkovki/,/kontakty/,/kontakty/,true,true,internal,pass,
/ulichnaya-mebel/veloparkovki/,/,/,true,true,internal,pass,
/ulichnaya-mebel/veloparkovki/,/ulichnaya-mebel/,/ulichnaya-mebel/,true,true,internal,pass,
/ulichnaya-mebel/veloparkovki/,/ograzhdeniya-i-zabory/,/ograzhdeniya-i-zabory/,true,true,internal,pass,
/ulichnaya-mebel/veloparkovki/,/navesy-i-kozyrki/,/navesy-i-kozyrki/,true,true,internal,pass,
/ulichnaya-mebel/veloparkovki/,/metallokonstruktsii-dlya-biznesa/,/metallokonstruktsii-dlya-biznesa/,true,true,internal,pass,
/ulichnaya-mebel/veloparkovki/,/topiarii/,/topiarii/,true,true,internal,pass,
/ulichnaya-mebel/veloparkovki/,/blagoustroystvo-territoriy/,/blagoustroystvo-territoriy/,true,true,internal,pass,
/ulichnaya-mebel/veloparkovki/,/stroitelstvo-i-remonty/,/stroitelstvo-i-remonty/,true,true,internal,pass,
/ulichnaya-mebel/veloparkovki/,/ulichnaya-mebel/,/ulichnaya-mebel/,true,true,internal,pass,
/ulichnaya-mebel/veloparkovki/,/ograzhdeniya-i-zabory/,/ograzhdeniya-i-zabory/,true,true,internal,pass,
/ulichnaya-mebel/veloparkovki/,/navesy-i-kozyrki/,/navesy-i-kozyrki/,true,true,internal,pass,
/ulichnaya-mebel/veloparkovki/,/metallokonstruktsii-dlya-biznesa/,/metallokonstruktsii-dlya-biznesa/,true,true,internal,pass,
/ulichnaya-mebel/veloparkovki/,/topiarii/,/topiarii/,true,true,internal,pass,
/ulichnaya-mebel/veloparkovki/,/blagoustroystvo-territoriy/,/blagoustroystvo-territoriy/,true,true,internal,pass,
/ulichnaya-mebel/veloparkovki/,/stroitelstvo-i-remonty/,/stroitelstvo-i-remonty/,true,true,internal,pass,
/ulichnaya-mebel/veloparkovki/,/izgotovlenie-na-zakaz/,/izgotovlenie-na-zakaz/,true,true,internal,pass,
/ulichnaya-mebel/veloparkovki/,/vypolnennye-obekty/,/vypolnennye-obekty/,true,true,internal,pass,
/ulichnaya-mebel/veloparkovki/,/o-nas/,/o-nas/,true,true,internal,pass,
/ulichnaya-mebel/veloparkovki/,/kontakty/,/kontakty/,true,true,internal,pass,
/ulichnaya-mebel/veloparkovki/,/vakansii/,/vakansii/,true,true,internal,pass,
/ulichnaya-mebel/veloparkovki/,/izgotovlenie-na-zakaz/,/izgotovlenie-na-zakaz/,true,true,internal,pass,
/ulichnaya-mebel/veloparkovki/,/vypolnennye-obekty/,/vypolnennye-obekty/,true,true,internal,pass,
/ulichnaya-mebel/veloparkovki/,/o-nas/,/o-nas/,true,true,internal,pass,
/ulichnaya-mebel/veloparkovki/,/kontakty/,/kontakty/,true,true,internal,pass,
/ulichnaya-mebel/veloparkovki/,/vakansii/,/vakansii/,true,true,internal,pass,
/ulichnaya-mebel/veloparkovki/,#contact,/ulichnaya-mebel/veloparkovki/,true,true,anchor,pass,
/ulichnaya-mebel/veloparkovki/,tel:+79129735006,,true,true,tel,pass,
/ulichnaya-mebel/veloparkovki/,tel:+79125799665,,true,true,tel,pass,
/ulichnaya-mebel/veloparkovki/,https://t.me/smu1build,,true,true,external,pass,
/ulichnaya-mebel/veloparkovki/,mailto:smu1.kurgan@yandex.ru,,true,true,mailto,pass,
/ulichnaya-mebel/veloparkovki/,/politika-konfidencialnosti/,/politika-konfidencialnosti/,true,true,internal,pass,
/ulichnaya-mebel/veloparkovki/,/politika-konfidencialnosti/,/politika-konfidencialnosti/,true,true,internal,pass,
/ograzhdeniya-i-zabory/vorota/,#main-content,/ograzhdeniya-i-zabory/vorota/,true,true,anchor,pass,
/ograzhdeniya-i-zabory/vorota/,/,/,true,true,internal,pass,
/ograzhdeniya-i-zabory/vorota/,/ulichnaya-mebel/,/ulichnaya-mebel/,true,true,internal,pass,
/ograzhdeniya-i-zabory/vorota/,/ograzhdeniya-i-zabory/,/ograzhdeniya-i-zabory/,true,true,internal,pass,
/ograzhdeniya-i-zabory/vorota/,/navesy-i-kozyrki/,/navesy-i-kozyrki/,true,true,internal,pass,
/ograzhdeniya-i-zabory/vorota/,/topiarii/,/topiarii/,true,true,internal,pass,
/ograzhdeniya-i-zabory/vorota/,/izgotovlenie-na-zakaz/,/izgotovlenie-na-zakaz/,true,true,internal,pass,
/ograzhdeniya-i-zabory/vorota/,/metallokonstruktsii-dlya-biznesa/,/metallokonstruktsii-dlya-biznesa/,true,true,internal,pass,
/ograzhdeniya-i-zabory/vorota/,/blagoustroystvo-territoriy/,/blagoustroystvo-territoriy/,true,true,internal,pass,
/ograzhdeniya-i-zabory/vorota/,/stroitelstvo-i-remonty/,/stroitelstvo-i-remonty/,true,true,internal,pass,
/ograzhdeniya-i-zabory/vorota/,/vypolnennye-obekty/,/vypolnennye-obekty/,true,true,internal,pass,
/ograzhdeniya-i-zabory/vorota/,/o-nas/,/o-nas/,true,true,internal,pass,
/ograzhdeniya-i-zabory/vorota/,/kontakty/,/kontakty/,true,true,internal,pass,
/ograzhdeniya-i-zabory/vorota/,/vakansii/,/vakansii/,true,true,internal,pass,
/ograzhdeniya-i-zabory/vorota/,tel:+79129735006,,true,true,tel,pass,
/ograzhdeniya-i-zabory/vorota/,https://t.me/smu1build,,true,true,external,pass,
/ograzhdeniya-i-zabory/vorota/,#contact,/ograzhdeniya-i-zabory/vorota/,true,true,anchor,pass,
/ograzhdeniya-i-zabory/vorota/,/,/,true,true,internal,pass,
/ograzhdeniya-i-zabory/vorota/,#contact,/ograzhdeniya-i-zabory/vorota/,true,true,anchor,pass,
/ograzhdeniya-i-zabory/vorota/,/ulichnaya-mebel/,/ulichnaya-mebel/,true,true,internal,pass,
/ograzhdeniya-i-zabory/vorota/,/ograzhdeniya-i-zabory/,/ograzhdeniya-i-zabory/,true,true,internal,pass,
/ograzhdeniya-i-zabory/vorota/,/navesy-i-kozyrki/,/navesy-i-kozyrki/,true,true,internal,pass,
/ograzhdeniya-i-zabory/vorota/,/topiarii/,/topiarii/,true,true,internal,pass,
/ograzhdeniya-i-zabory/vorota/,/metallokonstruktsii-dlya-biznesa/,/metallokonstruktsii-dlya-biznesa/,true,true,internal,pass,
/ograzhdeniya-i-zabory/vorota/,/blagoustroystvo-territoriy/,/blagoustroystvo-territoriy/,true,true,internal,pass,
/ograzhdeniya-i-zabory/vorota/,/stroitelstvo-i-remonty/,/stroitelstvo-i-remonty/,true,true,internal,pass,
/ograzhdeniya-i-zabory/vorota/,/izgotovlenie-na-zakaz/,/izgotovlenie-na-zakaz/,true,true,internal,pass,
/ograzhdeniya-i-zabory/vorota/,/vypolnennye-obekty/,/vypolnennye-obekty/,true,true,internal,pass,
/ograzhdeniya-i-zabory/vorota/,/o-nas/,/o-nas/,true,true,internal,pass,
/ograzhdeniya-i-zabory/vorota/,/kontakty/,/kontakty/,true,true,internal,pass,
/ograzhdeniya-i-zabory/vorota/,/vakansii/,/vakansii/,true,true,internal,pass,
/ograzhdeniya-i-zabory/vorota/,tel:+79129735006,,true,true,tel,pass,
/ograzhdeniya-i-zabory/vorota/,tel:+79125799665,,true,true,tel,pass,
/ograzhdeniya-i-zabory/vorota/,https://t.me/smu1build,,true,true,external,pass,
/ograzhdeniya-i-zabory/vorota/,mailto:smu1.kurgan@yandex.ru,,true,true,mailto,pass,
/ograzhdeniya-i-zabory/vorota/,/,/,true,true,internal,pass,
/ograzhdeniya-i-zabory/vorota/,/ograzhdeniya-i-zabory/,/ograzhdeniya-i-zabory/,true,true,internal,pass,
/ograzhdeniya-i-zabory/vorota/,#contact,/ograzhdeniya-i-zabory/vorota/,true,true,anchor,pass,
/ograzhdeniya-i-zabory/vorota/,/ograzhdeniya-i-zabory/,/ograzhdeniya-i-zabory/,true,true,internal,pass,
/ograzhdeniya-i-zabory/vorota/,/ograzhdeniya-i-zabory/,/ograzhdeniya-i-zabory/,true,true,internal,pass,
/ograzhdeniya-i-zabory/vorota/,https://t.me/smu1build,,true,true,external,pass,
/ograzhdeniya-i-zabory/vorota/,tel:+79129735006,,true,true,tel,pass,
/ograzhdeniya-i-zabory/vorota/,https://t.me/smu1build,,true,true,external,pass,
/ograzhdeniya-i-zabory/vorota/,mailto:smu1.kurgan@yandex.ru,,true,true,mailto,pass,
/ograzhdeniya-i-zabory/vorota/,/kontakty/,/kontakty/,true,true,internal,pass,
/ograzhdeniya-i-zabory/vorota/,/,/,true,true,internal,pass,
/ograzhdeniya-i-zabory/vorota/,/ulichnaya-mebel/,/ulichnaya-mebel/,true,true,internal,pass,
/ograzhdeniya-i-zabory/vorota/,/ograzhdeniya-i-zabory/,/ograzhdeniya-i-zabory/,true,true,internal,pass,
/ograzhdeniya-i-zabory/vorota/,/navesy-i-kozyrki/,/navesy-i-kozyrki/,true,true,internal,pass,
/ograzhdeniya-i-zabory/vorota/,/metallokonstruktsii-dlya-biznesa/,/metallokonstruktsii-dlya-biznesa/,true,true,internal,pass,
/ograzhdeniya-i-zabory/vorota/,/topiarii/,/topiarii/,true,true,internal,pass,
/ograzhdeniya-i-zabory/vorota/,/blagoustroystvo-territoriy/,/blagoustroystvo-territoriy/,true,true,internal,pass,
/ograzhdeniya-i-zabory/vorota/,/stroitelstvo-i-remonty/,/stroitelstvo-i-remonty/,true,true,internal,pass,
/ograzhdeniya-i-zabory/vorota/,/ulichnaya-mebel/,/ulichnaya-mebel/,true,true,internal,pass,
/ograzhdeniya-i-zabory/vorota/,/ograzhdeniya-i-zabory/,/ograzhdeniya-i-zabory/,true,true,internal,pass,
/ograzhdeniya-i-zabory/vorota/,/navesy-i-kozyrki/,/navesy-i-kozyrki/,true,true,internal,pass,
/ograzhdeniya-i-zabory/vorota/,/metallokonstruktsii-dlya-biznesa/,/metallokonstruktsii-dlya-biznesa/,true,true,internal,pass,
/ograzhdeniya-i-zabory/vorota/,/topiarii/,/topiarii/,true,true,internal,pass,
/ograzhdeniya-i-zabory/vorota/,/blagoustroystvo-territoriy/,/blagoustroystvo-territoriy/,true,true,internal,pass,
/ograzhdeniya-i-zabory/vorota/,/stroitelstvo-i-remonty/,/stroitelstvo-i-remonty/,true,true,internal,pass,
/ograzhdeniya-i-zabory/vorota/,/izgotovlenie-na-zakaz/,/izgotovlenie-na-zakaz/,true,true,internal,pass,
/ograzhdeniya-i-zabory/vorota/,/vypolnennye-obekty/,/vypolnennye-obekty/,true,true,internal,pass,
/ograzhdeniya-i-zabory/vorota/,/o-nas/,/o-nas/,true,true,internal,pass,
/ograzhdeniya-i-zabory/vorota/,/kontakty/,/kontakty/,true,true,internal,pass,
/ograzhdeniya-i-zabory/vorota/,/vakansii/,/vakansii/,true,true,internal,pass,
/ograzhdeniya-i-zabory/vorota/,/izgotovlenie-na-zakaz/,/izgotovlenie-na-zakaz/,true,true,internal,pass,
/ograzhdeniya-i-zabory/vorota/,/vypolnennye-obekty/,/vypolnennye-obekty/,true,true,internal,pass,
/ograzhdeniya-i-zabory/vorota/,/o-nas/,/o-nas/,true,true,internal,pass,
/ograzhdeniya-i-zabory/vorota/,/kontakty/,/kontakty/,true,true,internal,pass,
/ograzhdeniya-i-zabory/vorota/,/vakansii/,/vakansii/,true,true,internal,pass,
/ograzhdeniya-i-zabory/vorota/,#contact,/ograzhdeniya-i-zabory/vorota/,true,true,anchor,pass,
/ograzhdeniya-i-zabory/vorota/,tel:+79129735006,,true,true,tel,pass,
/ograzhdeniya-i-zabory/vorota/,tel:+79125799665,,true,true,tel,pass,
/ograzhdeniya-i-zabory/vorota/,https://t.me/smu1build,,true,true,external,pass,
/ograzhdeniya-i-zabory/vorota/,mailto:smu1.kurgan@yandex.ru,,true,true,mailto,pass,
/ograzhdeniya-i-zabory/vorota/,/politika-konfidencialnosti/,/politika-konfidencialnosti/,true,true,internal,pass,
/ograzhdeniya-i-zabory/vorota/,/politika-konfidencialnosti/,/politika-konfidencialnosti/,true,true,internal,pass,
/ograzhdeniya-i-zabory/zabory/,#main-content,/ograzhdeniya-i-zabory/zabory/,true,true,anchor,pass,
/ograzhdeniya-i-zabory/zabory/,/,/,true,true,internal,pass,
/ograzhdeniya-i-zabory/zabory/,/ulichnaya-mebel/,/ulichnaya-mebel/,true,true,internal,pass,
/ograzhdeniya-i-zabory/zabory/,/ograzhdeniya-i-zabory/,/ograzhdeniya-i-zabory/,true,true,internal,pass,
/ograzhdeniya-i-zabory/zabory/,/navesy-i-kozyrki/,/navesy-i-kozyrki/,true,true,internal,pass,
/ograzhdeniya-i-zabory/zabory/,/topiarii/,/topiarii/,true,true,internal,pass,
/ograzhdeniya-i-zabory/zabory/,/izgotovlenie-na-zakaz/,/izgotovlenie-na-zakaz/,true,true,internal,pass,
/ograzhdeniya-i-zabory/zabory/,/metallokonstruktsii-dlya-biznesa/,/metallokonstruktsii-dlya-biznesa/,true,true,internal,pass,
/ograzhdeniya-i-zabory/zabory/,/blagoustroystvo-territoriy/,/blagoustroystvo-territoriy/,true,true,internal,pass,
/ograzhdeniya-i-zabory/zabory/,/stroitelstvo-i-remonty/,/stroitelstvo-i-remonty/,true,true,internal,pass,
/ograzhdeniya-i-zabory/zabory/,/vypolnennye-obekty/,/vypolnennye-obekty/,true,true,internal,pass,
/ograzhdeniya-i-zabory/zabory/,/o-nas/,/o-nas/,true,true,internal,pass,
/ograzhdeniya-i-zabory/zabory/,/kontakty/,/kontakty/,true,true,internal,pass,
/ograzhdeniya-i-zabory/zabory/,/vakansii/,/vakansii/,true,true,internal,pass,
/ograzhdeniya-i-zabory/zabory/,tel:+79129735006,,true,true,tel,pass,
/ograzhdeniya-i-zabory/zabory/,https://t.me/smu1build,,true,true,external,pass,
/ograzhdeniya-i-zabory/zabory/,#contact,/ograzhdeniya-i-zabory/zabory/,true,true,anchor,pass,
/ograzhdeniya-i-zabory/zabory/,/,/,true,true,internal,pass,
/ograzhdeniya-i-zabory/zabory/,#contact,/ograzhdeniya-i-zabory/zabory/,true,true,anchor,pass,
/ograzhdeniya-i-zabory/zabory/,/ulichnaya-mebel/,/ulichnaya-mebel/,true,true,internal,pass,
/ograzhdeniya-i-zabory/zabory/,/ograzhdeniya-i-zabory/,/ograzhdeniya-i-zabory/,true,true,internal,pass,
/ograzhdeniya-i-zabory/zabory/,/navesy-i-kozyrki/,/navesy-i-kozyrki/,true,true,internal,pass,
/ograzhdeniya-i-zabory/zabory/,/topiarii/,/topiarii/,true,true,internal,pass,
/ograzhdeniya-i-zabory/zabory/,/metallokonstruktsii-dlya-biznesa/,/metallokonstruktsii-dlya-biznesa/,true,true,internal,pass,
/ograzhdeniya-i-zabory/zabory/,/blagoustroystvo-territoriy/,/blagoustroystvo-territoriy/,true,true,internal,pass,
/ograzhdeniya-i-zabory/zabory/,/stroitelstvo-i-remonty/,/stroitelstvo-i-remonty/,true,true,internal,pass,
/ograzhdeniya-i-zabory/zabory/,/izgotovlenie-na-zakaz/,/izgotovlenie-na-zakaz/,true,true,internal,pass,
/ograzhdeniya-i-zabory/zabory/,/vypolnennye-obekty/,/vypolnennye-obekty/,true,true,internal,pass,
/ograzhdeniya-i-zabory/zabory/,/o-nas/,/o-nas/,true,true,internal,pass,
/ograzhdeniya-i-zabory/zabory/,/kontakty/,/kontakty/,true,true,internal,pass,
/ograzhdeniya-i-zabory/zabory/,/vakansii/,/vakansii/,true,true,internal,pass,
/ograzhdeniya-i-zabory/zabory/,tel:+79129735006,,true,true,tel,pass,
/ograzhdeniya-i-zabory/zabory/,tel:+79125799665,,true,true,tel,pass,
/ograzhdeniya-i-zabory/zabory/,https://t.me/smu1build,,true,true,external,pass,
/ograzhdeniya-i-zabory/zabory/,mailto:smu1.kurgan@yandex.ru,,true,true,mailto,pass,
/ograzhdeniya-i-zabory/zabory/,/,/,true,true,internal,pass,
/ograzhdeniya-i-zabory/zabory/,/ograzhdeniya-i-zabory/,/ograzhdeniya-i-zabory/,true,true,internal,pass,
/ograzhdeniya-i-zabory/zabory/,#contact,/ograzhdeniya-i-zabory/zabory/,true,true,anchor,pass,
/ograzhdeniya-i-zabory/zabory/,/ograzhdeniya-i-zabory/,/ograzhdeniya-i-zabory/,true,true,internal,pass,
/ograzhdeniya-i-zabory/zabory/,/ograzhdeniya-i-zabory/,/ograzhdeniya-i-zabory/,true,true,internal,pass,
/ograzhdeniya-i-zabory/zabory/,https://t.me/smu1build,,true,true,external,pass,
/ograzhdeniya-i-zabory/zabory/,tel:+79129735006,,true,true,tel,pass,
/ograzhdeniya-i-zabory/zabory/,https://t.me/smu1build,,true,true,external,pass,
/ograzhdeniya-i-zabory/zabory/,mailto:smu1.kurgan@yandex.ru,,true,true,mailto,pass,
/ograzhdeniya-i-zabory/zabory/,/kontakty/,/kontakty/,true,true,internal,pass,
/ograzhdeniya-i-zabory/zabory/,/,/,true,true,internal,pass,
/ograzhdeniya-i-zabory/zabory/,/ulichnaya-mebel/,/ulichnaya-mebel/,true,true,internal,pass,
/ograzhdeniya-i-zabory/zabory/,/ograzhdeniya-i-zabory/,/ograzhdeniya-i-zabory/,true,true,internal,pass,
/ograzhdeniya-i-zabory/zabory/,/navesy-i-kozyrki/,/navesy-i-kozyrki/,true,true,internal,pass,
/ograzhdeniya-i-zabory/zabory/,/metallokonstruktsii-dlya-biznesa/,/metallokonstruktsii-dlya-biznesa/,true,true,internal,pass,
/ograzhdeniya-i-zabory/zabory/,/topiarii/,/topiarii/,true,true,internal,pass,
/ograzhdeniya-i-zabory/zabory/,/blagoustroystvo-territoriy/,/blagoustroystvo-territoriy/,true,true,internal,pass,
/ograzhdeniya-i-zabory/zabory/,/stroitelstvo-i-remonty/,/stroitelstvo-i-remonty/,true,true,internal,pass,
/ograzhdeniya-i-zabory/zabory/,/ulichnaya-mebel/,/ulichnaya-mebel/,true,true,internal,pass,
/ograzhdeniya-i-zabory/zabory/,/ograzhdeniya-i-zabory/,/ograzhdeniya-i-zabory/,true,true,internal,pass,
/ograzhdeniya-i-zabory/zabory/,/navesy-i-kozyrki/,/navesy-i-kozyrki/,true,true,internal,pass,
/ograzhdeniya-i-zabory/zabory/,/metallokonstruktsii-dlya-biznesa/,/metallokonstruktsii-dlya-biznesa/,true,true,internal,pass,
/ograzhdeniya-i-zabory/zabory/,/topiarii/,/topiarii/,true,true,internal,pass,
/ograzhdeniya-i-zabory/zabory/,/blagoustroystvo-territoriy/,/blagoustroystvo-territoriy/,true,true,internal,pass,
/ograzhdeniya-i-zabory/zabory/,/stroitelstvo-i-remonty/,/stroitelstvo-i-remonty/,true,true,internal,pass,
/ograzhdeniya-i-zabory/zabory/,/izgotovlenie-na-zakaz/,/izgotovlenie-na-zakaz/,true,true,internal,pass,
/ograzhdeniya-i-zabory/zabory/,/vypolnennye-obekty/,/vypolnennye-obekty/,true,true,internal,pass,
/ograzhdeniya-i-zabory/zabory/,/o-nas/,/o-nas/,true,true,internal,pass,
/ograzhdeniya-i-zabory/zabory/,/kontakty/,/kontakty/,true,true,internal,pass,
/ograzhdeniya-i-zabory/zabory/,/vakansii/,/vakansii/,true,true,internal,pass,
/ograzhdeniya-i-zabory/zabory/,/izgotovlenie-na-zakaz/,/izgotovlenie-na-zakaz/,true,true,internal,pass,
/ograzhdeniya-i-zabory/zabory/,/vypolnennye-obekty/,/vypolnennye-obekty/,true,true,internal,pass,
/ograzhdeniya-i-zabory/zabory/,/o-nas/,/o-nas/,true,true,internal,pass,
/ograzhdeniya-i-zabory/zabory/,/kontakty/,/kontakty/,true,true,internal,pass,
/ograzhdeniya-i-zabory/zabory/,/vakansii/,/vakansii/,true,true,internal,pass,
/ograzhdeniya-i-zabory/zabory/,#contact,/ograzhdeniya-i-zabory/zabory/,true,true,anchor,pass,
/ograzhdeniya-i-zabory/zabory/,tel:+79129735006,,true,true,tel,pass,
/ograzhdeniya-i-zabory/zabory/,tel:+79125799665,,true,true,tel,pass,
/ograzhdeniya-i-zabory/zabory/,https://t.me/smu1build,,true,true,external,pass,
/ograzhdeniya-i-zabory/zabory/,mailto:smu1.kurgan@yandex.ru,,true,true,mailto,pass,
/ograzhdeniya-i-zabory/zabory/,/politika-konfidencialnosti/,/politika-konfidencialnosti/,true,true,internal,pass,
/ograzhdeniya-i-zabory/zabory/,/politika-konfidencialnosti/,/politika-konfidencialnosti/,true,true,internal,pass,
/ulichnaya-mebel/besedki-i-pergoly/besedka-kofe/,#main-content,/ulichnaya-mebel/besedki-i-pergoly/besedka-kofe/,true,true,anchor,pass,
/ulichnaya-mebel/besedki-i-pergoly/besedka-kofe/,/,/,true,true,internal,pass,
/ulichnaya-mebel/besedki-i-pergoly/besedka-kofe/,/ulichnaya-mebel/,/ulichnaya-mebel/,true,true,internal,pass,
/ulichnaya-mebel/besedki-i-pergoly/besedka-kofe/,/ograzhdeniya-i-zabory/,/ograzhdeniya-i-zabory/,true,true,internal,pass,
/ulichnaya-mebel/besedki-i-pergoly/besedka-kofe/,/navesy-i-kozyrki/,/navesy-i-kozyrki/,true,true,internal,pass,
/ulichnaya-mebel/besedki-i-pergoly/besedka-kofe/,/topiarii/,/topiarii/,true,true,internal,pass,
/ulichnaya-mebel/besedki-i-pergoly/besedka-kofe/,/izgotovlenie-na-zakaz/,/izgotovlenie-na-zakaz/,true,true,internal,pass,
/ulichnaya-mebel/besedki-i-pergoly/besedka-kofe/,/metallokonstruktsii-dlya-biznesa/,/metallokonstruktsii-dlya-biznesa/,true,true,internal,pass,
/ulichnaya-mebel/besedki-i-pergoly/besedka-kofe/,/blagoustroystvo-territoriy/,/blagoustroystvo-territoriy/,true,true,internal,pass,
/ulichnaya-mebel/besedki-i-pergoly/besedka-kofe/,/stroitelstvo-i-remonty/,/stroitelstvo-i-remonty/,true,true,internal,pass,
/ulichnaya-mebel/besedki-i-pergoly/besedka-kofe/,/vypolnennye-obekty/,/vypolnennye-obekty/,true,true,internal,pass,
/ulichnaya-mebel/besedki-i-pergoly/besedka-kofe/,/o-nas/,/o-nas/,true,true,internal,pass,
/ulichnaya-mebel/besedki-i-pergoly/besedka-kofe/,/kontakty/,/kontakty/,true,true,internal,pass,
/ulichnaya-mebel/besedki-i-pergoly/besedka-kofe/,/vakansii/,/vakansii/,true,true,internal,pass,
/ulichnaya-mebel/besedki-i-pergoly/besedka-kofe/,tel:+79129735006,,true,true,tel,pass,
/ulichnaya-mebel/besedki-i-pergoly/besedka-kofe/,https://t.me/smu1build,,true,true,external,pass,
/ulichnaya-mebel/besedki-i-pergoly/besedka-kofe/,#contact,/ulichnaya-mebel/besedki-i-pergoly/besedka-kofe/,true,true,anchor,pass,
/ulichnaya-mebel/besedki-i-pergoly/besedka-kofe/,/,/,true,true,internal,pass,
/ulichnaya-mebel/besedki-i-pergoly/besedka-kofe/,#contact,/ulichnaya-mebel/besedki-i-pergoly/besedka-kofe/,true,true,anchor,pass,
/ulichnaya-mebel/besedki-i-pergoly/besedka-kofe/,/ulichnaya-mebel/,/ulichnaya-mebel/,true,true,internal,pass,
/ulichnaya-mebel/besedki-i-pergoly/besedka-kofe/,/ograzhdeniya-i-zabory/,/ograzhdeniya-i-zabory/,true,true,internal,pass,
/ulichnaya-mebel/besedki-i-pergoly/besedka-kofe/,/navesy-i-kozyrki/,/navesy-i-kozyrki/,true,true,internal,pass,
/ulichnaya-mebel/besedki-i-pergoly/besedka-kofe/,/topiarii/,/topiarii/,true,true,internal,pass,
/ulichnaya-mebel/besedki-i-pergoly/besedka-kofe/,/metallokonstruktsii-dlya-biznesa/,/metallokonstruktsii-dlya-biznesa/,true,true,internal,pass,
/ulichnaya-mebel/besedki-i-pergoly/besedka-kofe/,/blagoustroystvo-territoriy/,/blagoustroystvo-territoriy/,true,true,internal,pass,
/ulichnaya-mebel/besedki-i-pergoly/besedka-kofe/,/stroitelstvo-i-remonty/,/stroitelstvo-i-remonty/,true,true,internal,pass,
/ulichnaya-mebel/besedki-i-pergoly/besedka-kofe/,/izgotovlenie-na-zakaz/,/izgotovlenie-na-zakaz/,true,true,internal,pass,
/ulichnaya-mebel/besedki-i-pergoly/besedka-kofe/,/vypolnennye-obekty/,/vypolnennye-obekty/,true,true,internal,pass,
/ulichnaya-mebel/besedki-i-pergoly/besedka-kofe/,/o-nas/,/o-nas/,true,true,internal,pass,
/ulichnaya-mebel/besedki-i-pergoly/besedka-kofe/,/kontakty/,/kontakty/,true,true,internal,pass,
/ulichnaya-mebel/besedki-i-pergoly/besedka-kofe/,/vakansii/,/vakansii/,true,true,internal,pass,
/ulichnaya-mebel/besedki-i-pergoly/besedka-kofe/,tel:+79129735006,,true,true,tel,pass,
/ulichnaya-mebel/besedki-i-pergoly/besedka-kofe/,tel:+79125799665,,true,true,tel,pass,
/ulichnaya-mebel/besedki-i-pergoly/besedka-kofe/,https://t.me/smu1build,,true,true,external,pass,
/ulichnaya-mebel/besedki-i-pergoly/besedka-kofe/,mailto:smu1.kurgan@yandex.ru,,true,true,mailto,pass,
/ulichnaya-mebel/besedki-i-pergoly/besedka-kofe/,/,/,true,true,internal,pass,
/ulichnaya-mebel/besedki-i-pergoly/besedka-kofe/,/ulichnaya-mebel/,/ulichnaya-mebel/,true,true,internal,pass,
/ulichnaya-mebel/besedki-i-pergoly/besedka-kofe/,/ulichnaya-mebel/besedki-i-pergoly/,/ulichnaya-mebel/besedki-i-pergoly/,true,true,internal,pass,
/ulichnaya-mebel/besedki-i-pergoly/besedka-kofe/,#contact,/ulichnaya-mebel/besedki-i-pergoly/besedka-kofe/,true,true,anchor,pass,
/ulichnaya-mebel/besedki-i-pergoly/besedka-kofe/,https://t.me/smu1build,,true,true,external,pass,
/ulichnaya-mebel/besedki-i-pergoly/besedka-kofe/,#contact,/ulichnaya-mebel/besedki-i-pergoly/besedka-kofe/,true,true,anchor,pass,
/ulichnaya-mebel/besedki-i-pergoly/besedka-kofe/,/ulichnaya-mebel/besedki-i-pergoly/,/ulichnaya-mebel/besedki-i-pergoly/,true,true,internal,pass,
/ulichnaya-mebel/besedki-i-pergoly/besedka-kofe/,/ulichnaya-mebel/besedki-i-pergoly/pergola-lamel/,/ulichnaya-mebel/besedki-i-pergoly/pergola-lamel/,true,true,internal,pass,
/ulichnaya-mebel/besedki-i-pergoly/besedka-kofe/,/ulichnaya-mebel/besedki-i-pergoly/pergola-s-lavkoy/,/ulichnaya-mebel/besedki-i-pergoly/pergola-s-lavkoy/,true,true,internal,pass,
/ulichnaya-mebel/besedki-i-pergoly/besedka-kofe/,/ulichnaya-mebel/besedki-i-pergoly/besedka-kub/,/ulichnaya-mebel/besedki-i-pergoly/besedka-kub/,true,true,internal,pass,
/ulichnaya-mebel/besedki-i-pergoly/besedka-kofe/,https://t.me/smu1build,,true,true,external,pass,
/ulichnaya-mebel/besedki-i-pergoly/besedka-kofe/,/izgotovlenie-na-zakaz/,/izgotovlenie-na-zakaz/,true,true,internal,pass,
/ulichnaya-mebel/besedki-i-pergoly/besedka-kofe/,tel:+79129735006,,true,true,tel,pass,
/ulichnaya-mebel/besedki-i-pergoly/besedka-kofe/,https://t.me/smu1build,,true,true,external,pass,
/ulichnaya-mebel/besedki-i-pergoly/besedka-kofe/,mailto:smu1.kurgan@yandex.ru,,true,true,mailto,pass,
/ulichnaya-mebel/besedki-i-pergoly/besedka-kofe/,/kontakty/,/kontakty/,true,true,internal,pass,
/ulichnaya-mebel/besedki-i-pergoly/besedka-kofe/,/,/,true,true,internal,pass,
/ulichnaya-mebel/besedki-i-pergoly/besedka-kofe/,/ulichnaya-mebel/,/ulichnaya-mebel/,true,true,internal,pass,
/ulichnaya-mebel/besedki-i-pergoly/besedka-kofe/,/ograzhdeniya-i-zabory/,/ograzhdeniya-i-zabory/,true,true,internal,pass,
/ulichnaya-mebel/besedki-i-pergoly/besedka-kofe/,/navesy-i-kozyrki/,/navesy-i-kozyrki/,true,true,internal,pass,
/ulichnaya-mebel/besedki-i-pergoly/besedka-kofe/,/metallokonstruktsii-dlya-biznesa/,/metallokonstruktsii-dlya-biznesa/,true,true,internal,pass,
/ulichnaya-mebel/besedki-i-pergoly/besedka-kofe/,/topiarii/,/topiarii/,true,true,internal,pass,
/ulichnaya-mebel/besedki-i-pergoly/besedka-kofe/,/blagoustroystvo-territoriy/,/blagoustroystvo-territoriy/,true,true,internal,pass,
/ulichnaya-mebel/besedki-i-pergoly/besedka-kofe/,/stroitelstvo-i-remonty/,/stroitelstvo-i-remonty/,true,true,internal,pass,
/ulichnaya-mebel/besedki-i-pergoly/besedka-kofe/,/ulichnaya-mebel/,/ulichnaya-mebel/,true,true,internal,pass,
/ulichnaya-mebel/besedki-i-pergoly/besedka-kofe/,/ograzhdeniya-i-zabory/,/ograzhdeniya-i-zabory/,true,true,internal,pass,
/ulichnaya-mebel/besedki-i-pergoly/besedka-kofe/,/navesy-i-kozyrki/,/navesy-i-kozyrki/,true,true,internal,pass,
/ulichnaya-mebel/besedki-i-pergoly/besedka-kofe/,/metallokonstruktsii-dlya-biznesa/,/metallokonstruktsii-dlya-biznesa/,true,true,internal,pass,
/ulichnaya-mebel/besedki-i-pergoly/besedka-kofe/,/topiarii/,/topiarii/,true,true,internal,pass,
/ulichnaya-mebel/besedki-i-pergoly/besedka-kofe/,/blagoustroystvo-territoriy/,/blagoustroystvo-territoriy/,true,true,internal,pass,
/ulichnaya-mebel/besedki-i-pergoly/besedka-kofe/,/stroitelstvo-i-remonty/,/stroitelstvo-i-remonty/,true,true,internal,pass,
/ulichnaya-mebel/besedki-i-pergoly/besedka-kofe/,/izgotovlenie-na-zakaz/,/izgotovlenie-na-zakaz/,true,true,internal,pass,
/ulichnaya-mebel/besedki-i-pergoly/besedka-kofe/,/vypolnennye-obekty/,/vypolnennye-obekty/,true,true,internal,pass,
/ulichnaya-mebel/besedki-i-pergoly/besedka-kofe/,/o-nas/,/o-nas/,true,true,internal,pass,
/ulichnaya-mebel/besedki-i-pergoly/besedka-kofe/,/kontakty/,/kontakty/,true,true,internal,pass,
/ulichnaya-mebel/besedki-i-pergoly/besedka-kofe/,/vakansii/,/vakansii/,true,true,internal,pass,
/ulichnaya-mebel/besedki-i-pergoly/besedka-kofe/,/izgotovlenie-na-zakaz/,/izgotovlenie-na-zakaz/,true,true,internal,pass,
/ulichnaya-mebel/besedki-i-pergoly/besedka-kofe/,/vypolnennye-obekty/,/vypolnennye-obekty/,true,true,internal,pass,
/ulichnaya-mebel/besedki-i-pergoly/besedka-kofe/,/o-nas/,/o-nas/,true,true,internal,pass,
/ulichnaya-mebel/besedki-i-pergoly/besedka-kofe/,/kontakty/,/kontakty/,true,true,internal,pass,
/ulichnaya-mebel/besedki-i-pergoly/besedka-kofe/,/vakansii/,/vakansii/,true,true,internal,pass,
/ulichnaya-mebel/besedki-i-pergoly/besedka-kofe/,#contact,/ulichnaya-mebel/besedki-i-pergoly/besedka-kofe/,true,true,anchor,pass,
/ulichnaya-mebel/besedki-i-pergoly/besedka-kofe/,tel:+79129735006,,true,true,tel,pass,
/ulichnaya-mebel/besedki-i-pergoly/besedka-kofe/,tel:+79125799665,,true,true,tel,pass,
/ulichnaya-mebel/besedki-i-pergoly/besedka-kofe/,https://t.me/smu1build,,true,true,external,pass,
/ulichnaya-mebel/besedki-i-pergoly/besedka-kofe/,mailto:smu1.kurgan@yandex.ru,,true,true,mailto,pass,
/ulichnaya-mebel/besedki-i-pergoly/besedka-kofe/,/politika-konfidencialnosti/,/politika-konfidencialnosti/,true,true,internal,pass,
/ulichnaya-mebel/besedki-i-pergoly/besedka-kofe/,/politika-konfidencialnosti/,/politika-konfidencialnosti/,true,true,internal,pass,
/ulichnaya-mebel/besedki-i-pergoly/besedka-kub/,#main-content,/ulichnaya-mebel/besedki-i-pergoly/besedka-kub/,true,true,anchor,pass,
/ulichnaya-mebel/besedki-i-pergoly/besedka-kub/,/,/,true,true,internal,pass,
/ulichnaya-mebel/besedki-i-pergoly/besedka-kub/,/ulichnaya-mebel/,/ulichnaya-mebel/,true,true,internal,pass,
/ulichnaya-mebel/besedki-i-pergoly/besedka-kub/,/ograzhdeniya-i-zabory/,/ograzhdeniya-i-zabory/,true,true,internal,pass,
/ulichnaya-mebel/besedki-i-pergoly/besedka-kub/,/navesy-i-kozyrki/,/navesy-i-kozyrki/,true,true,internal,pass,
/ulichnaya-mebel/besedki-i-pergoly/besedka-kub/,/topiarii/,/topiarii/,true,true,internal,pass,
/ulichnaya-mebel/besedki-i-pergoly/besedka-kub/,/izgotovlenie-na-zakaz/,/izgotovlenie-na-zakaz/,true,true,internal,pass,
/ulichnaya-mebel/besedki-i-pergoly/besedka-kub/,/metallokonstruktsii-dlya-biznesa/,/metallokonstruktsii-dlya-biznesa/,true,true,internal,pass,
/ulichnaya-mebel/besedki-i-pergoly/besedka-kub/,/blagoustroystvo-territoriy/,/blagoustroystvo-territoriy/,true,true,internal,pass,
/ulichnaya-mebel/besedki-i-pergoly/besedka-kub/,/stroitelstvo-i-remonty/,/stroitelstvo-i-remonty/,true,true,internal,pass,
/ulichnaya-mebel/besedki-i-pergoly/besedka-kub/,/vypolnennye-obekty/,/vypolnennye-obekty/,true,true,internal,pass,
/ulichnaya-mebel/besedki-i-pergoly/besedka-kub/,/o-nas/,/o-nas/,true,true,internal,pass,
/ulichnaya-mebel/besedki-i-pergoly/besedka-kub/,/kontakty/,/kontakty/,true,true,internal,pass,
/ulichnaya-mebel/besedki-i-pergoly/besedka-kub/,/vakansii/,/vakansii/,true,true,internal,pass,
/ulichnaya-mebel/besedki-i-pergoly/besedka-kub/,tel:+79129735006,,true,true,tel,pass,
/ulichnaya-mebel/besedki-i-pergoly/besedka-kub/,https://t.me/smu1build,,true,true,external,pass,
/ulichnaya-mebel/besedki-i-pergoly/besedka-kub/,#contact,/ulichnaya-mebel/besedki-i-pergoly/besedka-kub/,true,true,anchor,pass,
/ulichnaya-mebel/besedki-i-pergoly/besedka-kub/,/,/,true,true,internal,pass,
/ulichnaya-mebel/besedki-i-pergoly/besedka-kub/,#contact,/ulichnaya-mebel/besedki-i-pergoly/besedka-kub/,true,true,anchor,pass,
/ulichnaya-mebel/besedki-i-pergoly/besedka-kub/,/ulichnaya-mebel/,/ulichnaya-mebel/,true,true,internal,pass,
/ulichnaya-mebel/besedki-i-pergoly/besedka-kub/,/ograzhdeniya-i-zabory/,/ograzhdeniya-i-zabory/,true,true,internal,pass,
/ulichnaya-mebel/besedki-i-pergoly/besedka-kub/,/navesy-i-kozyrki/,/navesy-i-kozyrki/,true,true,internal,pass,
/ulichnaya-mebel/besedki-i-pergoly/besedka-kub/,/topiarii/,/topiarii/,true,true,internal,pass,
/ulichnaya-mebel/besedki-i-pergoly/besedka-kub/,/metallokonstruktsii-dlya-biznesa/,/metallokonstruktsii-dlya-biznesa/,true,true,internal,pass,
/ulichnaya-mebel/besedki-i-pergoly/besedka-kub/,/blagoustroystvo-territoriy/,/blagoustroystvo-territoriy/,true,true,internal,pass,
/ulichnaya-mebel/besedki-i-pergoly/besedka-kub/,/stroitelstvo-i-remonty/,/stroitelstvo-i-remonty/,true,true,internal,pass,
/ulichnaya-mebel/besedki-i-pergoly/besedka-kub/,/izgotovlenie-na-zakaz/,/izgotovlenie-na-zakaz/,true,true,internal,pass,
/ulichnaya-mebel/besedki-i-pergoly/besedka-kub/,/vypolnennye-obekty/,/vypolnennye-obekty/,true,true,internal,pass,
/ulichnaya-mebel/besedki-i-pergoly/besedka-kub/,/o-nas/,/o-nas/,true,true,internal,pass,
/ulichnaya-mebel/besedki-i-pergoly/besedka-kub/,/kontakty/,/kontakty/,true,true,internal,pass,
/ulichnaya-mebel/besedki-i-pergoly/besedka-kub/,/vakansii/,/vakansii/,true,true,internal,pass,
/ulichnaya-mebel/besedki-i-pergoly/besedka-kub/,tel:+79129735006,,true,true,tel,pass,
/ulichnaya-mebel/besedki-i-pergoly/besedka-kub/,tel:+79125799665,,true,true,tel,pass,
/ulichnaya-mebel/besedki-i-pergoly/besedka-kub/,https://t.me/smu1build,,true,true,external,pass,
/ulichnaya-mebel/besedki-i-pergoly/besedka-kub/,mailto:smu1.kurgan@yandex.ru,,true,true,mailto,pass,
/ulichnaya-mebel/besedki-i-pergoly/besedka-kub/,/,/,true,true,internal,pass,
/ulichnaya-mebel/besedki-i-pergoly/besedka-kub/,/ulichnaya-mebel/,/ulichnaya-mebel/,true,true,internal,pass,
/ulichnaya-mebel/besedki-i-pergoly/besedka-kub/,/ulichnaya-mebel/besedki-i-pergoly/,/ulichnaya-mebel/besedki-i-pergoly/,true,true,internal,pass,
/ulichnaya-mebel/besedki-i-pergoly/besedka-kub/,#contact,/ulichnaya-mebel/besedki-i-pergoly/besedka-kub/,true,true,anchor,pass,
/ulichnaya-mebel/besedki-i-pergoly/besedka-kub/,https://t.me/smu1build,,true,true,external,pass,
/ulichnaya-mebel/besedki-i-pergoly/besedka-kub/,#contact,/ulichnaya-mebel/besedki-i-pergoly/besedka-kub/,true,true,anchor,pass,
/ulichnaya-mebel/besedki-i-pergoly/besedka-kub/,/ulichnaya-mebel/besedki-i-pergoly/,/ulichnaya-mebel/besedki-i-pergoly/,true,true,internal,pass,
/ulichnaya-mebel/besedki-i-pergoly/besedka-kub/,/ulichnaya-mebel/besedki-i-pergoly/pergola-lamel/,/ulichnaya-mebel/besedki-i-pergoly/pergola-lamel/,true,true,internal,pass,
/ulichnaya-mebel/besedki-i-pergoly/besedka-kub/,/ulichnaya-mebel/besedki-i-pergoly/pergola-s-lavkoy/,/ulichnaya-mebel/besedki-i-pergoly/pergola-s-lavkoy/,true,true,internal,pass,
/ulichnaya-mebel/besedki-i-pergoly/besedka-kub/,/ulichnaya-mebel/besedki-i-pergoly/besedka-kofe/,/ulichnaya-mebel/besedki-i-pergoly/besedka-kofe/,true,true,internal,pass,
/ulichnaya-mebel/besedki-i-pergoly/besedka-kub/,https://t.me/smu1build,,true,true,external,pass,
/ulichnaya-mebel/besedki-i-pergoly/besedka-kub/,/izgotovlenie-na-zakaz/,/izgotovlenie-na-zakaz/,true,true,internal,pass,
/ulichnaya-mebel/besedki-i-pergoly/besedka-kub/,tel:+79129735006,,true,true,tel,pass,
/ulichnaya-mebel/besedki-i-pergoly/besedka-kub/,https://t.me/smu1build,,true,true,external,pass,
/ulichnaya-mebel/besedki-i-pergoly/besedka-kub/,mailto:smu1.kurgan@yandex.ru,,true,true,mailto,pass,
/ulichnaya-mebel/besedki-i-pergoly/besedka-kub/,/kontakty/,/kontakty/,true,true,internal,pass,
/ulichnaya-mebel/besedki-i-pergoly/besedka-kub/,/,/,true,true,internal,pass,
/ulichnaya-mebel/besedki-i-pergoly/besedka-kub/,/ulichnaya-mebel/,/ulichnaya-mebel/,true,true,internal,pass,
/ulichnaya-mebel/besedki-i-pergoly/besedka-kub/,/ograzhdeniya-i-zabory/,/ograzhdeniya-i-zabory/,true,true,internal,pass,
/ulichnaya-mebel/besedki-i-pergoly/besedka-kub/,/navesy-i-kozyrki/,/navesy-i-kozyrki/,true,true,internal,pass,
/ulichnaya-mebel/besedki-i-pergoly/besedka-kub/,/metallokonstruktsii-dlya-biznesa/,/metallokonstruktsii-dlya-biznesa/,true,true,internal,pass,
/ulichnaya-mebel/besedki-i-pergoly/besedka-kub/,/topiarii/,/topiarii/,true,true,internal,pass,
/ulichnaya-mebel/besedki-i-pergoly/besedka-kub/,/blagoustroystvo-territoriy/,/blagoustroystvo-territoriy/,true,true,internal,pass,
/ulichnaya-mebel/besedki-i-pergoly/besedka-kub/,/stroitelstvo-i-remonty/,/stroitelstvo-i-remonty/,true,true,internal,pass,
/ulichnaya-mebel/besedki-i-pergoly/besedka-kub/,/ulichnaya-mebel/,/ulichnaya-mebel/,true,true,internal,pass,
/ulichnaya-mebel/besedki-i-pergoly/besedka-kub/,/ograzhdeniya-i-zabory/,/ograzhdeniya-i-zabory/,true,true,internal,pass,
/ulichnaya-mebel/besedki-i-pergoly/besedka-kub/,/navesy-i-kozyrki/,/navesy-i-kozyrki/,true,true,internal,pass,
/ulichnaya-mebel/besedki-i-pergoly/besedka-kub/,/metallokonstruktsii-dlya-biznesa/,/metallokonstruktsii-dlya-biznesa/,true,true,internal,pass,
/ulichnaya-mebel/besedki-i-pergoly/besedka-kub/,/topiarii/,/topiarii/,true,true,internal,pass,
/ulichnaya-mebel/besedki-i-pergoly/besedka-kub/,/blagoustroystvo-territoriy/,/blagoustroystvo-territoriy/,true,true,internal,pass,
/ulichnaya-mebel/besedki-i-pergoly/besedka-kub/,/stroitelstvo-i-remonty/,/stroitelstvo-i-remonty/,true,true,internal,pass,
/ulichnaya-mebel/besedki-i-pergoly/besedka-kub/,/izgotovlenie-na-zakaz/,/izgotovlenie-na-zakaz/,true,true,internal,pass,
/ulichnaya-mebel/besedki-i-pergoly/besedka-kub/,/vypolnennye-obekty/,/vypolnennye-obekty/,true,true,internal,pass,
/ulichnaya-mebel/besedki-i-pergoly/besedka-kub/,/o-nas/,/o-nas/,true,true,internal,pass,
/ulichnaya-mebel/besedki-i-pergoly/besedka-kub/,/kontakty/,/kontakty/,true,true,internal,pass,
/ulichnaya-mebel/besedki-i-pergoly/besedka-kub/,/vakansii/,/vakansii/,true,true,internal,pass,
/ulichnaya-mebel/besedki-i-pergoly/besedka-kub/,/izgotovlenie-na-zakaz/,/izgotovlenie-na-zakaz/,true,true,internal,pass,
/ulichnaya-mebel/besedki-i-pergoly/besedka-kub/,/vypolnennye-obekty/,/vypolnennye-obekty/,true,true,internal,pass,
/ulichnaya-mebel/besedki-i-pergoly/besedka-kub/,/o-nas/,/o-nas/,true,true,internal,pass,
/ulichnaya-mebel/besedki-i-pergoly/besedka-kub/,/kontakty/,/kontakty/,true,true,internal,pass,
/ulichnaya-mebel/besedki-i-pergoly/besedka-kub/,/vakansii/,/vakansii/,true,true,internal,pass,
/ulichnaya-mebel/besedki-i-pergoly/besedka-kub/,#contact,/ulichnaya-mebel/besedki-i-pergoly/besedka-kub/,true,true,anchor,pass,
/ulichnaya-mebel/besedki-i-pergoly/besedka-kub/,tel:+79129735006,,true,true,tel,pass,
/ulichnaya-mebel/besedki-i-pergoly/besedka-kub/,tel:+79125799665,,true,true,tel,pass,
/ulichnaya-mebel/besedki-i-pergoly/besedka-kub/,https://t.me/smu1build,,true,true,external,pass,
/ulichnaya-mebel/besedki-i-pergoly/besedka-kub/,mailto:smu1.kurgan@yandex.ru,,true,true,mailto,pass,
/ulichnaya-mebel/besedki-i-pergoly/besedka-kub/,/politika-konfidencialnosti/,/politika-konfidencialnosti/,true,true,internal,pass,
/ulichnaya-mebel/besedki-i-pergoly/besedka-kub/,/politika-konfidencialnosti/,/politika-konfidencialnosti/,true,true,internal,pass,
/ulichnaya-mebel/lavochki-i-skameyki/bolshaya-skameyka-amplituda/,#main-content,/ulichnaya-mebel/lavochki-i-skameyki/bolshaya-skameyka-amplituda/,true,true,anchor,pass,
/ulichnaya-mebel/lavochki-i-skameyki/bolshaya-skameyka-amplituda/,/,/,true,true,internal,pass,
/ulichnaya-mebel/lavochki-i-skameyki/bolshaya-skameyka-amplituda/,/ulichnaya-mebel/,/ulichnaya-mebel/,true,true,internal,pass,
/ulichnaya-mebel/lavochki-i-skameyki/bolshaya-skameyka-amplituda/,/ograzhdeniya-i-zabory/,/ograzhdeniya-i-zabory/,true,true,internal,pass,
/ulichnaya-mebel/lavochki-i-skameyki/bolshaya-skameyka-amplituda/,/navesy-i-kozyrki/,/navesy-i-kozyrki/,true,true,internal,pass,
/ulichnaya-mebel/lavochki-i-skameyki/bolshaya-skameyka-amplituda/,/topiarii/,/topiarii/,true,true,internal,pass,
/ulichnaya-mebel/lavochki-i-skameyki/bolshaya-skameyka-amplituda/,/izgotovlenie-na-zakaz/,/izgotovlenie-na-zakaz/,true,true,internal,pass,
/ulichnaya-mebel/lavochki-i-skameyki/bolshaya-skameyka-amplituda/,/metallokonstruktsii-dlya-biznesa/,/metallokonstruktsii-dlya-biznesa/,true,true,internal,pass,
/ulichnaya-mebel/lavochki-i-skameyki/bolshaya-skameyka-amplituda/,/blagoustroystvo-territoriy/,/blagoustroystvo-territoriy/,true,true,internal,pass,
/ulichnaya-mebel/lavochki-i-skameyki/bolshaya-skameyka-amplituda/,/stroitelstvo-i-remonty/,/stroitelstvo-i-remonty/,true,true,internal,pass,
/ulichnaya-mebel/lavochki-i-skameyki/bolshaya-skameyka-amplituda/,/vypolnennye-obekty/,/vypolnennye-obekty/,true,true,internal,pass,
/ulichnaya-mebel/lavochki-i-skameyki/bolshaya-skameyka-amplituda/,/o-nas/,/o-nas/,true,true,internal,pass,
/ulichnaya-mebel/lavochki-i-skameyki/bolshaya-skameyka-amplituda/,/kontakty/,/kontakty/,true,true,internal,pass,
/ulichnaya-mebel/lavochki-i-skameyki/bolshaya-skameyka-amplituda/,/vakansii/,/vakansii/,true,true,internal,pass,
/ulichnaya-mebel/lavochki-i-skameyki/bolshaya-skameyka-amplituda/,tel:+79129735006,,true,true,tel,pass,
/ulichnaya-mebel/lavochki-i-skameyki/bolshaya-skameyka-amplituda/,https://t.me/smu1build,,true,true,external,pass,
/ulichnaya-mebel/lavochki-i-skameyki/bolshaya-skameyka-amplituda/,#contact,/ulichnaya-mebel/lavochki-i-skameyki/bolshaya-skameyka-amplituda/,true,true,anchor,pass,
/ulichnaya-mebel/lavochki-i-skameyki/bolshaya-skameyka-amplituda/,/,/,true,true,internal,pass,
/ulichnaya-mebel/lavochki-i-skameyki/bolshaya-skameyka-amplituda/,#contact,/ulichnaya-mebel/lavochki-i-skameyki/bolshaya-skameyka-amplituda/,true,true,anchor,pass,
/ulichnaya-mebel/lavochki-i-skameyki/bolshaya-skameyka-amplituda/,/ulichnaya-mebel/,/ulichnaya-mebel/,true,true,internal,pass,
/ulichnaya-mebel/lavochki-i-skameyki/bolshaya-skameyka-amplituda/,/ograzhdeniya-i-zabory/,/ograzhdeniya-i-zabory/,true,true,internal,pass,
/ulichnaya-mebel/lavochki-i-skameyki/bolshaya-skameyka-amplituda/,/navesy-i-kozyrki/,/navesy-i-kozyrki/,true,true,internal,pass,
/ulichnaya-mebel/lavochki-i-skameyki/bolshaya-skameyka-amplituda/,/topiarii/,/topiarii/,true,true,internal,pass,
/ulichnaya-mebel/lavochki-i-skameyki/bolshaya-skameyka-amplituda/,/metallokonstruktsii-dlya-biznesa/,/metallokonstruktsii-dlya-biznesa/,true,true,internal,pass,
/ulichnaya-mebel/lavochki-i-skameyki/bolshaya-skameyka-amplituda/,/blagoustroystvo-territoriy/,/blagoustroystvo-territoriy/,true,true,internal,pass,
/ulichnaya-mebel/lavochki-i-skameyki/bolshaya-skameyka-amplituda/,/stroitelstvo-i-remonty/,/stroitelstvo-i-remonty/,true,true,internal,pass,
/ulichnaya-mebel/lavochki-i-skameyki/bolshaya-skameyka-amplituda/,/izgotovlenie-na-zakaz/,/izgotovlenie-na-zakaz/,true,true,internal,pass,
/ulichnaya-mebel/lavochki-i-skameyki/bolshaya-skameyka-amplituda/,/vypolnennye-obekty/,/vypolnennye-obekty/,true,true,internal,pass,
/ulichnaya-mebel/lavochki-i-skameyki/bolshaya-skameyka-amplituda/,/o-nas/,/o-nas/,true,true,internal,pass,
/ulichnaya-mebel/lavochki-i-skameyki/bolshaya-skameyka-amplituda/,/kontakty/,/kontakty/,true,true,internal,pass,
/ulichnaya-mebel/lavochki-i-skameyki/bolshaya-skameyka-amplituda/,/vakansii/,/vakansii/,true,true,internal,pass,
/ulichnaya-mebel/lavochki-i-skameyki/bolshaya-skameyka-amplituda/,tel:+79129735006,,true,true,tel,pass,
/ulichnaya-mebel/lavochki-i-skameyki/bolshaya-skameyka-amplituda/,tel:+79125799665,,true,true,tel,pass,
/ulichnaya-mebel/lavochki-i-skameyki/bolshaya-skameyka-amplituda/,https://t.me/smu1build,,true,true,external,pass,
/ulichnaya-mebel/lavochki-i-skameyki/bolshaya-skameyka-amplituda/,mailto:smu1.kurgan@yandex.ru,,true,true,mailto,pass,
/ulichnaya-mebel/lavochki-i-skameyki/bolshaya-skameyka-amplituda/,/,/,true,true,internal,pass,
/ulichnaya-mebel/lavochki-i-skameyki/bolshaya-skameyka-amplituda/,/ulichnaya-mebel/,/ulichnaya-mebel/,true,true,internal,pass,
/ulichnaya-mebel/lavochki-i-skameyki/bolshaya-skameyka-amplituda/,/ulichnaya-mebel/lavochki-i-skameyki/,/ulichnaya-mebel/lavochki-i-skameyki/,true,true,internal,pass,
/ulichnaya-mebel/lavochki-i-skameyki/bolshaya-skameyka-amplituda/,#contact,/ulichnaya-mebel/lavochki-i-skameyki/bolshaya-skameyka-amplituda/,true,true,anchor,pass,
/ulichnaya-mebel/lavochki-i-skameyki/bolshaya-skameyka-amplituda/,https://t.me/smu1build,,true,true,external,pass,
/ulichnaya-mebel/lavochki-i-skameyki/bolshaya-skameyka-amplituda/,#contact,/ulichnaya-mebel/lavochki-i-skameyki/bolshaya-skameyka-amplituda/,true,true,anchor,pass,
/ulichnaya-mebel/lavochki-i-skameyki/bolshaya-skameyka-amplituda/,/ulichnaya-mebel/lavochki-i-skameyki/,/ulichnaya-mebel/lavochki-i-skameyki/,true,true,internal,pass,
/ulichnaya-mebel/lavochki-i-skameyki/bolshaya-skameyka-amplituda/,/ulichnaya-mebel/lavochki-i-skameyki/skamya-smu1-bazovaya/,/ulichnaya-mebel/lavochki-i-skameyki/skamya-smu1-bazovaya/,true,true,internal,pass,
/ulichnaya-mebel/lavochki-i-skameyki/bolshaya-skameyka-amplituda/,/ulichnaya-mebel/lavochki-i-skameyki/skamya-loft/,/ulichnaya-mebel/lavochki-i-skameyki/skamya-loft/,true,true,internal,pass,
/ulichnaya-mebel/lavochki-i-skameyki/bolshaya-skameyka-amplituda/,/ulichnaya-mebel/lavochki-i-skameyki/skamya-volna/,/ulichnaya-mebel/lavochki-i-skameyki/skamya-volna/,true,true,internal,pass,
/ulichnaya-mebel/lavochki-i-skameyki/bolshaya-skameyka-amplituda/,/ulichnaya-mebel/lavochki-i-skameyki/skamya-liniya/,/ulichnaya-mebel/lavochki-i-skameyki/skamya-liniya/,true,true,internal,pass,
/ulichnaya-mebel/lavochki-i-skameyki/bolshaya-skameyka-amplituda/,https://t.me/smu1build,,true,true,external,pass,
/ulichnaya-mebel/lavochki-i-skameyki/bolshaya-skameyka-amplituda/,/izgotovlenie-na-zakaz/,/izgotovlenie-na-zakaz/,true,true,internal,pass,
/ulichnaya-mebel/lavochki-i-skameyki/bolshaya-skameyka-amplituda/,tel:+79129735006,,true,true,tel,pass,
/ulichnaya-mebel/lavochki-i-skameyki/bolshaya-skameyka-amplituda/,https://t.me/smu1build,,true,true,external,pass,
/ulichnaya-mebel/lavochki-i-skameyki/bolshaya-skameyka-amplituda/,mailto:smu1.kurgan@yandex.ru,,true,true,mailto,pass,
/ulichnaya-mebel/lavochki-i-skameyki/bolshaya-skameyka-amplituda/,/kontakty/,/kontakty/,true,true,internal,pass,
/ulichnaya-mebel/lavochki-i-skameyki/bolshaya-skameyka-amplituda/,/,/,true,true,internal,pass,
/ulichnaya-mebel/lavochki-i-skameyki/bolshaya-skameyka-amplituda/,/ulichnaya-mebel/,/ulichnaya-mebel/,true,true,internal,pass,
/ulichnaya-mebel/lavochki-i-skameyki/bolshaya-skameyka-amplituda/,/ograzhdeniya-i-zabory/,/ograzhdeniya-i-zabory/,true,true,internal,pass,
/ulichnaya-mebel/lavochki-i-skameyki/bolshaya-skameyka-amplituda/,/navesy-i-kozyrki/,/navesy-i-kozyrki/,true,true,internal,pass,
/ulichnaya-mebel/lavochki-i-skameyki/bolshaya-skameyka-amplituda/,/metallokonstruktsii-dlya-biznesa/,/metallokonstruktsii-dlya-biznesa/,true,true,internal,pass,
/ulichnaya-mebel/lavochki-i-skameyki/bolshaya-skameyka-amplituda/,/topiarii/,/topiarii/,true,true,internal,pass,
/ulichnaya-mebel/lavochki-i-skameyki/bolshaya-skameyka-amplituda/,/blagoustroystvo-territoriy/,/blagoustroystvo-territoriy/,true,true,internal,pass,
/ulichnaya-mebel/lavochki-i-skameyki/bolshaya-skameyka-amplituda/,/stroitelstvo-i-remonty/,/stroitelstvo-i-remonty/,true,true,internal,pass,
/ulichnaya-mebel/lavochki-i-skameyki/bolshaya-skameyka-amplituda/,/ulichnaya-mebel/,/ulichnaya-mebel/,true,true,internal,pass,
/ulichnaya-mebel/lavochki-i-skameyki/bolshaya-skameyka-amplituda/,/ograzhdeniya-i-zabory/,/ograzhdeniya-i-zabory/,true,true,internal,pass,
/ulichnaya-mebel/lavochki-i-skameyki/bolshaya-skameyka-amplituda/,/navesy-i-kozyrki/,/navesy-i-kozyrki/,true,true,internal,pass,
/ulichnaya-mebel/lavochki-i-skameyki/bolshaya-skameyka-amplituda/,/metallokonstruktsii-dlya-biznesa/,/metallokonstruktsii-dlya-biznesa/,true,true,internal,pass,
/ulichnaya-mebel/lavochki-i-skameyki/bolshaya-skameyka-amplituda/,/topiarii/,/topiarii/,true,true,internal,pass,
/ulichnaya-mebel/lavochki-i-skameyki/bolshaya-skameyka-amplituda/,/blagoustroystvo-territoriy/,/blagoustroystvo-territoriy/,true,true,internal,pass,
/ulichnaya-mebel/lavochki-i-skameyki/bolshaya-skameyka-amplituda/,/stroitelstvo-i-remonty/,/stroitelstvo-i-remonty/,true,true,internal,pass,
/ulichnaya-mebel/lavochki-i-skameyki/bolshaya-skameyka-amplituda/,/izgotovlenie-na-zakaz/,/izgotovlenie-na-zakaz/,true,true,internal,pass,
/ulichnaya-mebel/lavochki-i-skameyki/bolshaya-skameyka-amplituda/,/vypolnennye-obekty/,/vypolnennye-obekty/,true,true,internal,pass,
/ulichnaya-mebel/lavochki-i-skameyki/bolshaya-skameyka-amplituda/,/o-nas/,/o-nas/,true,true,internal,pass,
/ulichnaya-mebel/lavochki-i-skameyki/bolshaya-skameyka-amplituda/,/kontakty/,/kontakty/,true,true,internal,pass,
/ulichnaya-mebel/lavochki-i-skameyki/bolshaya-skameyka-amplituda/,/vakansii/,/vakansii/,true,true,internal,pass,
/ulichnaya-mebel/lavochki-i-skameyki/bolshaya-skameyka-amplituda/,/izgotovlenie-na-zakaz/,/izgotovlenie-na-zakaz/,true,true,internal,pass,
/ulichnaya-mebel/lavochki-i-skameyki/bolshaya-skameyka-amplituda/,/vypolnennye-obekty/,/vypolnennye-obekty/,true,true,internal,pass,
/ulichnaya-mebel/lavochki-i-skameyki/bolshaya-skameyka-amplituda/,/o-nas/,/o-nas/,true,true,internal,pass,
/ulichnaya-mebel/lavochki-i-skameyki/bolshaya-skameyka-amplituda/,/kontakty/,/kontakty/,true,true,internal,pass,
/ulichnaya-mebel/lavochki-i-skameyki/bolshaya-skameyka-amplituda/,/vakansii/,/vakansii/,true,true,internal,pass,
/ulichnaya-mebel/lavochki-i-skameyki/bolshaya-skameyka-amplituda/,#contact,/ulichnaya-mebel/lavochki-i-skameyki/bolshaya-skameyka-amplituda/,true,true,anchor,pass,
/ulichnaya-mebel/lavochki-i-skameyki/bolshaya-skameyka-amplituda/,tel:+79129735006,,true,true,tel,pass,
/ulichnaya-mebel/lavochki-i-skameyki/bolshaya-skameyka-amplituda/,tel:+79125799665,,true,true,tel,pass,
/ulichnaya-mebel/lavochki-i-skameyki/bolshaya-skameyka-amplituda/,https://t.me/smu1build,,true,true,external,pass,
/ulichnaya-mebel/lavochki-i-skameyki/bolshaya-skameyka-amplituda/,mailto:smu1.kurgan@yandex.ru,,true,true,mailto,pass,
/ulichnaya-mebel/lavochki-i-skameyki/bolshaya-skameyka-amplituda/,/politika-konfidencialnosti/,/politika-konfidencialnosti/,true,true,internal,pass,
/ulichnaya-mebel/lavochki-i-skameyki/bolshaya-skameyka-amplituda/,/politika-konfidencialnosti/,/politika-konfidencialnosti/,true,true,internal,pass,
/ulichnaya-mebel/navesy/ekran-s-navesom/,#main-content,/ulichnaya-mebel/navesy/ekran-s-navesom/,true,true,anchor,pass,
/ulichnaya-mebel/navesy/ekran-s-navesom/,/,/,true,true,internal,pass,
/ulichnaya-mebel/navesy/ekran-s-navesom/,/ulichnaya-mebel/,/ulichnaya-mebel/,true,true,internal,pass,
/ulichnaya-mebel/navesy/ekran-s-navesom/,/ograzhdeniya-i-zabory/,/ograzhdeniya-i-zabory/,true,true,internal,pass,
/ulichnaya-mebel/navesy/ekran-s-navesom/,/navesy-i-kozyrki/,/navesy-i-kozyrki/,true,true,internal,pass,
/ulichnaya-mebel/navesy/ekran-s-navesom/,/topiarii/,/topiarii/,true,true,internal,pass,
/ulichnaya-mebel/navesy/ekran-s-navesom/,/izgotovlenie-na-zakaz/,/izgotovlenie-na-zakaz/,true,true,internal,pass,
/ulichnaya-mebel/navesy/ekran-s-navesom/,/metallokonstruktsii-dlya-biznesa/,/metallokonstruktsii-dlya-biznesa/,true,true,internal,pass,
/ulichnaya-mebel/navesy/ekran-s-navesom/,/blagoustroystvo-territoriy/,/blagoustroystvo-territoriy/,true,true,internal,pass,
/ulichnaya-mebel/navesy/ekran-s-navesom/,/stroitelstvo-i-remonty/,/stroitelstvo-i-remonty/,true,true,internal,pass,
/ulichnaya-mebel/navesy/ekran-s-navesom/,/vypolnennye-obekty/,/vypolnennye-obekty/,true,true,internal,pass,
/ulichnaya-mebel/navesy/ekran-s-navesom/,/o-nas/,/o-nas/,true,true,internal,pass,
/ulichnaya-mebel/navesy/ekran-s-navesom/,/kontakty/,/kontakty/,true,true,internal,pass,
/ulichnaya-mebel/navesy/ekran-s-navesom/,/vakansii/,/vakansii/,true,true,internal,pass,
/ulichnaya-mebel/navesy/ekran-s-navesom/,tel:+79129735006,,true,true,tel,pass,
/ulichnaya-mebel/navesy/ekran-s-navesom/,https://t.me/smu1build,,true,true,external,pass,
/ulichnaya-mebel/navesy/ekran-s-navesom/,#contact,/ulichnaya-mebel/navesy/ekran-s-navesom/,true,true,anchor,pass,
/ulichnaya-mebel/navesy/ekran-s-navesom/,/,/,true,true,internal,pass,
/ulichnaya-mebel/navesy/ekran-s-navesom/,#contact,/ulichnaya-mebel/navesy/ekran-s-navesom/,true,true,anchor,pass,
/ulichnaya-mebel/navesy/ekran-s-navesom/,/ulichnaya-mebel/,/ulichnaya-mebel/,true,true,internal,pass,
/ulichnaya-mebel/navesy/ekran-s-navesom/,/ograzhdeniya-i-zabory/,/ograzhdeniya-i-zabory/,true,true,internal,pass,
/ulichnaya-mebel/navesy/ekran-s-navesom/,/navesy-i-kozyrki/,/navesy-i-kozyrki/,true,true,internal,pass,
/ulichnaya-mebel/navesy/ekran-s-navesom/,/topiarii/,/topiarii/,true,true,internal,pass,
/ulichnaya-mebel/navesy/ekran-s-navesom/,/metallokonstruktsii-dlya-biznesa/,/metallokonstruktsii-dlya-biznesa/,true,true,internal,pass,
/ulichnaya-mebel/navesy/ekran-s-navesom/,/blagoustroystvo-territoriy/,/blagoustroystvo-territoriy/,true,true,internal,pass,
/ulichnaya-mebel/navesy/ekran-s-navesom/,/stroitelstvo-i-remonty/,/stroitelstvo-i-remonty/,true,true,internal,pass,
/ulichnaya-mebel/navesy/ekran-s-navesom/,/izgotovlenie-na-zakaz/,/izgotovlenie-na-zakaz/,true,true,internal,pass,
/ulichnaya-mebel/navesy/ekran-s-navesom/,/vypolnennye-obekty/,/vypolnennye-obekty/,true,true,internal,pass,
/ulichnaya-mebel/navesy/ekran-s-navesom/,/o-nas/,/o-nas/,true,true,internal,pass,
/ulichnaya-mebel/navesy/ekran-s-navesom/,/kontakty/,/kontakty/,true,true,internal,pass,
/ulichnaya-mebel/navesy/ekran-s-navesom/,/vakansii/,/vakansii/,true,true,internal,pass,
/ulichnaya-mebel/navesy/ekran-s-navesom/,tel:+79129735006,,true,true,tel,pass,
/ulichnaya-mebel/navesy/ekran-s-navesom/,tel:+79125799665,,true,true,tel,pass,
/ulichnaya-mebel/navesy/ekran-s-navesom/,https://t.me/smu1build,,true,true,external,pass,
/ulichnaya-mebel/navesy/ekran-s-navesom/,mailto:smu1.kurgan@yandex.ru,,true,true,mailto,pass,
/ulichnaya-mebel/navesy/ekran-s-navesom/,/,/,true,true,internal,pass,
/ulichnaya-mebel/navesy/ekran-s-navesom/,/ulichnaya-mebel/,/ulichnaya-mebel/,true,true,internal,pass,
/ulichnaya-mebel/navesy/ekran-s-navesom/,/ulichnaya-mebel/navesy/,/ulichnaya-mebel/navesy/,true,true,internal,pass,
/ulichnaya-mebel/navesy/ekran-s-navesom/,#contact,/ulichnaya-mebel/navesy/ekran-s-navesom/,true,true,anchor,pass,
/ulichnaya-mebel/navesy/ekran-s-navesom/,https://t.me/smu1build,,true,true,external,pass,
/ulichnaya-mebel/navesy/ekran-s-navesom/,#contact,/ulichnaya-mebel/navesy/ekran-s-navesom/,true,true,anchor,pass,
/ulichnaya-mebel/navesy/ekran-s-navesom/,/ulichnaya-mebel/navesy/,/ulichnaya-mebel/navesy/,true,true,internal,pass,
/ulichnaya-mebel/navesy/ekran-s-navesom/,/ulichnaya-mebel/navesy/naves-terra/,/ulichnaya-mebel/navesy/naves-terra/,true,true,internal,pass,
/ulichnaya-mebel/navesy/ekran-s-navesom/,/ulichnaya-mebel/navesy/naves-galereya/,/ulichnaya-mebel/navesy/naves-galereya/,true,true,internal,pass,
/ulichnaya-mebel/navesy/ekran-s-navesom/,https://t.me/smu1build,,true,true,external,pass,
/ulichnaya-mebel/navesy/ekran-s-navesom/,/izgotovlenie-na-zakaz/,/izgotovlenie-na-zakaz/,true,true,internal,pass,
/ulichnaya-mebel/navesy/ekran-s-navesom/,tel:+79129735006,,true,true,tel,pass,
/ulichnaya-mebel/navesy/ekran-s-navesom/,https://t.me/smu1build,,true,true,external,pass,
/ulichnaya-mebel/navesy/ekran-s-navesom/,mailto:smu1.kurgan@yandex.ru,,true,true,mailto,pass,
/ulichnaya-mebel/navesy/ekran-s-navesom/,/kontakty/,/kontakty/,true,true,internal,pass,
/ulichnaya-mebel/navesy/ekran-s-navesom/,/,/,true,true,internal,pass,
/ulichnaya-mebel/navesy/ekran-s-navesom/,/ulichnaya-mebel/,/ulichnaya-mebel/,true,true,internal,pass,
/ulichnaya-mebel/navesy/ekran-s-navesom/,/ograzhdeniya-i-zabory/,/ograzhdeniya-i-zabory/,true,true,internal,pass,
/ulichnaya-mebel/navesy/ekran-s-navesom/,/navesy-i-kozyrki/,/navesy-i-kozyrki/,true,true,internal,pass,
/ulichnaya-mebel/navesy/ekran-s-navesom/,/metallokonstruktsii-dlya-biznesa/,/metallokonstruktsii-dlya-biznesa/,true,true,internal,pass,
/ulichnaya-mebel/navesy/ekran-s-navesom/,/topiarii/,/topiarii/,true,true,internal,pass,
/ulichnaya-mebel/navesy/ekran-s-navesom/,/blagoustroystvo-territoriy/,/blagoustroystvo-territoriy/,true,true,internal,pass,
/ulichnaya-mebel/navesy/ekran-s-navesom/,/stroitelstvo-i-remonty/,/stroitelstvo-i-remonty/,true,true,internal,pass,
/ulichnaya-mebel/navesy/ekran-s-navesom/,/ulichnaya-mebel/,/ulichnaya-mebel/,true,true,internal,pass,
/ulichnaya-mebel/navesy/ekran-s-navesom/,/ograzhdeniya-i-zabory/,/ograzhdeniya-i-zabory/,true,true,internal,pass,
/ulichnaya-mebel/navesy/ekran-s-navesom/,/navesy-i-kozyrki/,/navesy-i-kozyrki/,true,true,internal,pass,
/ulichnaya-mebel/navesy/ekran-s-navesom/,/metallokonstruktsii-dlya-biznesa/,/metallokonstruktsii-dlya-biznesa/,true,true,internal,pass,
/ulichnaya-mebel/navesy/ekran-s-navesom/,/topiarii/,/topiarii/,true,true,internal,pass,
/ulichnaya-mebel/navesy/ekran-s-navesom/,/blagoustroystvo-territoriy/,/blagoustroystvo-territoriy/,true,true,internal,pass,
/ulichnaya-mebel/navesy/ekran-s-navesom/,/stroitelstvo-i-remonty/,/stroitelstvo-i-remonty/,true,true,internal,pass,
/ulichnaya-mebel/navesy/ekran-s-navesom/,/izgotovlenie-na-zakaz/,/izgotovlenie-na-zakaz/,true,true,internal,pass,
/ulichnaya-mebel/navesy/ekran-s-navesom/,/vypolnennye-obekty/,/vypolnennye-obekty/,true,true,internal,pass,
/ulichnaya-mebel/navesy/ekran-s-navesom/,/o-nas/,/o-nas/,true,true,internal,pass,
/ulichnaya-mebel/navesy/ekran-s-navesom/,/kontakty/,/kontakty/,true,true,internal,pass,
/ulichnaya-mebel/navesy/ekran-s-navesom/,/vakansii/,/vakansii/,true,true,internal,pass,
/ulichnaya-mebel/navesy/ekran-s-navesom/,/izgotovlenie-na-zakaz/,/izgotovlenie-na-zakaz/,true,true,internal,pass,
/ulichnaya-mebel/navesy/ekran-s-navesom/,/vypolnennye-obekty/,/vypolnennye-obekty/,true,true,internal,pass,
/ulichnaya-mebel/navesy/ekran-s-navesom/,/o-nas/,/o-nas/,true,true,internal,pass,
/ulichnaya-mebel/navesy/ekran-s-navesom/,/kontakty/,/kontakty/,true,true,internal,pass,
/ulichnaya-mebel/navesy/ekran-s-navesom/,/vakansii/,/vakansii/,true,true,internal,pass,
/ulichnaya-mebel/navesy/ekran-s-navesom/,#contact,/ulichnaya-mebel/navesy/ekran-s-navesom/,true,true,anchor,pass,
/ulichnaya-mebel/navesy/ekran-s-navesom/,tel:+79129735006,,true,true,tel,pass,
/ulichnaya-mebel/navesy/ekran-s-navesom/,tel:+79125799665,,true,true,tel,pass,
/ulichnaya-mebel/navesy/ekran-s-navesom/,https://t.me/smu1build,,true,true,external,pass,
/ulichnaya-mebel/navesy/ekran-s-navesom/,mailto:smu1.kurgan@yandex.ru,,true,true,mailto,pass,
/ulichnaya-mebel/navesy/ekran-s-navesom/,/politika-konfidencialnosti/,/politika-konfidencialnosti/,true,true,internal,pass,
/ulichnaya-mebel/navesy/ekran-s-navesom/,/politika-konfidencialnosti/,/politika-konfidencialnosti/,true,true,internal,pass,
/ulichnaya-mebel/ulichnoe-osveshchenie/fonar-liniya/,#main-content,/ulichnaya-mebel/ulichnoe-osveshchenie/fonar-liniya/,true,true,anchor,pass,
/ulichnaya-mebel/ulichnoe-osveshchenie/fonar-liniya/,/,/,true,true,internal,pass,
/ulichnaya-mebel/ulichnoe-osveshchenie/fonar-liniya/,/ulichnaya-mebel/,/ulichnaya-mebel/,true,true,internal,pass,
/ulichnaya-mebel/ulichnoe-osveshchenie/fonar-liniya/,/ograzhdeniya-i-zabory/,/ograzhdeniya-i-zabory/,true,true,internal,pass,
/ulichnaya-mebel/ulichnoe-osveshchenie/fonar-liniya/,/navesy-i-kozyrki/,/navesy-i-kozyrki/,true,true,internal,pass,
/ulichnaya-mebel/ulichnoe-osveshchenie/fonar-liniya/,/topiarii/,/topiarii/,true,true,internal,pass,
/ulichnaya-mebel/ulichnoe-osveshchenie/fonar-liniya/,/izgotovlenie-na-zakaz/,/izgotovlenie-na-zakaz/,true,true,internal,pass,
/ulichnaya-mebel/ulichnoe-osveshchenie/fonar-liniya/,/metallokonstruktsii-dlya-biznesa/,/metallokonstruktsii-dlya-biznesa/,true,true,internal,pass,
/ulichnaya-mebel/ulichnoe-osveshchenie/fonar-liniya/,/blagoustroystvo-territoriy/,/blagoustroystvo-territoriy/,true,true,internal,pass,
/ulichnaya-mebel/ulichnoe-osveshchenie/fonar-liniya/,/stroitelstvo-i-remonty/,/stroitelstvo-i-remonty/,true,true,internal,pass,
/ulichnaya-mebel/ulichnoe-osveshchenie/fonar-liniya/,/vypolnennye-obekty/,/vypolnennye-obekty/,true,true,internal,pass,
/ulichnaya-mebel/ulichnoe-osveshchenie/fonar-liniya/,/o-nas/,/o-nas/,true,true,internal,pass,
/ulichnaya-mebel/ulichnoe-osveshchenie/fonar-liniya/,/kontakty/,/kontakty/,true,true,internal,pass,
/ulichnaya-mebel/ulichnoe-osveshchenie/fonar-liniya/,/vakansii/,/vakansii/,true,true,internal,pass,
/ulichnaya-mebel/ulichnoe-osveshchenie/fonar-liniya/,tel:+79129735006,,true,true,tel,pass,
/ulichnaya-mebel/ulichnoe-osveshchenie/fonar-liniya/,https://t.me/smu1build,,true,true,external,pass,
/ulichnaya-mebel/ulichnoe-osveshchenie/fonar-liniya/,#contact,/ulichnaya-mebel/ulichnoe-osveshchenie/fonar-liniya/,true,true,anchor,pass,
/ulichnaya-mebel/ulichnoe-osveshchenie/fonar-liniya/,/,/,true,true,internal,pass,
/ulichnaya-mebel/ulichnoe-osveshchenie/fonar-liniya/,#contact,/ulichnaya-mebel/ulichnoe-osveshchenie/fonar-liniya/,true,true,anchor,pass,
/ulichnaya-mebel/ulichnoe-osveshchenie/fonar-liniya/,/ulichnaya-mebel/,/ulichnaya-mebel/,true,true,internal,pass,
/ulichnaya-mebel/ulichnoe-osveshchenie/fonar-liniya/,/ograzhdeniya-i-zabory/,/ograzhdeniya-i-zabory/,true,true,internal,pass,
/ulichnaya-mebel/ulichnoe-osveshchenie/fonar-liniya/,/navesy-i-kozyrki/,/navesy-i-kozyrki/,true,true,internal,pass,
/ulichnaya-mebel/ulichnoe-osveshchenie/fonar-liniya/,/topiarii/,/topiarii/,true,true,internal,pass,
/ulichnaya-mebel/ulichnoe-osveshchenie/fonar-liniya/,/metallokonstruktsii-dlya-biznesa/,/metallokonstruktsii-dlya-biznesa/,true,true,internal,pass,
/ulichnaya-mebel/ulichnoe-osveshchenie/fonar-liniya/,/blagoustroystvo-territoriy/,/blagoustroystvo-territoriy/,true,true,internal,pass,
/ulichnaya-mebel/ulichnoe-osveshchenie/fonar-liniya/,/stroitelstvo-i-remonty/,/stroitelstvo-i-remonty/,true,true,internal,pass,
/ulichnaya-mebel/ulichnoe-osveshchenie/fonar-liniya/,/izgotovlenie-na-zakaz/,/izgotovlenie-na-zakaz/,true,true,internal,pass,
/ulichnaya-mebel/ulichnoe-osveshchenie/fonar-liniya/,/vypolnennye-obekty/,/vypolnennye-obekty/,true,true,internal,pass,
/ulichnaya-mebel/ulichnoe-osveshchenie/fonar-liniya/,/o-nas/,/o-nas/,true,true,internal,pass,
/ulichnaya-mebel/ulichnoe-osveshchenie/fonar-liniya/,/kontakty/,/kontakty/,true,true,internal,pass,
/ulichnaya-mebel/ulichnoe-osveshchenie/fonar-liniya/,/vakansii/,/vakansii/,true,true,internal,pass,
/ulichnaya-mebel/ulichnoe-osveshchenie/fonar-liniya/,tel:+79129735006,,true,true,tel,pass,
/ulichnaya-mebel/ulichnoe-osveshchenie/fonar-liniya/,tel:+79125799665,,true,true,tel,pass,
/ulichnaya-mebel/ulichnoe-osveshchenie/fonar-liniya/,https://t.me/smu1build,,true,true,external,pass,
/ulichnaya-mebel/ulichnoe-osveshchenie/fonar-liniya/,mailto:smu1.kurgan@yandex.ru,,true,true,mailto,pass,
/ulichnaya-mebel/ulichnoe-osveshchenie/fonar-liniya/,/,/,true,true,internal,pass,
/ulichnaya-mebel/ulichnoe-osveshchenie/fonar-liniya/,/ulichnaya-mebel/,/ulichnaya-mebel/,true,true,internal,pass,
/ulichnaya-mebel/ulichnoe-osveshchenie/fonar-liniya/,/ulichnaya-mebel/ulichnoe-osveshchenie/,/ulichnaya-mebel/ulichnoe-osveshchenie/,true,true,internal,pass,
/ulichnaya-mebel/ulichnoe-osveshchenie/fonar-liniya/,#contact,/ulichnaya-mebel/ulichnoe-osveshchenie/fonar-liniya/,true,true,anchor,pass,
/ulichnaya-mebel/ulichnoe-osveshchenie/fonar-liniya/,https://t.me/smu1build,,true,true,external,pass,
/ulichnaya-mebel/ulichnoe-osveshchenie/fonar-liniya/,#contact,/ulichnaya-mebel/ulichnoe-osveshchenie/fonar-liniya/,true,true,anchor,pass,
/ulichnaya-mebel/ulichnoe-osveshchenie/fonar-liniya/,/ulichnaya-mebel/ulichnoe-osveshchenie/,/ulichnaya-mebel/ulichnoe-osveshchenie/,true,true,internal,pass,
/ulichnaya-mebel/ulichnoe-osveshchenie/fonar-liniya/,/ulichnaya-mebel/ulichnoe-osveshchenie/fonar-vektor/,/ulichnaya-mebel/ulichnoe-osveshchenie/fonar-vektor/,true,true,internal,pass,
/ulichnaya-mebel/ulichnoe-osveshchenie/fonar-liniya/,/ulichnaya-mebel/ulichnoe-osveshchenie/fonar-vektor-vysokiy/,/ulichnaya-mebel/ulichnoe-osveshchenie/fonar-vektor-vysokiy/,true,true,internal,pass,
/ulichnaya-mebel/ulichnoe-osveshchenie/fonar-liniya/,/ulichnaya-mebel/ulichnoe-osveshchenie/fonar-sektor/,/ulichnaya-mebel/ulichnoe-osveshchenie/fonar-sektor/,true,true,internal,pass,
/ulichnaya-mebel/ulichnoe-osveshchenie/fonar-liniya/,/ulichnaya-mebel/ulichnoe-osveshchenie/fonar-mayak/,/ulichnaya-mebel/ulichnoe-osveshchenie/fonar-mayak/,true,true,internal,pass,
/ulichnaya-mebel/ulichnoe-osveshchenie/fonar-liniya/,https://t.me/smu1build,,true,true,external,pass,
/ulichnaya-mebel/ulichnoe-osveshchenie/fonar-liniya/,/izgotovlenie-na-zakaz/,/izgotovlenie-na-zakaz/,true,true,internal,pass,
/ulichnaya-mebel/ulichnoe-osveshchenie/fonar-liniya/,tel:+79129735006,,true,true,tel,pass,
/ulichnaya-mebel/ulichnoe-osveshchenie/fonar-liniya/,https://t.me/smu1build,,true,true,external,pass,
/ulichnaya-mebel/ulichnoe-osveshchenie/fonar-liniya/,mailto:smu1.kurgan@yandex.ru,,true,true,mailto,pass,
/ulichnaya-mebel/ulichnoe-osveshchenie/fonar-liniya/,/kontakty/,/kontakty/,true,true,internal,pass,
/ulichnaya-mebel/ulichnoe-osveshchenie/fonar-liniya/,/,/,true,true,internal,pass,
/ulichnaya-mebel/ulichnoe-osveshchenie/fonar-liniya/,/ulichnaya-mebel/,/ulichnaya-mebel/,true,true,internal,pass,
/ulichnaya-mebel/ulichnoe-osveshchenie/fonar-liniya/,/ograzhdeniya-i-zabory/,/ograzhdeniya-i-zabory/,true,true,internal,pass,
/ulichnaya-mebel/ulichnoe-osveshchenie/fonar-liniya/,/navesy-i-kozyrki/,/navesy-i-kozyrki/,true,true,internal,pass,
/ulichnaya-mebel/ulichnoe-osveshchenie/fonar-liniya/,/metallokonstruktsii-dlya-biznesa/,/metallokonstruktsii-dlya-biznesa/,true,true,internal,pass,
/ulichnaya-mebel/ulichnoe-osveshchenie/fonar-liniya/,/topiarii/,/topiarii/,true,true,internal,pass,
/ulichnaya-mebel/ulichnoe-osveshchenie/fonar-liniya/,/blagoustroystvo-territoriy/,/blagoustroystvo-territoriy/,true,true,internal,pass,
/ulichnaya-mebel/ulichnoe-osveshchenie/fonar-liniya/,/stroitelstvo-i-remonty/,/stroitelstvo-i-remonty/,true,true,internal,pass,
/ulichnaya-mebel/ulichnoe-osveshchenie/fonar-liniya/,/ulichnaya-mebel/,/ulichnaya-mebel/,true,true,internal,pass,
/ulichnaya-mebel/ulichnoe-osveshchenie/fonar-liniya/,/ograzhdeniya-i-zabory/,/ograzhdeniya-i-zabory/,true,true,internal,pass,
/ulichnaya-mebel/ulichnoe-osveshchenie/fonar-liniya/,/navesy-i-kozyrki/,/navesy-i-kozyrki/,true,true,internal,pass,
/ulichnaya-mebel/ulichnoe-osveshchenie/fonar-liniya/,/metallokonstruktsii-dlya-biznesa/,/metallokonstruktsii-dlya-biznesa/,true,true,internal,pass,
/ulichnaya-mebel/ulichnoe-osveshchenie/fonar-liniya/,/topiarii/,/topiarii/,true,true,internal,pass,
/ulichnaya-mebel/ulichnoe-osveshchenie/fonar-liniya/,/blagoustroystvo-territoriy/,/blagoustroystvo-territoriy/,true,true,internal,pass,
/ulichnaya-mebel/ulichnoe-osveshchenie/fonar-liniya/,/stroitelstvo-i-remonty/,/stroitelstvo-i-remonty/,true,true,internal,pass,
/ulichnaya-mebel/ulichnoe-osveshchenie/fonar-liniya/,/izgotovlenie-na-zakaz/,/izgotovlenie-na-zakaz/,true,true,internal,pass,
/ulichnaya-mebel/ulichnoe-osveshchenie/fonar-liniya/,/vypolnennye-obekty/,/vypolnennye-obekty/,true,true,internal,pass,
/ulichnaya-mebel/ulichnoe-osveshchenie/fonar-liniya/,/o-nas/,/o-nas/,true,true,internal,pass,
/ulichnaya-mebel/ulichnoe-osveshchenie/fonar-liniya/,/kontakty/,/kontakty/,true,true,internal,pass,
/ulichnaya-mebel/ulichnoe-osveshchenie/fonar-liniya/,/vakansii/,/vakansii/,true,true,internal,pass,
/ulichnaya-mebel/ulichnoe-osveshchenie/fonar-liniya/,/izgotovlenie-na-zakaz/,/izgotovlenie-na-zakaz/,true,true,internal,pass,
/ulichnaya-mebel/ulichnoe-osveshchenie/fonar-liniya/,/vypolnennye-obekty/,/vypolnennye-obekty/,true,true,internal,pass,
/ulichnaya-mebel/ulichnoe-osveshchenie/fonar-liniya/,/o-nas/,/o-nas/,true,true,internal,pass,
/ulichnaya-mebel/ulichnoe-osveshchenie/fonar-liniya/,/kontakty/,/kontakty/,true,true,internal,pass,
/ulichnaya-mebel/ulichnoe-osveshchenie/fonar-liniya/,/vakansii/,/vakansii/,true,true,internal,pass,
/ulichnaya-mebel/ulichnoe-osveshchenie/fonar-liniya/,#contact,/ulichnaya-mebel/ulichnoe-osveshchenie/fonar-liniya/,true,true,anchor,pass,
/ulichnaya-mebel/ulichnoe-osveshchenie/fonar-liniya/,tel:+79129735006,,true,true,tel,pass,
/ulichnaya-mebel/ulichnoe-osveshchenie/fonar-liniya/,tel:+79125799665,,true,true,tel,pass,
/ulichnaya-mebel/ulichnoe-osveshchenie/fonar-liniya/,https://t.me/smu1build,,true,true,external,pass,
/ulichnaya-mebel/ulichnoe-osveshchenie/fonar-liniya/,mailto:smu1.kurgan@yandex.ru,,true,true,mailto,pass,
/ulichnaya-mebel/ulichnoe-osveshchenie/fonar-liniya/,/politika-konfidencialnosti/,/politika-konfidencialnosti/,true,true,internal,pass,
/ulichnaya-mebel/ulichnoe-osveshchenie/fonar-liniya/,/politika-konfidencialnosti/,/politika-konfidencialnosti/,true,true,internal,pass,
/ulichnaya-mebel/ulichnoe-osveshchenie/fonar-mayak/,#main-content,/ulichnaya-mebel/ulichnoe-osveshchenie/fonar-mayak/,true,true,anchor,pass,
/ulichnaya-mebel/ulichnoe-osveshchenie/fonar-mayak/,/,/,true,true,internal,pass,
/ulichnaya-mebel/ulichnoe-osveshchenie/fonar-mayak/,/ulichnaya-mebel/,/ulichnaya-mebel/,true,true,internal,pass,
/ulichnaya-mebel/ulichnoe-osveshchenie/fonar-mayak/,/ograzhdeniya-i-zabory/,/ograzhdeniya-i-zabory/,true,true,internal,pass,
/ulichnaya-mebel/ulichnoe-osveshchenie/fonar-mayak/,/navesy-i-kozyrki/,/navesy-i-kozyrki/,true,true,internal,pass,
/ulichnaya-mebel/ulichnoe-osveshchenie/fonar-mayak/,/topiarii/,/topiarii/,true,true,internal,pass,
/ulichnaya-mebel/ulichnoe-osveshchenie/fonar-mayak/,/izgotovlenie-na-zakaz/,/izgotovlenie-na-zakaz/,true,true,internal,pass,
/ulichnaya-mebel/ulichnoe-osveshchenie/fonar-mayak/,/metallokonstruktsii-dlya-biznesa/,/metallokonstruktsii-dlya-biznesa/,true,true,internal,pass,
/ulichnaya-mebel/ulichnoe-osveshchenie/fonar-mayak/,/blagoustroystvo-territoriy/,/blagoustroystvo-territoriy/,true,true,internal,pass,
/ulichnaya-mebel/ulichnoe-osveshchenie/fonar-mayak/,/stroitelstvo-i-remonty/,/stroitelstvo-i-remonty/,true,true,internal,pass,
/ulichnaya-mebel/ulichnoe-osveshchenie/fonar-mayak/,/vypolnennye-obekty/,/vypolnennye-obekty/,true,true,internal,pass,
/ulichnaya-mebel/ulichnoe-osveshchenie/fonar-mayak/,/o-nas/,/o-nas/,true,true,internal,pass,
/ulichnaya-mebel/ulichnoe-osveshchenie/fonar-mayak/,/kontakty/,/kontakty/,true,true,internal,pass,
/ulichnaya-mebel/ulichnoe-osveshchenie/fonar-mayak/,/vakansii/,/vakansii/,true,true,internal,pass,
/ulichnaya-mebel/ulichnoe-osveshchenie/fonar-mayak/,tel:+79129735006,,true,true,tel,pass,
/ulichnaya-mebel/ulichnoe-osveshchenie/fonar-mayak/,https://t.me/smu1build,,true,true,external,pass,
/ulichnaya-mebel/ulichnoe-osveshchenie/fonar-mayak/,#contact,/ulichnaya-mebel/ulichnoe-osveshchenie/fonar-mayak/,true,true,anchor,pass,
/ulichnaya-mebel/ulichnoe-osveshchenie/fonar-mayak/,/,/,true,true,internal,pass,
/ulichnaya-mebel/ulichnoe-osveshchenie/fonar-mayak/,#contact,/ulichnaya-mebel/ulichnoe-osveshchenie/fonar-mayak/,true,true,anchor,pass,
/ulichnaya-mebel/ulichnoe-osveshchenie/fonar-mayak/,/ulichnaya-mebel/,/ulichnaya-mebel/,true,true,internal,pass,
/ulichnaya-mebel/ulichnoe-osveshchenie/fonar-mayak/,/ograzhdeniya-i-zabory/,/ograzhdeniya-i-zabory/,true,true,internal,pass,
/ulichnaya-mebel/ulichnoe-osveshchenie/fonar-mayak/,/navesy-i-kozyrki/,/navesy-i-kozyrki/,true,true,internal,pass,
/ulichnaya-mebel/ulichnoe-osveshchenie/fonar-mayak/,/topiarii/,/topiarii/,true,true,internal,pass,
/ulichnaya-mebel/ulichnoe-osveshchenie/fonar-mayak/,/metallokonstruktsii-dlya-biznesa/,/metallokonstruktsii-dlya-biznesa/,true,true,internal,pass,
/ulichnaya-mebel/ulichnoe-osveshchenie/fonar-mayak/,/blagoustroystvo-territoriy/,/blagoustroystvo-territoriy/,true,true,internal,pass,
/ulichnaya-mebel/ulichnoe-osveshchenie/fonar-mayak/,/stroitelstvo-i-remonty/,/stroitelstvo-i-remonty/,true,true,internal,pass,
/ulichnaya-mebel/ulichnoe-osveshchenie/fonar-mayak/,/izgotovlenie-na-zakaz/,/izgotovlenie-na-zakaz/,true,true,internal,pass,
/ulichnaya-mebel/ulichnoe-osveshchenie/fonar-mayak/,/vypolnennye-obekty/,/vypolnennye-obekty/,true,true,internal,pass,
/ulichnaya-mebel/ulichnoe-osveshchenie/fonar-mayak/,/o-nas/,/o-nas/,true,true,internal,pass,
/ulichnaya-mebel/ulichnoe-osveshchenie/fonar-mayak/,/kontakty/,/kontakty/,true,true,internal,pass,
/ulichnaya-mebel/ulichnoe-osveshchenie/fonar-mayak/,/vakansii/,/vakansii/,true,true,internal,pass,
/ulichnaya-mebel/ulichnoe-osveshchenie/fonar-mayak/,tel:+79129735006,,true,true,tel,pass,
/ulichnaya-mebel/ulichnoe-osveshchenie/fonar-mayak/,tel:+79125799665,,true,true,tel,pass,
/ulichnaya-mebel/ulichnoe-osveshchenie/fonar-mayak/,https://t.me/smu1build,,true,true,external,pass,
/ulichnaya-mebel/ulichnoe-osveshchenie/fonar-mayak/,mailto:smu1.kurgan@yandex.ru,,true,true,mailto,pass,
/ulichnaya-mebel/ulichnoe-osveshchenie/fonar-mayak/,/,/,true,true,internal,pass,
/ulichnaya-mebel/ulichnoe-osveshchenie/fonar-mayak/,/ulichnaya-mebel/,/ulichnaya-mebel/,true,true,internal,pass,
/ulichnaya-mebel/ulichnoe-osveshchenie/fonar-mayak/,/ulichnaya-mebel/ulichnoe-osveshchenie/,/ulichnaya-mebel/ulichnoe-osveshchenie/,true,true,internal,pass,
/ulichnaya-mebel/ulichnoe-osveshchenie/fonar-mayak/,#contact,/ulichnaya-mebel/ulichnoe-osveshchenie/fonar-mayak/,true,true,anchor,pass,
/ulichnaya-mebel/ulichnoe-osveshchenie/fonar-mayak/,https://t.me/smu1build,,true,true,external,pass,
/ulichnaya-mebel/ulichnoe-osveshchenie/fonar-mayak/,#contact,/ulichnaya-mebel/ulichnoe-osveshchenie/fonar-mayak/,true,true,anchor,pass,
/ulichnaya-mebel/ulichnoe-osveshchenie/fonar-mayak/,/ulichnaya-mebel/ulichnoe-osveshchenie/,/ulichnaya-mebel/ulichnoe-osveshchenie/,true,true,internal,pass,
/ulichnaya-mebel/ulichnoe-osveshchenie/fonar-mayak/,/ulichnaya-mebel/ulichnoe-osveshchenie/fonar-vektor/,/ulichnaya-mebel/ulichnoe-osveshchenie/fonar-vektor/,true,true,internal,pass,
/ulichnaya-mebel/ulichnoe-osveshchenie/fonar-mayak/,/ulichnaya-mebel/ulichnoe-osveshchenie/fonar-vektor-vysokiy/,/ulichnaya-mebel/ulichnoe-osveshchenie/fonar-vektor-vysokiy/,true,true,internal,pass,
/ulichnaya-mebel/ulichnoe-osveshchenie/fonar-mayak/,/ulichnaya-mebel/ulichnoe-osveshchenie/fonar-sektor/,/ulichnaya-mebel/ulichnoe-osveshchenie/fonar-sektor/,true,true,internal,pass,
/ulichnaya-mebel/ulichnoe-osveshchenie/fonar-mayak/,/ulichnaya-mebel/ulichnoe-osveshchenie/fonar-prizma/,/ulichnaya-mebel/ulichnoe-osveshchenie/fonar-prizma/,true,true,internal,pass,
/ulichnaya-mebel/ulichnoe-osveshchenie/fonar-mayak/,https://t.me/smu1build,,true,true,external,pass,
/ulichnaya-mebel/ulichnoe-osveshchenie/fonar-mayak/,/izgotovlenie-na-zakaz/,/izgotovlenie-na-zakaz/,true,true,internal,pass,
/ulichnaya-mebel/ulichnoe-osveshchenie/fonar-mayak/,tel:+79129735006,,true,true,tel,pass,
/ulichnaya-mebel/ulichnoe-osveshchenie/fonar-mayak/,https://t.me/smu1build,,true,true,external,pass,
/ulichnaya-mebel/ulichnoe-osveshchenie/fonar-mayak/,mailto:smu1.kurgan@yandex.ru,,true,true,mailto,pass,
/ulichnaya-mebel/ulichnoe-osveshchenie/fonar-mayak/,/kontakty/,/kontakty/,true,true,internal,pass,
/ulichnaya-mebel/ulichnoe-osveshchenie/fonar-mayak/,/,/,true,true,internal,pass,
/ulichnaya-mebel/ulichnoe-osveshchenie/fonar-mayak/,/ulichnaya-mebel/,/ulichnaya-mebel/,true,true,internal,pass,
/ulichnaya-mebel/ulichnoe-osveshchenie/fonar-mayak/,/ograzhdeniya-i-zabory/,/ograzhdeniya-i-zabory/,true,true,internal,pass,
/ulichnaya-mebel/ulichnoe-osveshchenie/fonar-mayak/,/navesy-i-kozyrki/,/navesy-i-kozyrki/,true,true,internal,pass,
/ulichnaya-mebel/ulichnoe-osveshchenie/fonar-mayak/,/metallokonstruktsii-dlya-biznesa/,/metallokonstruktsii-dlya-biznesa/,true,true,internal,pass,
/ulichnaya-mebel/ulichnoe-osveshchenie/fonar-mayak/,/topiarii/,/topiarii/,true,true,internal,pass,
/ulichnaya-mebel/ulichnoe-osveshchenie/fonar-mayak/,/blagoustroystvo-territoriy/,/blagoustroystvo-territoriy/,true,true,internal,pass,
/ulichnaya-mebel/ulichnoe-osveshchenie/fonar-mayak/,/stroitelstvo-i-remonty/,/stroitelstvo-i-remonty/,true,true,internal,pass,
/ulichnaya-mebel/ulichnoe-osveshchenie/fonar-mayak/,/ulichnaya-mebel/,/ulichnaya-mebel/,true,true,internal,pass,
/ulichnaya-mebel/ulichnoe-osveshchenie/fonar-mayak/,/ograzhdeniya-i-zabory/,/ograzhdeniya-i-zabory/,true,true,internal,pass,
/ulichnaya-mebel/ulichnoe-osveshchenie/fonar-mayak/,/navesy-i-kozyrki/,/navesy-i-kozyrki/,true,true,internal,pass,
/ulichnaya-mebel/ulichnoe-osveshchenie/fonar-mayak/,/metallokonstruktsii-dlya-biznesa/,/metallokonstruktsii-dlya-biznesa/,true,true,internal,pass,
/ulichnaya-mebel/ulichnoe-osveshchenie/fonar-mayak/,/topiarii/,/topiarii/,true,true,internal,pass,
/ulichnaya-mebel/ulichnoe-osveshchenie/fonar-mayak/,/blagoustroystvo-territoriy/,/blagoustroystvo-territoriy/,true,true,internal,pass,
/ulichnaya-mebel/ulichnoe-osveshchenie/fonar-mayak/,/stroitelstvo-i-remonty/,/stroitelstvo-i-remonty/,true,true,internal,pass,
/ulichnaya-mebel/ulichnoe-osveshchenie/fonar-mayak/,/izgotovlenie-na-zakaz/,/izgotovlenie-na-zakaz/,true,true,internal,pass,
/ulichnaya-mebel/ulichnoe-osveshchenie/fonar-mayak/,/vypolnennye-obekty/,/vypolnennye-obekty/,true,true,internal,pass,
/ulichnaya-mebel/ulichnoe-osveshchenie/fonar-mayak/,/o-nas/,/o-nas/,true,true,internal,pass,
/ulichnaya-mebel/ulichnoe-osveshchenie/fonar-mayak/,/kontakty/,/kontakty/,true,true,internal,pass,
/ulichnaya-mebel/ulichnoe-osveshchenie/fonar-mayak/,/vakansii/,/vakansii/,true,true,internal,pass,
/ulichnaya-mebel/ulichnoe-osveshchenie/fonar-mayak/,/izgotovlenie-na-zakaz/,/izgotovlenie-na-zakaz/,true,true,internal,pass,
/ulichnaya-mebel/ulichnoe-osveshchenie/fonar-mayak/,/vypolnennye-obekty/,/vypolnennye-obekty/,true,true,internal,pass,
/ulichnaya-mebel/ulichnoe-osveshchenie/fonar-mayak/,/o-nas/,/o-nas/,true,true,internal,pass,
/ulichnaya-mebel/ulichnoe-osveshchenie/fonar-mayak/,/kontakty/,/kontakty/,true,true,internal,pass,
/ulichnaya-mebel/ulichnoe-osveshchenie/fonar-mayak/,/vakansii/,/vakansii/,true,true,internal,pass,
/ulichnaya-mebel/ulichnoe-osveshchenie/fonar-mayak/,#contact,/ulichnaya-mebel/ulichnoe-osveshchenie/fonar-mayak/,true,true,anchor,pass,
/ulichnaya-mebel/ulichnoe-osveshchenie/fonar-mayak/,tel:+79129735006,,true,true,tel,pass,
/ulichnaya-mebel/ulichnoe-osveshchenie/fonar-mayak/,tel:+79125799665,,true,true,tel,pass,
/ulichnaya-mebel/ulichnoe-osveshchenie/fonar-mayak/,https://t.me/smu1build,,true,true,external,pass,
/ulichnaya-mebel/ulichnoe-osveshchenie/fonar-mayak/,mailto:smu1.kurgan@yandex.ru,,true,true,mailto,pass,
/ulichnaya-mebel/ulichnoe-osveshchenie/fonar-mayak/,/politika-konfidencialnosti/,/politika-konfidencialnosti/,true,true,internal,pass,
/ulichnaya-mebel/ulichnoe-osveshchenie/fonar-mayak/,/politika-konfidencialnosti/,/politika-konfidencialnosti/,true,true,internal,pass,
/ulichnaya-mebel/ulichnoe-osveshchenie/fonar-prizma/,#main-content,/ulichnaya-mebel/ulichnoe-osveshchenie/fonar-prizma/,true,true,anchor,pass,
/ulichnaya-mebel/ulichnoe-osveshchenie/fonar-prizma/,/,/,true,true,internal,pass,
/ulichnaya-mebel/ulichnoe-osveshchenie/fonar-prizma/,/ulichnaya-mebel/,/ulichnaya-mebel/,true,true,internal,pass,
/ulichnaya-mebel/ulichnoe-osveshchenie/fonar-prizma/,/ograzhdeniya-i-zabory/,/ograzhdeniya-i-zabory/,true,true,internal,pass,
/ulichnaya-mebel/ulichnoe-osveshchenie/fonar-prizma/,/navesy-i-kozyrki/,/navesy-i-kozyrki/,true,true,internal,pass,
/ulichnaya-mebel/ulichnoe-osveshchenie/fonar-prizma/,/topiarii/,/topiarii/,true,true,internal,pass,
/ulichnaya-mebel/ulichnoe-osveshchenie/fonar-prizma/,/izgotovlenie-na-zakaz/,/izgotovlenie-na-zakaz/,true,true,internal,pass,
/ulichnaya-mebel/ulichnoe-osveshchenie/fonar-prizma/,/metallokonstruktsii-dlya-biznesa/,/metallokonstruktsii-dlya-biznesa/,true,true,internal,pass,
/ulichnaya-mebel/ulichnoe-osveshchenie/fonar-prizma/,/blagoustroystvo-territoriy/,/blagoustroystvo-territoriy/,true,true,internal,pass,
/ulichnaya-mebel/ulichnoe-osveshchenie/fonar-prizma/,/stroitelstvo-i-remonty/,/stroitelstvo-i-remonty/,true,true,internal,pass,
/ulichnaya-mebel/ulichnoe-osveshchenie/fonar-prizma/,/vypolnennye-obekty/,/vypolnennye-obekty/,true,true,internal,pass,
/ulichnaya-mebel/ulichnoe-osveshchenie/fonar-prizma/,/o-nas/,/o-nas/,true,true,internal,pass,
/ulichnaya-mebel/ulichnoe-osveshchenie/fonar-prizma/,/kontakty/,/kontakty/,true,true,internal,pass,
/ulichnaya-mebel/ulichnoe-osveshchenie/fonar-prizma/,/vakansii/,/vakansii/,true,true,internal,pass,
/ulichnaya-mebel/ulichnoe-osveshchenie/fonar-prizma/,tel:+79129735006,,true,true,tel,pass,
/ulichnaya-mebel/ulichnoe-osveshchenie/fonar-prizma/,https://t.me/smu1build,,true,true,external,pass,
/ulichnaya-mebel/ulichnoe-osveshchenie/fonar-prizma/,#contact,/ulichnaya-mebel/ulichnoe-osveshchenie/fonar-prizma/,true,true,anchor,pass,
/ulichnaya-mebel/ulichnoe-osveshchenie/fonar-prizma/,/,/,true,true,internal,pass,
/ulichnaya-mebel/ulichnoe-osveshchenie/fonar-prizma/,#contact,/ulichnaya-mebel/ulichnoe-osveshchenie/fonar-prizma/,true,true,anchor,pass,
/ulichnaya-mebel/ulichnoe-osveshchenie/fonar-prizma/,/ulichnaya-mebel/,/ulichnaya-mebel/,true,true,internal,pass,
/ulichnaya-mebel/ulichnoe-osveshchenie/fonar-prizma/,/ograzhdeniya-i-zabory/,/ograzhdeniya-i-zabory/,true,true,internal,pass,
/ulichnaya-mebel/ulichnoe-osveshchenie/fonar-prizma/,/navesy-i-kozyrki/,/navesy-i-kozyrki/,true,true,internal,pass,
/ulichnaya-mebel/ulichnoe-osveshchenie/fonar-prizma/,/topiarii/,/topiarii/,true,true,internal,pass,
/ulichnaya-mebel/ulichnoe-osveshchenie/fonar-prizma/,/metallokonstruktsii-dlya-biznesa/,/metallokonstruktsii-dlya-biznesa/,true,true,internal,pass,
/ulichnaya-mebel/ulichnoe-osveshchenie/fonar-prizma/,/blagoustroystvo-territoriy/,/blagoustroystvo-territoriy/,true,true,internal,pass,
/ulichnaya-mebel/ulichnoe-osveshchenie/fonar-prizma/,/stroitelstvo-i-remonty/,/stroitelstvo-i-remonty/,true,true,internal,pass,
/ulichnaya-mebel/ulichnoe-osveshchenie/fonar-prizma/,/izgotovlenie-na-zakaz/,/izgotovlenie-na-zakaz/,true,true,internal,pass,
/ulichnaya-mebel/ulichnoe-osveshchenie/fonar-prizma/,/vypolnennye-obekty/,/vypolnennye-obekty/,true,true,internal,pass,
/ulichnaya-mebel/ulichnoe-osveshchenie/fonar-prizma/,/o-nas/,/o-nas/,true,true,internal,pass,
/ulichnaya-mebel/ulichnoe-osveshchenie/fonar-prizma/,/kontakty/,/kontakty/,true,true,internal,pass,
/ulichnaya-mebel/ulichnoe-osveshchenie/fonar-prizma/,/vakansii/,/vakansii/,true,true,internal,pass,
/ulichnaya-mebel/ulichnoe-osveshchenie/fonar-prizma/,tel:+79129735006,,true,true,tel,pass,
/ulichnaya-mebel/ulichnoe-osveshchenie/fonar-prizma/,tel:+79125799665,,true,true,tel,pass,
/ulichnaya-mebel/ulichnoe-osveshchenie/fonar-prizma/,https://t.me/smu1build,,true,true,external,pass,
/ulichnaya-mebel/ulichnoe-osveshchenie/fonar-prizma/,mailto:smu1.kurgan@yandex.ru,,true,true,mailto,pass,
/ulichnaya-mebel/ulichnoe-osveshchenie/fonar-prizma/,/,/,true,true,internal,pass,
/ulichnaya-mebel/ulichnoe-osveshchenie/fonar-prizma/,/ulichnaya-mebel/,/ulichnaya-mebel/,true,true,internal,pass,
/ulichnaya-mebel/ulichnoe-osveshchenie/fonar-prizma/,/ulichnaya-mebel/ulichnoe-osveshchenie/,/ulichnaya-mebel/ulichnoe-osveshchenie/,true,true,internal,pass,
/ulichnaya-mebel/ulichnoe-osveshchenie/fonar-prizma/,#contact,/ulichnaya-mebel/ulichnoe-osveshchenie/fonar-prizma/,true,true,anchor,pass,
/ulichnaya-mebel/ulichnoe-osveshchenie/fonar-prizma/,https://t.me/smu1build,,true,true,external,pass,
/ulichnaya-mebel/ulichnoe-osveshchenie/fonar-prizma/,#contact,/ulichnaya-mebel/ulichnoe-osveshchenie/fonar-prizma/,true,true,anchor,pass,
/ulichnaya-mebel/ulichnoe-osveshchenie/fonar-prizma/,/ulichnaya-mebel/ulichnoe-osveshchenie/,/ulichnaya-mebel/ulichnoe-osveshchenie/,true,true,internal,pass,
/ulichnaya-mebel/ulichnoe-osveshchenie/fonar-prizma/,/ulichnaya-mebel/ulichnoe-osveshchenie/fonar-vektor/,/ulichnaya-mebel/ulichnoe-osveshchenie/fonar-vektor/,true,true,internal,pass,
/ulichnaya-mebel/ulichnoe-osveshchenie/fonar-prizma/,/ulichnaya-mebel/ulichnoe-osveshchenie/fonar-vektor-vysokiy/,/ulichnaya-mebel/ulichnoe-osveshchenie/fonar-vektor-vysokiy/,true,true,internal,pass,
/ulichnaya-mebel/ulichnoe-osveshchenie/fonar-prizma/,/ulichnaya-mebel/ulichnoe-osveshchenie/fonar-sektor/,/ulichnaya-mebel/ulichnoe-osveshchenie/fonar-sektor/,true,true,internal,pass,
/ulichnaya-mebel/ulichnoe-osveshchenie/fonar-prizma/,/ulichnaya-mebel/ulichnoe-osveshchenie/fonar-mayak/,/ulichnaya-mebel/ulichnoe-osveshchenie/fonar-mayak/,true,true,internal,pass,
/ulichnaya-mebel/ulichnoe-osveshchenie/fonar-prizma/,https://t.me/smu1build,,true,true,external,pass,
/ulichnaya-mebel/ulichnoe-osveshchenie/fonar-prizma/,/izgotovlenie-na-zakaz/,/izgotovlenie-na-zakaz/,true,true,internal,pass,
/ulichnaya-mebel/ulichnoe-osveshchenie/fonar-prizma/,tel:+79129735006,,true,true,tel,pass,
/ulichnaya-mebel/ulichnoe-osveshchenie/fonar-prizma/,https://t.me/smu1build,,true,true,external,pass,
/ulichnaya-mebel/ulichnoe-osveshchenie/fonar-prizma/,mailto:smu1.kurgan@yandex.ru,,true,true,mailto,pass,
/ulichnaya-mebel/ulichnoe-osveshchenie/fonar-prizma/,/kontakty/,/kontakty/,true,true,internal,pass,
/ulichnaya-mebel/ulichnoe-osveshchenie/fonar-prizma/,/,/,true,true,internal,pass,
/ulichnaya-mebel/ulichnoe-osveshchenie/fonar-prizma/,/ulichnaya-mebel/,/ulichnaya-mebel/,true,true,internal,pass,
/ulichnaya-mebel/ulichnoe-osveshchenie/fonar-prizma/,/ograzhdeniya-i-zabory/,/ograzhdeniya-i-zabory/,true,true,internal,pass,
/ulichnaya-mebel/ulichnoe-osveshchenie/fonar-prizma/,/navesy-i-kozyrki/,/navesy-i-kozyrki/,true,true,internal,pass,
/ulichnaya-mebel/ulichnoe-osveshchenie/fonar-prizma/,/metallokonstruktsii-dlya-biznesa/,/metallokonstruktsii-dlya-biznesa/,true,true,internal,pass,
/ulichnaya-mebel/ulichnoe-osveshchenie/fonar-prizma/,/topiarii/,/topiarii/,true,true,internal,pass,
/ulichnaya-mebel/ulichnoe-osveshchenie/fonar-prizma/,/blagoustroystvo-territoriy/,/blagoustroystvo-territoriy/,true,true,internal,pass,
/ulichnaya-mebel/ulichnoe-osveshchenie/fonar-prizma/,/stroitelstvo-i-remonty/,/stroitelstvo-i-remonty/,true,true,internal,pass,
/ulichnaya-mebel/ulichnoe-osveshchenie/fonar-prizma/,/ulichnaya-mebel/,/ulichnaya-mebel/,true,true,internal,pass,
/ulichnaya-mebel/ulichnoe-osveshchenie/fonar-prizma/,/ograzhdeniya-i-zabory/,/ograzhdeniya-i-zabory/,true,true,internal,pass,
/ulichnaya-mebel/ulichnoe-osveshchenie/fonar-prizma/,/navesy-i-kozyrki/,/navesy-i-kozyrki/,true,true,internal,pass,
/ulichnaya-mebel/ulichnoe-osveshchenie/fonar-prizma/,/metallokonstruktsii-dlya-biznesa/,/metallokonstruktsii-dlya-biznesa/,true,true,internal,pass,
/ulichnaya-mebel/ulichnoe-osveshchenie/fonar-prizma/,/topiarii/,/topiarii/,true,true,internal,pass,
/ulichnaya-mebel/ulichnoe-osveshchenie/fonar-prizma/,/blagoustroystvo-territoriy/,/blagoustroystvo-territoriy/,true,true,internal,pass,
/ulichnaya-mebel/ulichnoe-osveshchenie/fonar-prizma/,/stroitelstvo-i-remonty/,/stroitelstvo-i-remonty/,true,true,internal,pass,
/ulichnaya-mebel/ulichnoe-osveshchenie/fonar-prizma/,/izgotovlenie-na-zakaz/,/izgotovlenie-na-zakaz/,true,true,internal,pass,
/ulichnaya-mebel/ulichnoe-osveshchenie/fonar-prizma/,/vypolnennye-obekty/,/vypolnennye-obekty/,true,true,internal,pass,
/ulichnaya-mebel/ulichnoe-osveshchenie/fonar-prizma/,/o-nas/,/o-nas/,true,true,internal,pass,
/ulichnaya-mebel/ulichnoe-osveshchenie/fonar-prizma/,/kontakty/,/kontakty/,true,true,internal,pass,
/ulichnaya-mebel/ulichnoe-osveshchenie/fonar-prizma/,/vakansii/,/vakansii/,true,true,internal,pass,
/ulichnaya-mebel/ulichnoe-osveshchenie/fonar-prizma/,/izgotovlenie-na-zakaz/,/izgotovlenie-na-zakaz/,true,true,internal,pass,
/ulichnaya-mebel/ulichnoe-osveshchenie/fonar-prizma/,/vypolnennye-obekty/,/vypolnennye-obekty/,true,true,internal,pass,
/ulichnaya-mebel/ulichnoe-osveshchenie/fonar-prizma/,/o-nas/,/o-nas/,true,true,internal,pass,
/ulichnaya-mebel/ulichnoe-osveshchenie/fonar-prizma/,/kontakty/,/kontakty/,true,true,internal,pass,
/ulichnaya-mebel/ulichnoe-osveshchenie/fonar-prizma/,/vakansii/,/vakansii/,true,true,internal,pass,
/ulichnaya-mebel/ulichnoe-osveshchenie/fonar-prizma/,#contact,/ulichnaya-mebel/ulichnoe-osveshchenie/fonar-prizma/,true,true,anchor,pass,
/ulichnaya-mebel/ulichnoe-osveshchenie/fonar-prizma/,tel:+79129735006,,true,true,tel,pass,
/ulichnaya-mebel/ulichnoe-osveshchenie/fonar-prizma/,tel:+79125799665,,true,true,tel,pass,
/ulichnaya-mebel/ulichnoe-osveshchenie/fonar-prizma/,https://t.me/smu1build,,true,true,external,pass,
/ulichnaya-mebel/ulichnoe-osveshchenie/fonar-prizma/,mailto:smu1.kurgan@yandex.ru,,true,true,mailto,pass,
/ulichnaya-mebel/ulichnoe-osveshchenie/fonar-prizma/,/politika-konfidencialnosti/,/politika-konfidencialnosti/,true,true,internal,pass,
/ulichnaya-mebel/ulichnoe-osveshchenie/fonar-prizma/,/politika-konfidencialnosti/,/politika-konfidencialnosti/,true,true,internal,pass,
/ulichnaya-mebel/ulichnoe-osveshchenie/fonar-sektor/,#main-content,/ulichnaya-mebel/ulichnoe-osveshchenie/fonar-sektor/,true,true,anchor,pass,
/ulichnaya-mebel/ulichnoe-osveshchenie/fonar-sektor/,/,/,true,true,internal,pass,
/ulichnaya-mebel/ulichnoe-osveshchenie/fonar-sektor/,/ulichnaya-mebel/,/ulichnaya-mebel/,true,true,internal,pass,
/ulichnaya-mebel/ulichnoe-osveshchenie/fonar-sektor/,/ograzhdeniya-i-zabory/,/ograzhdeniya-i-zabory/,true,true,internal,pass,
/ulichnaya-mebel/ulichnoe-osveshchenie/fonar-sektor/,/navesy-i-kozyrki/,/navesy-i-kozyrki/,true,true,internal,pass,
/ulichnaya-mebel/ulichnoe-osveshchenie/fonar-sektor/,/topiarii/,/topiarii/,true,true,internal,pass,
/ulichnaya-mebel/ulichnoe-osveshchenie/fonar-sektor/,/izgotovlenie-na-zakaz/,/izgotovlenie-na-zakaz/,true,true,internal,pass,
/ulichnaya-mebel/ulichnoe-osveshchenie/fonar-sektor/,/metallokonstruktsii-dlya-biznesa/,/metallokonstruktsii-dlya-biznesa/,true,true,internal,pass,
/ulichnaya-mebel/ulichnoe-osveshchenie/fonar-sektor/,/blagoustroystvo-territoriy/,/blagoustroystvo-territoriy/,true,true,internal,pass,
/ulichnaya-mebel/ulichnoe-osveshchenie/fonar-sektor/,/stroitelstvo-i-remonty/,/stroitelstvo-i-remonty/,true,true,internal,pass,
/ulichnaya-mebel/ulichnoe-osveshchenie/fonar-sektor/,/vypolnennye-obekty/,/vypolnennye-obekty/,true,true,internal,pass,
/ulichnaya-mebel/ulichnoe-osveshchenie/fonar-sektor/,/o-nas/,/o-nas/,true,true,internal,pass,
/ulichnaya-mebel/ulichnoe-osveshchenie/fonar-sektor/,/kontakty/,/kontakty/,true,true,internal,pass,
/ulichnaya-mebel/ulichnoe-osveshchenie/fonar-sektor/,/vakansii/,/vakansii/,true,true,internal,pass,
/ulichnaya-mebel/ulichnoe-osveshchenie/fonar-sektor/,tel:+79129735006,,true,true,tel,pass,
/ulichnaya-mebel/ulichnoe-osveshchenie/fonar-sektor/,https://t.me/smu1build,,true,true,external,pass,
/ulichnaya-mebel/ulichnoe-osveshchenie/fonar-sektor/,#contact,/ulichnaya-mebel/ulichnoe-osveshchenie/fonar-sektor/,true,true,anchor,pass,
/ulichnaya-mebel/ulichnoe-osveshchenie/fonar-sektor/,/,/,true,true,internal,pass,
/ulichnaya-mebel/ulichnoe-osveshchenie/fonar-sektor/,#contact,/ulichnaya-mebel/ulichnoe-osveshchenie/fonar-sektor/,true,true,anchor,pass,
/ulichnaya-mebel/ulichnoe-osveshchenie/fonar-sektor/,/ulichnaya-mebel/,/ulichnaya-mebel/,true,true,internal,pass,
/ulichnaya-mebel/ulichnoe-osveshchenie/fonar-sektor/,/ograzhdeniya-i-zabory/,/ograzhdeniya-i-zabory/,true,true,internal,pass,
/ulichnaya-mebel/ulichnoe-osveshchenie/fonar-sektor/,/navesy-i-kozyrki/,/navesy-i-kozyrki/,true,true,internal,pass,
/ulichnaya-mebel/ulichnoe-osveshchenie/fonar-sektor/,/topiarii/,/topiarii/,true,true,internal,pass,
/ulichnaya-mebel/ulichnoe-osveshchenie/fonar-sektor/,/metallokonstruktsii-dlya-biznesa/,/metallokonstruktsii-dlya-biznesa/,true,true,internal,pass,
/ulichnaya-mebel/ulichnoe-osveshchenie/fonar-sektor/,/blagoustroystvo-territoriy/,/blagoustroystvo-territoriy/,true,true,internal,pass,
/ulichnaya-mebel/ulichnoe-osveshchenie/fonar-sektor/,/stroitelstvo-i-remonty/,/stroitelstvo-i-remonty/,true,true,internal,pass,
/ulichnaya-mebel/ulichnoe-osveshchenie/fonar-sektor/,/izgotovlenie-na-zakaz/,/izgotovlenie-na-zakaz/,true,true,internal,pass,
/ulichnaya-mebel/ulichnoe-osveshchenie/fonar-sektor/,/vypolnennye-obekty/,/vypolnennye-obekty/,true,true,internal,pass,
/ulichnaya-mebel/ulichnoe-osveshchenie/fonar-sektor/,/o-nas/,/o-nas/,true,true,internal,pass,
/ulichnaya-mebel/ulichnoe-osveshchenie/fonar-sektor/,/kontakty/,/kontakty/,true,true,internal,pass,
/ulichnaya-mebel/ulichnoe-osveshchenie/fonar-sektor/,/vakansii/,/vakansii/,true,true,internal,pass,
/ulichnaya-mebel/ulichnoe-osveshchenie/fonar-sektor/,tel:+79129735006,,true,true,tel,pass,
/ulichnaya-mebel/ulichnoe-osveshchenie/fonar-sektor/,tel:+79125799665,,true,true,tel,pass,
/ulichnaya-mebel/ulichnoe-osveshchenie/fonar-sektor/,https://t.me/smu1build,,true,true,external,pass,
/ulichnaya-mebel/ulichnoe-osveshchenie/fonar-sektor/,mailto:smu1.kurgan@yandex.ru,,true,true,mailto,pass,
/ulichnaya-mebel/ulichnoe-osveshchenie/fonar-sektor/,/,/,true,true,internal,pass,
/ulichnaya-mebel/ulichnoe-osveshchenie/fonar-sektor/,/ulichnaya-mebel/,/ulichnaya-mebel/,true,true,internal,pass,
/ulichnaya-mebel/ulichnoe-osveshchenie/fonar-sektor/,/ulichnaya-mebel/ulichnoe-osveshchenie/,/ulichnaya-mebel/ulichnoe-osveshchenie/,true,true,internal,pass,
/ulichnaya-mebel/ulichnoe-osveshchenie/fonar-sektor/,#contact,/ulichnaya-mebel/ulichnoe-osveshchenie/fonar-sektor/,true,true,anchor,pass,
/ulichnaya-mebel/ulichnoe-osveshchenie/fonar-sektor/,https://t.me/smu1build,,true,true,external,pass,
/ulichnaya-mebel/ulichnoe-osveshchenie/fonar-sektor/,#contact,/ulichnaya-mebel/ulichnoe-osveshchenie/fonar-sektor/,true,true,anchor,pass,
/ulichnaya-mebel/ulichnoe-osveshchenie/fonar-sektor/,/ulichnaya-mebel/ulichnoe-osveshchenie/,/ulichnaya-mebel/ulichnoe-osveshchenie/,true,true,internal,pass,
/ulichnaya-mebel/ulichnoe-osveshchenie/fonar-sektor/,/ulichnaya-mebel/ulichnoe-osveshchenie/fonar-vektor/,/ulichnaya-mebel/ulichnoe-osveshchenie/fonar-vektor/,true,true,internal,pass,
/ulichnaya-mebel/ulichnoe-osveshchenie/fonar-sektor/,/ulichnaya-mebel/ulichnoe-osveshchenie/fonar-vektor-vysokiy/,/ulichnaya-mebel/ulichnoe-osveshchenie/fonar-vektor-vysokiy/,true,true,internal,pass,
/ulichnaya-mebel/ulichnoe-osveshchenie/fonar-sektor/,/ulichnaya-mebel/ulichnoe-osveshchenie/fonar-mayak/,/ulichnaya-mebel/ulichnoe-osveshchenie/fonar-mayak/,true,true,internal,pass,
/ulichnaya-mebel/ulichnoe-osveshchenie/fonar-sektor/,/ulichnaya-mebel/ulichnoe-osveshchenie/fonar-prizma/,/ulichnaya-mebel/ulichnoe-osveshchenie/fonar-prizma/,true,true,internal,pass,
/ulichnaya-mebel/ulichnoe-osveshchenie/fonar-sektor/,https://t.me/smu1build,,true,true,external,pass,
/ulichnaya-mebel/ulichnoe-osveshchenie/fonar-sektor/,/izgotovlenie-na-zakaz/,/izgotovlenie-na-zakaz/,true,true,internal,pass,
/ulichnaya-mebel/ulichnoe-osveshchenie/fonar-sektor/,tel:+79129735006,,true,true,tel,pass,
/ulichnaya-mebel/ulichnoe-osveshchenie/fonar-sektor/,https://t.me/smu1build,,true,true,external,pass,
/ulichnaya-mebel/ulichnoe-osveshchenie/fonar-sektor/,mailto:smu1.kurgan@yandex.ru,,true,true,mailto,pass,
/ulichnaya-mebel/ulichnoe-osveshchenie/fonar-sektor/,/kontakty/,/kontakty/,true,true,internal,pass,
/ulichnaya-mebel/ulichnoe-osveshchenie/fonar-sektor/,/,/,true,true,internal,pass,
/ulichnaya-mebel/ulichnoe-osveshchenie/fonar-sektor/,/ulichnaya-mebel/,/ulichnaya-mebel/,true,true,internal,pass,
/ulichnaya-mebel/ulichnoe-osveshchenie/fonar-sektor/,/ograzhdeniya-i-zabory/,/ograzhdeniya-i-zabory/,true,true,internal,pass,
/ulichnaya-mebel/ulichnoe-osveshchenie/fonar-sektor/,/navesy-i-kozyrki/,/navesy-i-kozyrki/,true,true,internal,pass,
/ulichnaya-mebel/ulichnoe-osveshchenie/fonar-sektor/,/metallokonstruktsii-dlya-biznesa/,/metallokonstruktsii-dlya-biznesa/,true,true,internal,pass,
/ulichnaya-mebel/ulichnoe-osveshchenie/fonar-sektor/,/topiarii/,/topiarii/,true,true,internal,pass,
/ulichnaya-mebel/ulichnoe-osveshchenie/fonar-sektor/,/blagoustroystvo-territoriy/,/blagoustroystvo-territoriy/,true,true,internal,pass,
/ulichnaya-mebel/ulichnoe-osveshchenie/fonar-sektor/,/stroitelstvo-i-remonty/,/stroitelstvo-i-remonty/,true,true,internal,pass,
/ulichnaya-mebel/ulichnoe-osveshchenie/fonar-sektor/,/ulichnaya-mebel/,/ulichnaya-mebel/,true,true,internal,pass,
/ulichnaya-mebel/ulichnoe-osveshchenie/fonar-sektor/,/ograzhdeniya-i-zabory/,/ograzhdeniya-i-zabory/,true,true,internal,pass,
/ulichnaya-mebel/ulichnoe-osveshchenie/fonar-sektor/,/navesy-i-kozyrki/,/navesy-i-kozyrki/,true,true,internal,pass,
/ulichnaya-mebel/ulichnoe-osveshchenie/fonar-sektor/,/metallokonstruktsii-dlya-biznesa/,/metallokonstruktsii-dlya-biznesa/,true,true,internal,pass,
/ulichnaya-mebel/ulichnoe-osveshchenie/fonar-sektor/,/topiarii/,/topiarii/,true,true,internal,pass,
/ulichnaya-mebel/ulichnoe-osveshchenie/fonar-sektor/,/blagoustroystvo-territoriy/,/blagoustroystvo-territoriy/,true,true,internal,pass,
/ulichnaya-mebel/ulichnoe-osveshchenie/fonar-sektor/,/stroitelstvo-i-remonty/,/stroitelstvo-i-remonty/,true,true,internal,pass,
/ulichnaya-mebel/ulichnoe-osveshchenie/fonar-sektor/,/izgotovlenie-na-zakaz/,/izgotovlenie-na-zakaz/,true,true,internal,pass,
/ulichnaya-mebel/ulichnoe-osveshchenie/fonar-sektor/,/vypolnennye-obekty/,/vypolnennye-obekty/,true,true,internal,pass,
/ulichnaya-mebel/ulichnoe-osveshchenie/fonar-sektor/,/o-nas/,/o-nas/,true,true,internal,pass,
/ulichnaya-mebel/ulichnoe-osveshchenie/fonar-sektor/,/kontakty/,/kontakty/,true,true,internal,pass,
/ulichnaya-mebel/ulichnoe-osveshchenie/fonar-sektor/,/vakansii/,/vakansii/,true,true,internal,pass,
/ulichnaya-mebel/ulichnoe-osveshchenie/fonar-sektor/,/izgotovlenie-na-zakaz/,/izgotovlenie-na-zakaz/,true,true,internal,pass,
/ulichnaya-mebel/ulichnoe-osveshchenie/fonar-sektor/,/vypolnennye-obekty/,/vypolnennye-obekty/,true,true,internal,pass,
/ulichnaya-mebel/ulichnoe-osveshchenie/fonar-sektor/,/o-nas/,/o-nas/,true,true,internal,pass,
/ulichnaya-mebel/ulichnoe-osveshchenie/fonar-sektor/,/kontakty/,/kontakty/,true,true,internal,pass,
/ulichnaya-mebel/ulichnoe-osveshchenie/fonar-sektor/,/vakansii/,/vakansii/,true,true,internal,pass,
/ulichnaya-mebel/ulichnoe-osveshchenie/fonar-sektor/,#contact,/ulichnaya-mebel/ulichnoe-osveshchenie/fonar-sektor/,true,true,anchor,pass,
/ulichnaya-mebel/ulichnoe-osveshchenie/fonar-sektor/,tel:+79129735006,,true,true,tel,pass,
/ulichnaya-mebel/ulichnoe-osveshchenie/fonar-sektor/,tel:+79125799665,,true,true,tel,pass,
/ulichnaya-mebel/ulichnoe-osveshchenie/fonar-sektor/,https://t.me/smu1build,,true,true,external,pass,
/ulichnaya-mebel/ulichnoe-osveshchenie/fonar-sektor/,mailto:smu1.kurgan@yandex.ru,,true,true,mailto,pass,
/ulichnaya-mebel/ulichnoe-osveshchenie/fonar-sektor/,/politika-konfidencialnosti/,/politika-konfidencialnosti/,true,true,internal,pass,
/ulichnaya-mebel/ulichnoe-osveshchenie/fonar-sektor/,/politika-konfidencialnosti/,/politika-konfidencialnosti/,true,true,internal,pass,
/ulichnaya-mebel/ulichnoe-osveshchenie/fonar-vektor-vysokiy/,#main-content,/ulichnaya-mebel/ulichnoe-osveshchenie/fonar-vektor-vysokiy/,true,true,anchor,pass,
/ulichnaya-mebel/ulichnoe-osveshchenie/fonar-vektor-vysokiy/,/,/,true,true,internal,pass,
/ulichnaya-mebel/ulichnoe-osveshchenie/fonar-vektor-vysokiy/,/ulichnaya-mebel/,/ulichnaya-mebel/,true,true,internal,pass,
/ulichnaya-mebel/ulichnoe-osveshchenie/fonar-vektor-vysokiy/,/ograzhdeniya-i-zabory/,/ograzhdeniya-i-zabory/,true,true,internal,pass,
/ulichnaya-mebel/ulichnoe-osveshchenie/fonar-vektor-vysokiy/,/navesy-i-kozyrki/,/navesy-i-kozyrki/,true,true,internal,pass,
/ulichnaya-mebel/ulichnoe-osveshchenie/fonar-vektor-vysokiy/,/topiarii/,/topiarii/,true,true,internal,pass,
/ulichnaya-mebel/ulichnoe-osveshchenie/fonar-vektor-vysokiy/,/izgotovlenie-na-zakaz/,/izgotovlenie-na-zakaz/,true,true,internal,pass,
/ulichnaya-mebel/ulichnoe-osveshchenie/fonar-vektor-vysokiy/,/metallokonstruktsii-dlya-biznesa/,/metallokonstruktsii-dlya-biznesa/,true,true,internal,pass,
/ulichnaya-mebel/ulichnoe-osveshchenie/fonar-vektor-vysokiy/,/blagoustroystvo-territoriy/,/blagoustroystvo-territoriy/,true,true,internal,pass,
/ulichnaya-mebel/ulichnoe-osveshchenie/fonar-vektor-vysokiy/,/stroitelstvo-i-remonty/,/stroitelstvo-i-remonty/,true,true,internal,pass,
/ulichnaya-mebel/ulichnoe-osveshchenie/fonar-vektor-vysokiy/,/vypolnennye-obekty/,/vypolnennye-obekty/,true,true,internal,pass,
/ulichnaya-mebel/ulichnoe-osveshchenie/fonar-vektor-vysokiy/,/o-nas/,/o-nas/,true,true,internal,pass,
/ulichnaya-mebel/ulichnoe-osveshchenie/fonar-vektor-vysokiy/,/kontakty/,/kontakty/,true,true,internal,pass,
/ulichnaya-mebel/ulichnoe-osveshchenie/fonar-vektor-vysokiy/,/vakansii/,/vakansii/,true,true,internal,pass,
/ulichnaya-mebel/ulichnoe-osveshchenie/fonar-vektor-vysokiy/,tel:+79129735006,,true,true,tel,pass,
/ulichnaya-mebel/ulichnoe-osveshchenie/fonar-vektor-vysokiy/,https://t.me/smu1build,,true,true,external,pass,
/ulichnaya-mebel/ulichnoe-osveshchenie/fonar-vektor-vysokiy/,#contact,/ulichnaya-mebel/ulichnoe-osveshchenie/fonar-vektor-vysokiy/,true,true,anchor,pass,
/ulichnaya-mebel/ulichnoe-osveshchenie/fonar-vektor-vysokiy/,/,/,true,true,internal,pass,
/ulichnaya-mebel/ulichnoe-osveshchenie/fonar-vektor-vysokiy/,#contact,/ulichnaya-mebel/ulichnoe-osveshchenie/fonar-vektor-vysokiy/,true,true,anchor,pass,
/ulichnaya-mebel/ulichnoe-osveshchenie/fonar-vektor-vysokiy/,/ulichnaya-mebel/,/ulichnaya-mebel/,true,true,internal,pass,
/ulichnaya-mebel/ulichnoe-osveshchenie/fonar-vektor-vysokiy/,/ograzhdeniya-i-zabory/,/ograzhdeniya-i-zabory/,true,true,internal,pass,
/ulichnaya-mebel/ulichnoe-osveshchenie/fonar-vektor-vysokiy/,/navesy-i-kozyrki/,/navesy-i-kozyrki/,true,true,internal,pass,
/ulichnaya-mebel/ulichnoe-osveshchenie/fonar-vektor-vysokiy/,/topiarii/,/topiarii/,true,true,internal,pass,
/ulichnaya-mebel/ulichnoe-osveshchenie/fonar-vektor-vysokiy/,/metallokonstruktsii-dlya-biznesa/,/metallokonstruktsii-dlya-biznesa/,true,true,internal,pass,
/ulichnaya-mebel/ulichnoe-osveshchenie/fonar-vektor-vysokiy/,/blagoustroystvo-territoriy/,/blagoustroystvo-territoriy/,true,true,internal,pass,
/ulichnaya-mebel/ulichnoe-osveshchenie/fonar-vektor-vysokiy/,/stroitelstvo-i-remonty/,/stroitelstvo-i-remonty/,true,true,internal,pass,
/ulichnaya-mebel/ulichnoe-osveshchenie/fonar-vektor-vysokiy/,/izgotovlenie-na-zakaz/,/izgotovlenie-na-zakaz/,true,true,internal,pass,
/ulichnaya-mebel/ulichnoe-osveshchenie/fonar-vektor-vysokiy/,/vypolnennye-obekty/,/vypolnennye-obekty/,true,true,internal,pass,
/ulichnaya-mebel/ulichnoe-osveshchenie/fonar-vektor-vysokiy/,/o-nas/,/o-nas/,true,true,internal,pass,
/ulichnaya-mebel/ulichnoe-osveshchenie/fonar-vektor-vysokiy/,/kontakty/,/kontakty/,true,true,internal,pass,
/ulichnaya-mebel/ulichnoe-osveshchenie/fonar-vektor-vysokiy/,/vakansii/,/vakansii/,true,true,internal,pass,
/ulichnaya-mebel/ulichnoe-osveshchenie/fonar-vektor-vysokiy/,tel:+79129735006,,true,true,tel,pass,
/ulichnaya-mebel/ulichnoe-osveshchenie/fonar-vektor-vysokiy/,tel:+79125799665,,true,true,tel,pass,
/ulichnaya-mebel/ulichnoe-osveshchenie/fonar-vektor-vysokiy/,https://t.me/smu1build,,true,true,external,pass,
/ulichnaya-mebel/ulichnoe-osveshchenie/fonar-vektor-vysokiy/,mailto:smu1.kurgan@yandex.ru,,true,true,mailto,pass,
/ulichnaya-mebel/ulichnoe-osveshchenie/fonar-vektor-vysokiy/,/,/,true,true,internal,pass,
/ulichnaya-mebel/ulichnoe-osveshchenie/fonar-vektor-vysokiy/,/ulichnaya-mebel/,/ulichnaya-mebel/,true,true,internal,pass,
/ulichnaya-mebel/ulichnoe-osveshchenie/fonar-vektor-vysokiy/,/ulichnaya-mebel/ulichnoe-osveshchenie/,/ulichnaya-mebel/ulichnoe-osveshchenie/,true,true,internal,pass,
/ulichnaya-mebel/ulichnoe-osveshchenie/fonar-vektor-vysokiy/,#contact,/ulichnaya-mebel/ulichnoe-osveshchenie/fonar-vektor-vysokiy/,true,true,anchor,pass,
/ulichnaya-mebel/ulichnoe-osveshchenie/fonar-vektor-vysokiy/,https://t.me/smu1build,,true,true,external,pass,
/ulichnaya-mebel/ulichnoe-osveshchenie/fonar-vektor-vysokiy/,#contact,/ulichnaya-mebel/ulichnoe-osveshchenie/fonar-vektor-vysokiy/,true,true,anchor,pass,
/ulichnaya-mebel/ulichnoe-osveshchenie/fonar-vektor-vysokiy/,/ulichnaya-mebel/ulichnoe-osveshchenie/,/ulichnaya-mebel/ulichnoe-osveshchenie/,true,true,internal,pass,
/ulichnaya-mebel/ulichnoe-osveshchenie/fonar-vektor-vysokiy/,/ulichnaya-mebel/ulichnoe-osveshchenie/fonar-vektor/,/ulichnaya-mebel/ulichnoe-osveshchenie/fonar-vektor/,true,true,internal,pass,
/ulichnaya-mebel/ulichnoe-osveshchenie/fonar-vektor-vysokiy/,/ulichnaya-mebel/ulichnoe-osveshchenie/fonar-sektor/,/ulichnaya-mebel/ulichnoe-osveshchenie/fonar-sektor/,true,true,internal,pass,
/ulichnaya-mebel/ulichnoe-osveshchenie/fonar-vektor-vysokiy/,/ulichnaya-mebel/ulichnoe-osveshchenie/fonar-mayak/,/ulichnaya-mebel/ulichnoe-osveshchenie/fonar-mayak/,true,true,internal,pass,
/ulichnaya-mebel/ulichnoe-osveshchenie/fonar-vektor-vysokiy/,/ulichnaya-mebel/ulichnoe-osveshchenie/fonar-prizma/,/ulichnaya-mebel/ulichnoe-osveshchenie/fonar-prizma/,true,true,internal,pass,
/ulichnaya-mebel/ulichnoe-osveshchenie/fonar-vektor-vysokiy/,https://t.me/smu1build,,true,true,external,pass,
/ulichnaya-mebel/ulichnoe-osveshchenie/fonar-vektor-vysokiy/,/izgotovlenie-na-zakaz/,/izgotovlenie-na-zakaz/,true,true,internal,pass,
/ulichnaya-mebel/ulichnoe-osveshchenie/fonar-vektor-vysokiy/,tel:+79129735006,,true,true,tel,pass,
/ulichnaya-mebel/ulichnoe-osveshchenie/fonar-vektor-vysokiy/,https://t.me/smu1build,,true,true,external,pass,
/ulichnaya-mebel/ulichnoe-osveshchenie/fonar-vektor-vysokiy/,mailto:smu1.kurgan@yandex.ru,,true,true,mailto,pass,
/ulichnaya-mebel/ulichnoe-osveshchenie/fonar-vektor-vysokiy/,/kontakty/,/kontakty/,true,true,internal,pass,
/ulichnaya-mebel/ulichnoe-osveshchenie/fonar-vektor-vysokiy/,/,/,true,true,internal,pass,
/ulichnaya-mebel/ulichnoe-osveshchenie/fonar-vektor-vysokiy/,/ulichnaya-mebel/,/ulichnaya-mebel/,true,true,internal,pass,
/ulichnaya-mebel/ulichnoe-osveshchenie/fonar-vektor-vysokiy/,/ograzhdeniya-i-zabory/,/ograzhdeniya-i-zabory/,true,true,internal,pass,
/ulichnaya-mebel/ulichnoe-osveshchenie/fonar-vektor-vysokiy/,/navesy-i-kozyrki/,/navesy-i-kozyrki/,true,true,internal,pass,
/ulichnaya-mebel/ulichnoe-osveshchenie/fonar-vektor-vysokiy/,/metallokonstruktsii-dlya-biznesa/,/metallokonstruktsii-dlya-biznesa/,true,true,internal,pass,
/ulichnaya-mebel/ulichnoe-osveshchenie/fonar-vektor-vysokiy/,/topiarii/,/topiarii/,true,true,internal,pass,
/ulichnaya-mebel/ulichnoe-osveshchenie/fonar-vektor-vysokiy/,/blagoustroystvo-territoriy/,/blagoustroystvo-territoriy/,true,true,internal,pass,
/ulichnaya-mebel/ulichnoe-osveshchenie/fonar-vektor-vysokiy/,/stroitelstvo-i-remonty/,/stroitelstvo-i-remonty/,true,true,internal,pass,
/ulichnaya-mebel/ulichnoe-osveshchenie/fonar-vektor-vysokiy/,/ulichnaya-mebel/,/ulichnaya-mebel/,true,true,internal,pass,
/ulichnaya-mebel/ulichnoe-osveshchenie/fonar-vektor-vysokiy/,/ograzhdeniya-i-zabory/,/ograzhdeniya-i-zabory/,true,true,internal,pass,
/ulichnaya-mebel/ulichnoe-osveshchenie/fonar-vektor-vysokiy/,/navesy-i-kozyrki/,/navesy-i-kozyrki/,true,true,internal,pass,
/ulichnaya-mebel/ulichnoe-osveshchenie/fonar-vektor-vysokiy/,/metallokonstruktsii-dlya-biznesa/,/metallokonstruktsii-dlya-biznesa/,true,true,internal,pass,
/ulichnaya-mebel/ulichnoe-osveshchenie/fonar-vektor-vysokiy/,/topiarii/,/topiarii/,true,true,internal,pass,
/ulichnaya-mebel/ulichnoe-osveshchenie/fonar-vektor-vysokiy/,/blagoustroystvo-territoriy/,/blagoustroystvo-territoriy/,true,true,internal,pass,
/ulichnaya-mebel/ulichnoe-osveshchenie/fonar-vektor-vysokiy/,/stroitelstvo-i-remonty/,/stroitelstvo-i-remonty/,true,true,internal,pass,
/ulichnaya-mebel/ulichnoe-osveshchenie/fonar-vektor-vysokiy/,/izgotovlenie-na-zakaz/,/izgotovlenie-na-zakaz/,true,true,internal,pass,
/ulichnaya-mebel/ulichnoe-osveshchenie/fonar-vektor-vysokiy/,/vypolnennye-obekty/,/vypolnennye-obekty/,true,true,internal,pass,
/ulichnaya-mebel/ulichnoe-osveshchenie/fonar-vektor-vysokiy/,/o-nas/,/o-nas/,true,true,internal,pass,
/ulichnaya-mebel/ulichnoe-osveshchenie/fonar-vektor-vysokiy/,/kontakty/,/kontakty/,true,true,internal,pass,
/ulichnaya-mebel/ulichnoe-osveshchenie/fonar-vektor-vysokiy/,/vakansii/,/vakansii/,true,true,internal,pass,
/ulichnaya-mebel/ulichnoe-osveshchenie/fonar-vektor-vysokiy/,/izgotovlenie-na-zakaz/,/izgotovlenie-na-zakaz/,true,true,internal,pass,
/ulichnaya-mebel/ulichnoe-osveshchenie/fonar-vektor-vysokiy/,/vypolnennye-obekty/,/vypolnennye-obekty/,true,true,internal,pass,
/ulichnaya-mebel/ulichnoe-osveshchenie/fonar-vektor-vysokiy/,/o-nas/,/o-nas/,true,true,internal,pass,
/ulichnaya-mebel/ulichnoe-osveshchenie/fonar-vektor-vysokiy/,/kontakty/,/kontakty/,true,true,internal,pass,
/ulichnaya-mebel/ulichnoe-osveshchenie/fonar-vektor-vysokiy/,/vakansii/,/vakansii/,true,true,internal,pass,
/ulichnaya-mebel/ulichnoe-osveshchenie/fonar-vektor-vysokiy/,#contact,/ulichnaya-mebel/ulichnoe-osveshchenie/fonar-vektor-vysokiy/,true,true,anchor,pass,
/ulichnaya-mebel/ulichnoe-osveshchenie/fonar-vektor-vysokiy/,tel:+79129735006,,true,true,tel,pass,
/ulichnaya-mebel/ulichnoe-osveshchenie/fonar-vektor-vysokiy/,tel:+79125799665,,true,true,tel,pass,
/ulichnaya-mebel/ulichnoe-osveshchenie/fonar-vektor-vysokiy/,https://t.me/smu1build,,true,true,external,pass,
/ulichnaya-mebel/ulichnoe-osveshchenie/fonar-vektor-vysokiy/,mailto:smu1.kurgan@yandex.ru,,true,true,mailto,pass,
/ulichnaya-mebel/ulichnoe-osveshchenie/fonar-vektor-vysokiy/,/politika-konfidencialnosti/,/politika-konfidencialnosti/,true,true,internal,pass,
/ulichnaya-mebel/ulichnoe-osveshchenie/fonar-vektor-vysokiy/,/politika-konfidencialnosti/,/politika-konfidencialnosti/,true,true,internal,pass,
/ulichnaya-mebel/ulichnoe-osveshchenie/fonar-vektor/,#main-content,/ulichnaya-mebel/ulichnoe-osveshchenie/fonar-vektor/,true,true,anchor,pass,
/ulichnaya-mebel/ulichnoe-osveshchenie/fonar-vektor/,/,/,true,true,internal,pass,
/ulichnaya-mebel/ulichnoe-osveshchenie/fonar-vektor/,/ulichnaya-mebel/,/ulichnaya-mebel/,true,true,internal,pass,
/ulichnaya-mebel/ulichnoe-osveshchenie/fonar-vektor/,/ograzhdeniya-i-zabory/,/ograzhdeniya-i-zabory/,true,true,internal,pass,
/ulichnaya-mebel/ulichnoe-osveshchenie/fonar-vektor/,/navesy-i-kozyrki/,/navesy-i-kozyrki/,true,true,internal,pass,
/ulichnaya-mebel/ulichnoe-osveshchenie/fonar-vektor/,/topiarii/,/topiarii/,true,true,internal,pass,
/ulichnaya-mebel/ulichnoe-osveshchenie/fonar-vektor/,/izgotovlenie-na-zakaz/,/izgotovlenie-na-zakaz/,true,true,internal,pass,
/ulichnaya-mebel/ulichnoe-osveshchenie/fonar-vektor/,/metallokonstruktsii-dlya-biznesa/,/metallokonstruktsii-dlya-biznesa/,true,true,internal,pass,
/ulichnaya-mebel/ulichnoe-osveshchenie/fonar-vektor/,/blagoustroystvo-territoriy/,/blagoustroystvo-territoriy/,true,true,internal,pass,
/ulichnaya-mebel/ulichnoe-osveshchenie/fonar-vektor/,/stroitelstvo-i-remonty/,/stroitelstvo-i-remonty/,true,true,internal,pass,
/ulichnaya-mebel/ulichnoe-osveshchenie/fonar-vektor/,/vypolnennye-obekty/,/vypolnennye-obekty/,true,true,internal,pass,
/ulichnaya-mebel/ulichnoe-osveshchenie/fonar-vektor/,/o-nas/,/o-nas/,true,true,internal,pass,
/ulichnaya-mebel/ulichnoe-osveshchenie/fonar-vektor/,/kontakty/,/kontakty/,true,true,internal,pass,
/ulichnaya-mebel/ulichnoe-osveshchenie/fonar-vektor/,/vakansii/,/vakansii/,true,true,internal,pass,
/ulichnaya-mebel/ulichnoe-osveshchenie/fonar-vektor/,tel:+79129735006,,true,true,tel,pass,
/ulichnaya-mebel/ulichnoe-osveshchenie/fonar-vektor/,https://t.me/smu1build,,true,true,external,pass,
/ulichnaya-mebel/ulichnoe-osveshchenie/fonar-vektor/,#contact,/ulichnaya-mebel/ulichnoe-osveshchenie/fonar-vektor/,true,true,anchor,pass,
/ulichnaya-mebel/ulichnoe-osveshchenie/fonar-vektor/,/,/,true,true,internal,pass,
/ulichnaya-mebel/ulichnoe-osveshchenie/fonar-vektor/,#contact,/ulichnaya-mebel/ulichnoe-osveshchenie/fonar-vektor/,true,true,anchor,pass,
/ulichnaya-mebel/ulichnoe-osveshchenie/fonar-vektor/,/ulichnaya-mebel/,/ulichnaya-mebel/,true,true,internal,pass,
/ulichnaya-mebel/ulichnoe-osveshchenie/fonar-vektor/,/ograzhdeniya-i-zabory/,/ograzhdeniya-i-zabory/,true,true,internal,pass,
/ulichnaya-mebel/ulichnoe-osveshchenie/fonar-vektor/,/navesy-i-kozyrki/,/navesy-i-kozyrki/,true,true,internal,pass,
/ulichnaya-mebel/ulichnoe-osveshchenie/fonar-vektor/,/topiarii/,/topiarii/,true,true,internal,pass,
/ulichnaya-mebel/ulichnoe-osveshchenie/fonar-vektor/,/metallokonstruktsii-dlya-biznesa/,/metallokonstruktsii-dlya-biznesa/,true,true,internal,pass,
/ulichnaya-mebel/ulichnoe-osveshchenie/fonar-vektor/,/blagoustroystvo-territoriy/,/blagoustroystvo-territoriy/,true,true,internal,pass,
/ulichnaya-mebel/ulichnoe-osveshchenie/fonar-vektor/,/stroitelstvo-i-remonty/,/stroitelstvo-i-remonty/,true,true,internal,pass,
/ulichnaya-mebel/ulichnoe-osveshchenie/fonar-vektor/,/izgotovlenie-na-zakaz/,/izgotovlenie-na-zakaz/,true,true,internal,pass,
/ulichnaya-mebel/ulichnoe-osveshchenie/fonar-vektor/,/vypolnennye-obekty/,/vypolnennye-obekty/,true,true,internal,pass,
/ulichnaya-mebel/ulichnoe-osveshchenie/fonar-vektor/,/o-nas/,/o-nas/,true,true,internal,pass,
/ulichnaya-mebel/ulichnoe-osveshchenie/fonar-vektor/,/kontakty/,/kontakty/,true,true,internal,pass,
/ulichnaya-mebel/ulichnoe-osveshchenie/fonar-vektor/,/vakansii/,/vakansii/,true,true,internal,pass,
/ulichnaya-mebel/ulichnoe-osveshchenie/fonar-vektor/,tel:+79129735006,,true,true,tel,pass,
/ulichnaya-mebel/ulichnoe-osveshchenie/fonar-vektor/,tel:+79125799665,,true,true,tel,pass,
/ulichnaya-mebel/ulichnoe-osveshchenie/fonar-vektor/,https://t.me/smu1build,,true,true,external,pass,
/ulichnaya-mebel/ulichnoe-osveshchenie/fonar-vektor/,mailto:smu1.kurgan@yandex.ru,,true,true,mailto,pass,
/ulichnaya-mebel/ulichnoe-osveshchenie/fonar-vektor/,/,/,true,true,internal,pass,
/ulichnaya-mebel/ulichnoe-osveshchenie/fonar-vektor/,/ulichnaya-mebel/,/ulichnaya-mebel/,true,true,internal,pass,
/ulichnaya-mebel/ulichnoe-osveshchenie/fonar-vektor/,/ulichnaya-mebel/ulichnoe-osveshchenie/,/ulichnaya-mebel/ulichnoe-osveshchenie/,true,true,internal,pass,
/ulichnaya-mebel/ulichnoe-osveshchenie/fonar-vektor/,#contact,/ulichnaya-mebel/ulichnoe-osveshchenie/fonar-vektor/,true,true,anchor,pass,
/ulichnaya-mebel/ulichnoe-osveshchenie/fonar-vektor/,https://t.me/smu1build,,true,true,external,pass,
/ulichnaya-mebel/ulichnoe-osveshchenie/fonar-vektor/,#contact,/ulichnaya-mebel/ulichnoe-osveshchenie/fonar-vektor/,true,true,anchor,pass,
/ulichnaya-mebel/ulichnoe-osveshchenie/fonar-vektor/,/ulichnaya-mebel/ulichnoe-osveshchenie/,/ulichnaya-mebel/ulichnoe-osveshchenie/,true,true,internal,pass,
/ulichnaya-mebel/ulichnoe-osveshchenie/fonar-vektor/,/ulichnaya-mebel/ulichnoe-osveshchenie/fonar-vektor-vysokiy/,/ulichnaya-mebel/ulichnoe-osveshchenie/fonar-vektor-vysokiy/,true,true,internal,pass,
/ulichnaya-mebel/ulichnoe-osveshchenie/fonar-vektor/,/ulichnaya-mebel/ulichnoe-osveshchenie/fonar-sektor/,/ulichnaya-mebel/ulichnoe-osveshchenie/fonar-sektor/,true,true,internal,pass,
/ulichnaya-mebel/ulichnoe-osveshchenie/fonar-vektor/,/ulichnaya-mebel/ulichnoe-osveshchenie/fonar-mayak/,/ulichnaya-mebel/ulichnoe-osveshchenie/fonar-mayak/,true,true,internal,pass,
/ulichnaya-mebel/ulichnoe-osveshchenie/fonar-vektor/,/ulichnaya-mebel/ulichnoe-osveshchenie/fonar-prizma/,/ulichnaya-mebel/ulichnoe-osveshchenie/fonar-prizma/,true,true,internal,pass,
/ulichnaya-mebel/ulichnoe-osveshchenie/fonar-vektor/,https://t.me/smu1build,,true,true,external,pass,
/ulichnaya-mebel/ulichnoe-osveshchenie/fonar-vektor/,/izgotovlenie-na-zakaz/,/izgotovlenie-na-zakaz/,true,true,internal,pass,
/ulichnaya-mebel/ulichnoe-osveshchenie/fonar-vektor/,tel:+79129735006,,true,true,tel,pass,
/ulichnaya-mebel/ulichnoe-osveshchenie/fonar-vektor/,https://t.me/smu1build,,true,true,external,pass,
/ulichnaya-mebel/ulichnoe-osveshchenie/fonar-vektor/,mailto:smu1.kurgan@yandex.ru,,true,true,mailto,pass,
/ulichnaya-mebel/ulichnoe-osveshchenie/fonar-vektor/,/kontakty/,/kontakty/,true,true,internal,pass,
/ulichnaya-mebel/ulichnoe-osveshchenie/fonar-vektor/,/,/,true,true,internal,pass,
/ulichnaya-mebel/ulichnoe-osveshchenie/fonar-vektor/,/ulichnaya-mebel/,/ulichnaya-mebel/,true,true,internal,pass,
/ulichnaya-mebel/ulichnoe-osveshchenie/fonar-vektor/,/ograzhdeniya-i-zabory/,/ograzhdeniya-i-zabory/,true,true,internal,pass,
/ulichnaya-mebel/ulichnoe-osveshchenie/fonar-vektor/,/navesy-i-kozyrki/,/navesy-i-kozyrki/,true,true,internal,pass,
/ulichnaya-mebel/ulichnoe-osveshchenie/fonar-vektor/,/metallokonstruktsii-dlya-biznesa/,/metallokonstruktsii-dlya-biznesa/,true,true,internal,pass,
/ulichnaya-mebel/ulichnoe-osveshchenie/fonar-vektor/,/topiarii/,/topiarii/,true,true,internal,pass,
/ulichnaya-mebel/ulichnoe-osveshchenie/fonar-vektor/,/blagoustroystvo-territoriy/,/blagoustroystvo-territoriy/,true,true,internal,pass,
/ulichnaya-mebel/ulichnoe-osveshchenie/fonar-vektor/,/stroitelstvo-i-remonty/,/stroitelstvo-i-remonty/,true,true,internal,pass,
/ulichnaya-mebel/ulichnoe-osveshchenie/fonar-vektor/,/ulichnaya-mebel/,/ulichnaya-mebel/,true,true,internal,pass,
/ulichnaya-mebel/ulichnoe-osveshchenie/fonar-vektor/,/ograzhdeniya-i-zabory/,/ograzhdeniya-i-zabory/,true,true,internal,pass,
/ulichnaya-mebel/ulichnoe-osveshchenie/fonar-vektor/,/navesy-i-kozyrki/,/navesy-i-kozyrki/,true,true,internal,pass,
/ulichnaya-mebel/ulichnoe-osveshchenie/fonar-vektor/,/metallokonstruktsii-dlya-biznesa/,/metallokonstruktsii-dlya-biznesa/,true,true,internal,pass,
/ulichnaya-mebel/ulichnoe-osveshchenie/fonar-vektor/,/topiarii/,/topiarii/,true,true,internal,pass,
/ulichnaya-mebel/ulichnoe-osveshchenie/fonar-vektor/,/blagoustroystvo-territoriy/,/blagoustroystvo-territoriy/,true,true,internal,pass,
/ulichnaya-mebel/ulichnoe-osveshchenie/fonar-vektor/,/stroitelstvo-i-remonty/,/stroitelstvo-i-remonty/,true,true,internal,pass,
/ulichnaya-mebel/ulichnoe-osveshchenie/fonar-vektor/,/izgotovlenie-na-zakaz/,/izgotovlenie-na-zakaz/,true,true,internal,pass,
/ulichnaya-mebel/ulichnoe-osveshchenie/fonar-vektor/,/vypolnennye-obekty/,/vypolnennye-obekty/,true,true,internal,pass,
/ulichnaya-mebel/ulichnoe-osveshchenie/fonar-vektor/,/o-nas/,/o-nas/,true,true,internal,pass,
/ulichnaya-mebel/ulichnoe-osveshchenie/fonar-vektor/,/kontakty/,/kontakty/,true,true,internal,pass,
/ulichnaya-mebel/ulichnoe-osveshchenie/fonar-vektor/,/vakansii/,/vakansii/,true,true,internal,pass,
/ulichnaya-mebel/ulichnoe-osveshchenie/fonar-vektor/,/izgotovlenie-na-zakaz/,/izgotovlenie-na-zakaz/,true,true,internal,pass,
/ulichnaya-mebel/ulichnoe-osveshchenie/fonar-vektor/,/vypolnennye-obekty/,/vypolnennye-obekty/,true,true,internal,pass,
/ulichnaya-mebel/ulichnoe-osveshchenie/fonar-vektor/,/o-nas/,/o-nas/,true,true,internal,pass,
/ulichnaya-mebel/ulichnoe-osveshchenie/fonar-vektor/,/kontakty/,/kontakty/,true,true,internal,pass,
/ulichnaya-mebel/ulichnoe-osveshchenie/fonar-vektor/,/vakansii/,/vakansii/,true,true,internal,pass,
/ulichnaya-mebel/ulichnoe-osveshchenie/fonar-vektor/,#contact,/ulichnaya-mebel/ulichnoe-osveshchenie/fonar-vektor/,true,true,anchor,pass,
/ulichnaya-mebel/ulichnoe-osveshchenie/fonar-vektor/,tel:+79129735006,,true,true,tel,pass,
/ulichnaya-mebel/ulichnoe-osveshchenie/fonar-vektor/,tel:+79125799665,,true,true,tel,pass,
/ulichnaya-mebel/ulichnoe-osveshchenie/fonar-vektor/,https://t.me/smu1build,,true,true,external,pass,
/ulichnaya-mebel/ulichnoe-osveshchenie/fonar-vektor/,mailto:smu1.kurgan@yandex.ru,,true,true,mailto,pass,
/ulichnaya-mebel/ulichnoe-osveshchenie/fonar-vektor/,/politika-konfidencialnosti/,/politika-konfidencialnosti/,true,true,internal,pass,
/ulichnaya-mebel/ulichnoe-osveshchenie/fonar-vektor/,/politika-konfidencialnosti/,/politika-konfidencialnosti/,true,true,internal,pass,
/ulichnaya-mebel/kacheli/kachel-duga/,#main-content,/ulichnaya-mebel/kacheli/kachel-duga/,true,true,anchor,pass,
/ulichnaya-mebel/kacheli/kachel-duga/,/,/,true,true,internal,pass,
/ulichnaya-mebel/kacheli/kachel-duga/,/ulichnaya-mebel/,/ulichnaya-mebel/,true,true,internal,pass,
/ulichnaya-mebel/kacheli/kachel-duga/,/ograzhdeniya-i-zabory/,/ograzhdeniya-i-zabory/,true,true,internal,pass,
/ulichnaya-mebel/kacheli/kachel-duga/,/navesy-i-kozyrki/,/navesy-i-kozyrki/,true,true,internal,pass,
/ulichnaya-mebel/kacheli/kachel-duga/,/topiarii/,/topiarii/,true,true,internal,pass,
/ulichnaya-mebel/kacheli/kachel-duga/,/izgotovlenie-na-zakaz/,/izgotovlenie-na-zakaz/,true,true,internal,pass,
/ulichnaya-mebel/kacheli/kachel-duga/,/metallokonstruktsii-dlya-biznesa/,/metallokonstruktsii-dlya-biznesa/,true,true,internal,pass,
/ulichnaya-mebel/kacheli/kachel-duga/,/blagoustroystvo-territoriy/,/blagoustroystvo-territoriy/,true,true,internal,pass,
/ulichnaya-mebel/kacheli/kachel-duga/,/stroitelstvo-i-remonty/,/stroitelstvo-i-remonty/,true,true,internal,pass,
/ulichnaya-mebel/kacheli/kachel-duga/,/vypolnennye-obekty/,/vypolnennye-obekty/,true,true,internal,pass,
/ulichnaya-mebel/kacheli/kachel-duga/,/o-nas/,/o-nas/,true,true,internal,pass,
/ulichnaya-mebel/kacheli/kachel-duga/,/kontakty/,/kontakty/,true,true,internal,pass,
/ulichnaya-mebel/kacheli/kachel-duga/,/vakansii/,/vakansii/,true,true,internal,pass,
/ulichnaya-mebel/kacheli/kachel-duga/,tel:+79129735006,,true,true,tel,pass,
/ulichnaya-mebel/kacheli/kachel-duga/,https://t.me/smu1build,,true,true,external,pass,
/ulichnaya-mebel/kacheli/kachel-duga/,#contact,/ulichnaya-mebel/kacheli/kachel-duga/,true,true,anchor,pass,
/ulichnaya-mebel/kacheli/kachel-duga/,/,/,true,true,internal,pass,
/ulichnaya-mebel/kacheli/kachel-duga/,#contact,/ulichnaya-mebel/kacheli/kachel-duga/,true,true,anchor,pass,
/ulichnaya-mebel/kacheli/kachel-duga/,/ulichnaya-mebel/,/ulichnaya-mebel/,true,true,internal,pass,
/ulichnaya-mebel/kacheli/kachel-duga/,/ograzhdeniya-i-zabory/,/ograzhdeniya-i-zabory/,true,true,internal,pass,
/ulichnaya-mebel/kacheli/kachel-duga/,/navesy-i-kozyrki/,/navesy-i-kozyrki/,true,true,internal,pass,
/ulichnaya-mebel/kacheli/kachel-duga/,/topiarii/,/topiarii/,true,true,internal,pass,
/ulichnaya-mebel/kacheli/kachel-duga/,/metallokonstruktsii-dlya-biznesa/,/metallokonstruktsii-dlya-biznesa/,true,true,internal,pass,
/ulichnaya-mebel/kacheli/kachel-duga/,/blagoustroystvo-territoriy/,/blagoustroystvo-territoriy/,true,true,internal,pass,
/ulichnaya-mebel/kacheli/kachel-duga/,/stroitelstvo-i-remonty/,/stroitelstvo-i-remonty/,true,true,internal,pass,
/ulichnaya-mebel/kacheli/kachel-duga/,/izgotovlenie-na-zakaz/,/izgotovlenie-na-zakaz/,true,true,internal,pass,
/ulichnaya-mebel/kacheli/kachel-duga/,/vypolnennye-obekty/,/vypolnennye-obekty/,true,true,internal,pass,
/ulichnaya-mebel/kacheli/kachel-duga/,/o-nas/,/o-nas/,true,true,internal,pass,
/ulichnaya-mebel/kacheli/kachel-duga/,/kontakty/,/kontakty/,true,true,internal,pass,
/ulichnaya-mebel/kacheli/kachel-duga/,/vakansii/,/vakansii/,true,true,internal,pass,
/ulichnaya-mebel/kacheli/kachel-duga/,tel:+79129735006,,true,true,tel,pass,
/ulichnaya-mebel/kacheli/kachel-duga/,tel:+79125799665,,true,true,tel,pass,
/ulichnaya-mebel/kacheli/kachel-duga/,https://t.me/smu1build,,true,true,external,pass,
/ulichnaya-mebel/kacheli/kachel-duga/,mailto:smu1.kurgan@yandex.ru,,true,true,mailto,pass,
/ulichnaya-mebel/kacheli/kachel-duga/,/,/,true,true,internal,pass,
/ulichnaya-mebel/kacheli/kachel-duga/,/ulichnaya-mebel/,/ulichnaya-mebel/,true,true,internal,pass,
/ulichnaya-mebel/kacheli/kachel-duga/,/ulichnaya-mebel/kacheli/,/ulichnaya-mebel/kacheli/,true,true,internal,pass,
/ulichnaya-mebel/kacheli/kachel-duga/,#contact,/ulichnaya-mebel/kacheli/kachel-duga/,true,true,anchor,pass,
/ulichnaya-mebel/kacheli/kachel-duga/,https://t.me/smu1build,,true,true,external,pass,
/ulichnaya-mebel/kacheli/kachel-duga/,#contact,/ulichnaya-mebel/kacheli/kachel-duga/,true,true,anchor,pass,
/ulichnaya-mebel/kacheli/kachel-duga/,/ulichnaya-mebel/kacheli/,/ulichnaya-mebel/kacheli/,true,true,internal,pass,
/ulichnaya-mebel/kacheli/kachel-duga/,/ulichnaya-mebel/kacheli/kachel-portal/,/ulichnaya-mebel/kacheli/kachel-portal/,true,true,internal,pass,
/ulichnaya-mebel/kacheli/kachel-duga/,/ulichnaya-mebel/kacheli/kacheli-pergola/,/ulichnaya-mebel/kacheli/kacheli-pergola/,true,true,internal,pass,
/ulichnaya-mebel/kacheli/kachel-duga/,/ulichnaya-mebel/kacheli/kachel-s-navesom/,/ulichnaya-mebel/kacheli/kachel-s-navesom/,true,true,internal,pass,
/ulichnaya-mebel/kacheli/kachel-duga/,/ulichnaya-mebel/kacheli/kacheli-s-dlinnym-navesom/,/ulichnaya-mebel/kacheli/kacheli-s-dlinnym-navesom/,true,true,internal,pass,
/ulichnaya-mebel/kacheli/kachel-duga/,https://t.me/smu1build,,true,true,external,pass,
/ulichnaya-mebel/kacheli/kachel-duga/,/izgotovlenie-na-zakaz/,/izgotovlenie-na-zakaz/,true,true,internal,pass,
/ulichnaya-mebel/kacheli/kachel-duga/,tel:+79129735006,,true,true,tel,pass,
/ulichnaya-mebel/kacheli/kachel-duga/,https://t.me/smu1build,,true,true,external,pass,
/ulichnaya-mebel/kacheli/kachel-duga/,mailto:smu1.kurgan@yandex.ru,,true,true,mailto,pass,
/ulichnaya-mebel/kacheli/kachel-duga/,/kontakty/,/kontakty/,true,true,internal,pass,
/ulichnaya-mebel/kacheli/kachel-duga/,/,/,true,true,internal,pass,
/ulichnaya-mebel/kacheli/kachel-duga/,/ulichnaya-mebel/,/ulichnaya-mebel/,true,true,internal,pass,
/ulichnaya-mebel/kacheli/kachel-duga/,/ograzhdeniya-i-zabory/,/ograzhdeniya-i-zabory/,true,true,internal,pass,
/ulichnaya-mebel/kacheli/kachel-duga/,/navesy-i-kozyrki/,/navesy-i-kozyrki/,true,true,internal,pass,
/ulichnaya-mebel/kacheli/kachel-duga/,/metallokonstruktsii-dlya-biznesa/,/metallokonstruktsii-dlya-biznesa/,true,true,internal,pass,
/ulichnaya-mebel/kacheli/kachel-duga/,/topiarii/,/topiarii/,true,true,internal,pass,
/ulichnaya-mebel/kacheli/kachel-duga/,/blagoustroystvo-territoriy/,/blagoustroystvo-territoriy/,true,true,internal,pass,
/ulichnaya-mebel/kacheli/kachel-duga/,/stroitelstvo-i-remonty/,/stroitelstvo-i-remonty/,true,true,internal,pass,
/ulichnaya-mebel/kacheli/kachel-duga/,/ulichnaya-mebel/,/ulichnaya-mebel/,true,true,internal,pass,
/ulichnaya-mebel/kacheli/kachel-duga/,/ograzhdeniya-i-zabory/,/ograzhdeniya-i-zabory/,true,true,internal,pass,
/ulichnaya-mebel/kacheli/kachel-duga/,/navesy-i-kozyrki/,/navesy-i-kozyrki/,true,true,internal,pass,
/ulichnaya-mebel/kacheli/kachel-duga/,/metallokonstruktsii-dlya-biznesa/,/metallokonstruktsii-dlya-biznesa/,true,true,internal,pass,
/ulichnaya-mebel/kacheli/kachel-duga/,/topiarii/,/topiarii/,true,true,internal,pass,
/ulichnaya-mebel/kacheli/kachel-duga/,/blagoustroystvo-territoriy/,/blagoustroystvo-territoriy/,true,true,internal,pass,
/ulichnaya-mebel/kacheli/kachel-duga/,/stroitelstvo-i-remonty/,/stroitelstvo-i-remonty/,true,true,internal,pass,
/ulichnaya-mebel/kacheli/kachel-duga/,/izgotovlenie-na-zakaz/,/izgotovlenie-na-zakaz/,true,true,internal,pass,
/ulichnaya-mebel/kacheli/kachel-duga/,/vypolnennye-obekty/,/vypolnennye-obekty/,true,true,internal,pass,
/ulichnaya-mebel/kacheli/kachel-duga/,/o-nas/,/o-nas/,true,true,internal,pass,
/ulichnaya-mebel/kacheli/kachel-duga/,/kontakty/,/kontakty/,true,true,internal,pass,
/ulichnaya-mebel/kacheli/kachel-duga/,/vakansii/,/vakansii/,true,true,internal,pass,
/ulichnaya-mebel/kacheli/kachel-duga/,/izgotovlenie-na-zakaz/,/izgotovlenie-na-zakaz/,true,true,internal,pass,
/ulichnaya-mebel/kacheli/kachel-duga/,/vypolnennye-obekty/,/vypolnennye-obekty/,true,true,internal,pass,
/ulichnaya-mebel/kacheli/kachel-duga/,/o-nas/,/o-nas/,true,true,internal,pass,
/ulichnaya-mebel/kacheli/kachel-duga/,/kontakty/,/kontakty/,true,true,internal,pass,
/ulichnaya-mebel/kacheli/kachel-duga/,/vakansii/,/vakansii/,true,true,internal,pass,
/ulichnaya-mebel/kacheli/kachel-duga/,#contact,/ulichnaya-mebel/kacheli/kachel-duga/,true,true,anchor,pass,
/ulichnaya-mebel/kacheli/kachel-duga/,tel:+79129735006,,true,true,tel,pass,
/ulichnaya-mebel/kacheli/kachel-duga/,tel:+79125799665,,true,true,tel,pass,
/ulichnaya-mebel/kacheli/kachel-duga/,https://t.me/smu1build,,true,true,external,pass,
/ulichnaya-mebel/kacheli/kachel-duga/,mailto:smu1.kurgan@yandex.ru,,true,true,mailto,pass,
/ulichnaya-mebel/kacheli/kachel-duga/,/politika-konfidencialnosti/,/politika-konfidencialnosti/,true,true,internal,pass,
/ulichnaya-mebel/kacheli/kachel-duga/,/politika-konfidencialnosti/,/politika-konfidencialnosti/,true,true,internal,pass,
/ulichnaya-mebel/kacheli/kachel-patio/,#main-content,/ulichnaya-mebel/kacheli/kachel-patio/,true,true,anchor,pass,
/ulichnaya-mebel/kacheli/kachel-patio/,/,/,true,true,internal,pass,
/ulichnaya-mebel/kacheli/kachel-patio/,/ulichnaya-mebel/,/ulichnaya-mebel/,true,true,internal,pass,
/ulichnaya-mebel/kacheli/kachel-patio/,/ograzhdeniya-i-zabory/,/ograzhdeniya-i-zabory/,true,true,internal,pass,
/ulichnaya-mebel/kacheli/kachel-patio/,/navesy-i-kozyrki/,/navesy-i-kozyrki/,true,true,internal,pass,
/ulichnaya-mebel/kacheli/kachel-patio/,/topiarii/,/topiarii/,true,true,internal,pass,
/ulichnaya-mebel/kacheli/kachel-patio/,/izgotovlenie-na-zakaz/,/izgotovlenie-na-zakaz/,true,true,internal,pass,
/ulichnaya-mebel/kacheli/kachel-patio/,/metallokonstruktsii-dlya-biznesa/,/metallokonstruktsii-dlya-biznesa/,true,true,internal,pass,
/ulichnaya-mebel/kacheli/kachel-patio/,/blagoustroystvo-territoriy/,/blagoustroystvo-territoriy/,true,true,internal,pass,
/ulichnaya-mebel/kacheli/kachel-patio/,/stroitelstvo-i-remonty/,/stroitelstvo-i-remonty/,true,true,internal,pass,
/ulichnaya-mebel/kacheli/kachel-patio/,/vypolnennye-obekty/,/vypolnennye-obekty/,true,true,internal,pass,
/ulichnaya-mebel/kacheli/kachel-patio/,/o-nas/,/o-nas/,true,true,internal,pass,
/ulichnaya-mebel/kacheli/kachel-patio/,/kontakty/,/kontakty/,true,true,internal,pass,
/ulichnaya-mebel/kacheli/kachel-patio/,/vakansii/,/vakansii/,true,true,internal,pass,
/ulichnaya-mebel/kacheli/kachel-patio/,tel:+79129735006,,true,true,tel,pass,
/ulichnaya-mebel/kacheli/kachel-patio/,https://t.me/smu1build,,true,true,external,pass,
/ulichnaya-mebel/kacheli/kachel-patio/,#contact,/ulichnaya-mebel/kacheli/kachel-patio/,true,true,anchor,pass,
/ulichnaya-mebel/kacheli/kachel-patio/,/,/,true,true,internal,pass,
/ulichnaya-mebel/kacheli/kachel-patio/,#contact,/ulichnaya-mebel/kacheli/kachel-patio/,true,true,anchor,pass,
/ulichnaya-mebel/kacheli/kachel-patio/,/ulichnaya-mebel/,/ulichnaya-mebel/,true,true,internal,pass,
/ulichnaya-mebel/kacheli/kachel-patio/,/ograzhdeniya-i-zabory/,/ograzhdeniya-i-zabory/,true,true,internal,pass,
/ulichnaya-mebel/kacheli/kachel-patio/,/navesy-i-kozyrki/,/navesy-i-kozyrki/,true,true,internal,pass,
/ulichnaya-mebel/kacheli/kachel-patio/,/topiarii/,/topiarii/,true,true,internal,pass,
/ulichnaya-mebel/kacheli/kachel-patio/,/metallokonstruktsii-dlya-biznesa/,/metallokonstruktsii-dlya-biznesa/,true,true,internal,pass,
/ulichnaya-mebel/kacheli/kachel-patio/,/blagoustroystvo-territoriy/,/blagoustroystvo-territoriy/,true,true,internal,pass,
/ulichnaya-mebel/kacheli/kachel-patio/,/stroitelstvo-i-remonty/,/stroitelstvo-i-remonty/,true,true,internal,pass,
/ulichnaya-mebel/kacheli/kachel-patio/,/izgotovlenie-na-zakaz/,/izgotovlenie-na-zakaz/,true,true,internal,pass,
/ulichnaya-mebel/kacheli/kachel-patio/,/vypolnennye-obekty/,/vypolnennye-obekty/,true,true,internal,pass,
/ulichnaya-mebel/kacheli/kachel-patio/,/o-nas/,/o-nas/,true,true,internal,pass,
/ulichnaya-mebel/kacheli/kachel-patio/,/kontakty/,/kontakty/,true,true,internal,pass,
/ulichnaya-mebel/kacheli/kachel-patio/,/vakansii/,/vakansii/,true,true,internal,pass,
/ulichnaya-mebel/kacheli/kachel-patio/,tel:+79129735006,,true,true,tel,pass,
/ulichnaya-mebel/kacheli/kachel-patio/,tel:+79125799665,,true,true,tel,pass,
/ulichnaya-mebel/kacheli/kachel-patio/,https://t.me/smu1build,,true,true,external,pass,
/ulichnaya-mebel/kacheli/kachel-patio/,mailto:smu1.kurgan@yandex.ru,,true,true,mailto,pass,
/ulichnaya-mebel/kacheli/kachel-patio/,/,/,true,true,internal,pass,
/ulichnaya-mebel/kacheli/kachel-patio/,/ulichnaya-mebel/,/ulichnaya-mebel/,true,true,internal,pass,
/ulichnaya-mebel/kacheli/kachel-patio/,/ulichnaya-mebel/kacheli/,/ulichnaya-mebel/kacheli/,true,true,internal,pass,
/ulichnaya-mebel/kacheli/kachel-patio/,#contact,/ulichnaya-mebel/kacheli/kachel-patio/,true,true,anchor,pass,
/ulichnaya-mebel/kacheli/kachel-patio/,https://t.me/smu1build,,true,true,external,pass,
/ulichnaya-mebel/kacheli/kachel-patio/,#contact,/ulichnaya-mebel/kacheli/kachel-patio/,true,true,anchor,pass,
/ulichnaya-mebel/kacheli/kachel-patio/,/ulichnaya-mebel/kacheli/,/ulichnaya-mebel/kacheli/,true,true,internal,pass,
/ulichnaya-mebel/kacheli/kachel-patio/,/ulichnaya-mebel/kacheli/kachel-portal/,/ulichnaya-mebel/kacheli/kachel-portal/,true,true,internal,pass,
/ulichnaya-mebel/kacheli/kachel-patio/,/ulichnaya-mebel/kacheli/kachel-duga/,/ulichnaya-mebel/kacheli/kachel-duga/,true,true,internal,pass,
/ulichnaya-mebel/kacheli/kachel-patio/,/ulichnaya-mebel/kacheli/kacheli-pergola/,/ulichnaya-mebel/kacheli/kacheli-pergola/,true,true,internal,pass,
/ulichnaya-mebel/kacheli/kachel-patio/,/ulichnaya-mebel/kacheli/kachel-s-navesom/,/ulichnaya-mebel/kacheli/kachel-s-navesom/,true,true,internal,pass,
/ulichnaya-mebel/kacheli/kachel-patio/,https://t.me/smu1build,,true,true,external,pass,
/ulichnaya-mebel/kacheli/kachel-patio/,/izgotovlenie-na-zakaz/,/izgotovlenie-na-zakaz/,true,true,internal,pass,
/ulichnaya-mebel/kacheli/kachel-patio/,tel:+79129735006,,true,true,tel,pass,
/ulichnaya-mebel/kacheli/kachel-patio/,https://t.me/smu1build,,true,true,external,pass,
/ulichnaya-mebel/kacheli/kachel-patio/,mailto:smu1.kurgan@yandex.ru,,true,true,mailto,pass,
/ulichnaya-mebel/kacheli/kachel-patio/,/kontakty/,/kontakty/,true,true,internal,pass,
/ulichnaya-mebel/kacheli/kachel-patio/,/,/,true,true,internal,pass,
/ulichnaya-mebel/kacheli/kachel-patio/,/ulichnaya-mebel/,/ulichnaya-mebel/,true,true,internal,pass,
/ulichnaya-mebel/kacheli/kachel-patio/,/ograzhdeniya-i-zabory/,/ograzhdeniya-i-zabory/,true,true,internal,pass,
/ulichnaya-mebel/kacheli/kachel-patio/,/navesy-i-kozyrki/,/navesy-i-kozyrki/,true,true,internal,pass,
/ulichnaya-mebel/kacheli/kachel-patio/,/metallokonstruktsii-dlya-biznesa/,/metallokonstruktsii-dlya-biznesa/,true,true,internal,pass,
/ulichnaya-mebel/kacheli/kachel-patio/,/topiarii/,/topiarii/,true,true,internal,pass,
/ulichnaya-mebel/kacheli/kachel-patio/,/blagoustroystvo-territoriy/,/blagoustroystvo-territoriy/,true,true,internal,pass,
/ulichnaya-mebel/kacheli/kachel-patio/,/stroitelstvo-i-remonty/,/stroitelstvo-i-remonty/,true,true,internal,pass,
/ulichnaya-mebel/kacheli/kachel-patio/,/ulichnaya-mebel/,/ulichnaya-mebel/,true,true,internal,pass,
/ulichnaya-mebel/kacheli/kachel-patio/,/ograzhdeniya-i-zabory/,/ograzhdeniya-i-zabory/,true,true,internal,pass,
/ulichnaya-mebel/kacheli/kachel-patio/,/navesy-i-kozyrki/,/navesy-i-kozyrki/,true,true,internal,pass,
/ulichnaya-mebel/kacheli/kachel-patio/,/metallokonstruktsii-dlya-biznesa/,/metallokonstruktsii-dlya-biznesa/,true,true,internal,pass,
/ulichnaya-mebel/kacheli/kachel-patio/,/topiarii/,/topiarii/,true,true,internal,pass,
/ulichnaya-mebel/kacheli/kachel-patio/,/blagoustroystvo-territoriy/,/blagoustroystvo-territoriy/,true,true,internal,pass,
/ulichnaya-mebel/kacheli/kachel-patio/,/stroitelstvo-i-remonty/,/stroitelstvo-i-remonty/,true,true,internal,pass,
/ulichnaya-mebel/kacheli/kachel-patio/,/izgotovlenie-na-zakaz/,/izgotovlenie-na-zakaz/,true,true,internal,pass,
/ulichnaya-mebel/kacheli/kachel-patio/,/vypolnennye-obekty/,/vypolnennye-obekty/,true,true,internal,pass,
/ulichnaya-mebel/kacheli/kachel-patio/,/o-nas/,/o-nas/,true,true,internal,pass,
/ulichnaya-mebel/kacheli/kachel-patio/,/kontakty/,/kontakty/,true,true,internal,pass,
/ulichnaya-mebel/kacheli/kachel-patio/,/vakansii/,/vakansii/,true,true,internal,pass,
/ulichnaya-mebel/kacheli/kachel-patio/,/izgotovlenie-na-zakaz/,/izgotovlenie-na-zakaz/,true,true,internal,pass,
/ulichnaya-mebel/kacheli/kachel-patio/,/vypolnennye-obekty/,/vypolnennye-obekty/,true,true,internal,pass,
/ulichnaya-mebel/kacheli/kachel-patio/,/o-nas/,/o-nas/,true,true,internal,pass,
/ulichnaya-mebel/kacheli/kachel-patio/,/kontakty/,/kontakty/,true,true,internal,pass,
/ulichnaya-mebel/kacheli/kachel-patio/,/vakansii/,/vakansii/,true,true,internal,pass,
/ulichnaya-mebel/kacheli/kachel-patio/,#contact,/ulichnaya-mebel/kacheli/kachel-patio/,true,true,anchor,pass,
/ulichnaya-mebel/kacheli/kachel-patio/,tel:+79129735006,,true,true,tel,pass,
/ulichnaya-mebel/kacheli/kachel-patio/,tel:+79125799665,,true,true,tel,pass,
/ulichnaya-mebel/kacheli/kachel-patio/,https://t.me/smu1build,,true,true,external,pass,
/ulichnaya-mebel/kacheli/kachel-patio/,mailto:smu1.kurgan@yandex.ru,,true,true,mailto,pass,
/ulichnaya-mebel/kacheli/kachel-patio/,/politika-konfidencialnosti/,/politika-konfidencialnosti/,true,true,internal,pass,
/ulichnaya-mebel/kacheli/kachel-patio/,/politika-konfidencialnosti/,/politika-konfidencialnosti/,true,true,internal,pass,
/ulichnaya-mebel/kacheli/kachel-portal/,#main-content,/ulichnaya-mebel/kacheli/kachel-portal/,true,true,anchor,pass,
/ulichnaya-mebel/kacheli/kachel-portal/,/,/,true,true,internal,pass,
/ulichnaya-mebel/kacheli/kachel-portal/,/ulichnaya-mebel/,/ulichnaya-mebel/,true,true,internal,pass,
/ulichnaya-mebel/kacheli/kachel-portal/,/ograzhdeniya-i-zabory/,/ograzhdeniya-i-zabory/,true,true,internal,pass,
/ulichnaya-mebel/kacheli/kachel-portal/,/navesy-i-kozyrki/,/navesy-i-kozyrki/,true,true,internal,pass,
/ulichnaya-mebel/kacheli/kachel-portal/,/topiarii/,/topiarii/,true,true,internal,pass,
/ulichnaya-mebel/kacheli/kachel-portal/,/izgotovlenie-na-zakaz/,/izgotovlenie-na-zakaz/,true,true,internal,pass,
/ulichnaya-mebel/kacheli/kachel-portal/,/metallokonstruktsii-dlya-biznesa/,/metallokonstruktsii-dlya-biznesa/,true,true,internal,pass,
/ulichnaya-mebel/kacheli/kachel-portal/,/blagoustroystvo-territoriy/,/blagoustroystvo-territoriy/,true,true,internal,pass,
/ulichnaya-mebel/kacheli/kachel-portal/,/stroitelstvo-i-remonty/,/stroitelstvo-i-remonty/,true,true,internal,pass,
/ulichnaya-mebel/kacheli/kachel-portal/,/vypolnennye-obekty/,/vypolnennye-obekty/,true,true,internal,pass,
/ulichnaya-mebel/kacheli/kachel-portal/,/o-nas/,/o-nas/,true,true,internal,pass,
/ulichnaya-mebel/kacheli/kachel-portal/,/kontakty/,/kontakty/,true,true,internal,pass,
/ulichnaya-mebel/kacheli/kachel-portal/,/vakansii/,/vakansii/,true,true,internal,pass,
/ulichnaya-mebel/kacheli/kachel-portal/,tel:+79129735006,,true,true,tel,pass,
/ulichnaya-mebel/kacheli/kachel-portal/,https://t.me/smu1build,,true,true,external,pass,
/ulichnaya-mebel/kacheli/kachel-portal/,#contact,/ulichnaya-mebel/kacheli/kachel-portal/,true,true,anchor,pass,
/ulichnaya-mebel/kacheli/kachel-portal/,/,/,true,true,internal,pass,
/ulichnaya-mebel/kacheli/kachel-portal/,#contact,/ulichnaya-mebel/kacheli/kachel-portal/,true,true,anchor,pass,
/ulichnaya-mebel/kacheli/kachel-portal/,/ulichnaya-mebel/,/ulichnaya-mebel/,true,true,internal,pass,
/ulichnaya-mebel/kacheli/kachel-portal/,/ograzhdeniya-i-zabory/,/ograzhdeniya-i-zabory/,true,true,internal,pass,
/ulichnaya-mebel/kacheli/kachel-portal/,/navesy-i-kozyrki/,/navesy-i-kozyrki/,true,true,internal,pass,
/ulichnaya-mebel/kacheli/kachel-portal/,/topiarii/,/topiarii/,true,true,internal,pass,
/ulichnaya-mebel/kacheli/kachel-portal/,/metallokonstruktsii-dlya-biznesa/,/metallokonstruktsii-dlya-biznesa/,true,true,internal,pass,
/ulichnaya-mebel/kacheli/kachel-portal/,/blagoustroystvo-territoriy/,/blagoustroystvo-territoriy/,true,true,internal,pass,
/ulichnaya-mebel/kacheli/kachel-portal/,/stroitelstvo-i-remonty/,/stroitelstvo-i-remonty/,true,true,internal,pass,
/ulichnaya-mebel/kacheli/kachel-portal/,/izgotovlenie-na-zakaz/,/izgotovlenie-na-zakaz/,true,true,internal,pass,
/ulichnaya-mebel/kacheli/kachel-portal/,/vypolnennye-obekty/,/vypolnennye-obekty/,true,true,internal,pass,
/ulichnaya-mebel/kacheli/kachel-portal/,/o-nas/,/o-nas/,true,true,internal,pass,
/ulichnaya-mebel/kacheli/kachel-portal/,/kontakty/,/kontakty/,true,true,internal,pass,
/ulichnaya-mebel/kacheli/kachel-portal/,/vakansii/,/vakansii/,true,true,internal,pass,
/ulichnaya-mebel/kacheli/kachel-portal/,tel:+79129735006,,true,true,tel,pass,
/ulichnaya-mebel/kacheli/kachel-portal/,tel:+79125799665,,true,true,tel,pass,
/ulichnaya-mebel/kacheli/kachel-portal/,https://t.me/smu1build,,true,true,external,pass,
/ulichnaya-mebel/kacheli/kachel-portal/,mailto:smu1.kurgan@yandex.ru,,true,true,mailto,pass,
/ulichnaya-mebel/kacheli/kachel-portal/,/,/,true,true,internal,pass,
/ulichnaya-mebel/kacheli/kachel-portal/,/ulichnaya-mebel/,/ulichnaya-mebel/,true,true,internal,pass,
/ulichnaya-mebel/kacheli/kachel-portal/,/ulichnaya-mebel/kacheli/,/ulichnaya-mebel/kacheli/,true,true,internal,pass,
/ulichnaya-mebel/kacheli/kachel-portal/,#contact,/ulichnaya-mebel/kacheli/kachel-portal/,true,true,anchor,pass,
/ulichnaya-mebel/kacheli/kachel-portal/,https://t.me/smu1build,,true,true,external,pass,
/ulichnaya-mebel/kacheli/kachel-portal/,#contact,/ulichnaya-mebel/kacheli/kachel-portal/,true,true,anchor,pass,
/ulichnaya-mebel/kacheli/kachel-portal/,/ulichnaya-mebel/kacheli/,/ulichnaya-mebel/kacheli/,true,true,internal,pass,
/ulichnaya-mebel/kacheli/kachel-portal/,/ulichnaya-mebel/kacheli/kachel-duga/,/ulichnaya-mebel/kacheli/kachel-duga/,true,true,internal,pass,
/ulichnaya-mebel/kacheli/kachel-portal/,/ulichnaya-mebel/kacheli/kacheli-pergola/,/ulichnaya-mebel/kacheli/kacheli-pergola/,true,true,internal,pass,
/ulichnaya-mebel/kacheli/kachel-portal/,/ulichnaya-mebel/kacheli/kachel-s-navesom/,/ulichnaya-mebel/kacheli/kachel-s-navesom/,true,true,internal,pass,
/ulichnaya-mebel/kacheli/kachel-portal/,/ulichnaya-mebel/kacheli/kacheli-s-dlinnym-navesom/,/ulichnaya-mebel/kacheli/kacheli-s-dlinnym-navesom/,true,true,internal,pass,
/ulichnaya-mebel/kacheli/kachel-portal/,https://t.me/smu1build,,true,true,external,pass,
/ulichnaya-mebel/kacheli/kachel-portal/,/izgotovlenie-na-zakaz/,/izgotovlenie-na-zakaz/,true,true,internal,pass,
/ulichnaya-mebel/kacheli/kachel-portal/,tel:+79129735006,,true,true,tel,pass,
/ulichnaya-mebel/kacheli/kachel-portal/,https://t.me/smu1build,,true,true,external,pass,
/ulichnaya-mebel/kacheli/kachel-portal/,mailto:smu1.kurgan@yandex.ru,,true,true,mailto,pass,
/ulichnaya-mebel/kacheli/kachel-portal/,/kontakty/,/kontakty/,true,true,internal,pass,
/ulichnaya-mebel/kacheli/kachel-portal/,/,/,true,true,internal,pass,
/ulichnaya-mebel/kacheli/kachel-portal/,/ulichnaya-mebel/,/ulichnaya-mebel/,true,true,internal,pass,
/ulichnaya-mebel/kacheli/kachel-portal/,/ograzhdeniya-i-zabory/,/ograzhdeniya-i-zabory/,true,true,internal,pass,
/ulichnaya-mebel/kacheli/kachel-portal/,/navesy-i-kozyrki/,/navesy-i-kozyrki/,true,true,internal,pass,
/ulichnaya-mebel/kacheli/kachel-portal/,/metallokonstruktsii-dlya-biznesa/,/metallokonstruktsii-dlya-biznesa/,true,true,internal,pass,
/ulichnaya-mebel/kacheli/kachel-portal/,/topiarii/,/topiarii/,true,true,internal,pass,
/ulichnaya-mebel/kacheli/kachel-portal/,/blagoustroystvo-territoriy/,/blagoustroystvo-territoriy/,true,true,internal,pass,
/ulichnaya-mebel/kacheli/kachel-portal/,/stroitelstvo-i-remonty/,/stroitelstvo-i-remonty/,true,true,internal,pass,
/ulichnaya-mebel/kacheli/kachel-portal/,/ulichnaya-mebel/,/ulichnaya-mebel/,true,true,internal,pass,
/ulichnaya-mebel/kacheli/kachel-portal/,/ograzhdeniya-i-zabory/,/ograzhdeniya-i-zabory/,true,true,internal,pass,
/ulichnaya-mebel/kacheli/kachel-portal/,/navesy-i-kozyrki/,/navesy-i-kozyrki/,true,true,internal,pass,
/ulichnaya-mebel/kacheli/kachel-portal/,/metallokonstruktsii-dlya-biznesa/,/metallokonstruktsii-dlya-biznesa/,true,true,internal,pass,
/ulichnaya-mebel/kacheli/kachel-portal/,/topiarii/,/topiarii/,true,true,internal,pass,
/ulichnaya-mebel/kacheli/kachel-portal/,/blagoustroystvo-territoriy/,/blagoustroystvo-territoriy/,true,true,internal,pass,
/ulichnaya-mebel/kacheli/kachel-portal/,/stroitelstvo-i-remonty/,/stroitelstvo-i-remonty/,true,true,internal,pass,
/ulichnaya-mebel/kacheli/kachel-portal/,/izgotovlenie-na-zakaz/,/izgotovlenie-na-zakaz/,true,true,internal,pass,
/ulichnaya-mebel/kacheli/kachel-portal/,/vypolnennye-obekty/,/vypolnennye-obekty/,true,true,internal,pass,
/ulichnaya-mebel/kacheli/kachel-portal/,/o-nas/,/o-nas/,true,true,internal,pass,
/ulichnaya-mebel/kacheli/kachel-portal/,/kontakty/,/kontakty/,true,true,internal,pass,
/ulichnaya-mebel/kacheli/kachel-portal/,/vakansii/,/vakansii/,true,true,internal,pass,
/ulichnaya-mebel/kacheli/kachel-portal/,/izgotovlenie-na-zakaz/,/izgotovlenie-na-zakaz/,true,true,internal,pass,
/ulichnaya-mebel/kacheli/kachel-portal/,/vypolnennye-obekty/,/vypolnennye-obekty/,true,true,internal,pass,
/ulichnaya-mebel/kacheli/kachel-portal/,/o-nas/,/o-nas/,true,true,internal,pass,
/ulichnaya-mebel/kacheli/kachel-portal/,/kontakty/,/kontakty/,true,true,internal,pass,
/ulichnaya-mebel/kacheli/kachel-portal/,/vakansii/,/vakansii/,true,true,internal,pass,
/ulichnaya-mebel/kacheli/kachel-portal/,#contact,/ulichnaya-mebel/kacheli/kachel-portal/,true,true,anchor,pass,
/ulichnaya-mebel/kacheli/kachel-portal/,tel:+79129735006,,true,true,tel,pass,
/ulichnaya-mebel/kacheli/kachel-portal/,tel:+79125799665,,true,true,tel,pass,
/ulichnaya-mebel/kacheli/kachel-portal/,https://t.me/smu1build,,true,true,external,pass,
/ulichnaya-mebel/kacheli/kachel-portal/,mailto:smu1.kurgan@yandex.ru,,true,true,mailto,pass,
/ulichnaya-mebel/kacheli/kachel-portal/,/politika-konfidencialnosti/,/politika-konfidencialnosti/,true,true,internal,pass,
/ulichnaya-mebel/kacheli/kachel-portal/,/politika-konfidencialnosti/,/politika-konfidencialnosti/,true,true,internal,pass,
/ulichnaya-mebel/kacheli/kachel-s-navesom/,#main-content,/ulichnaya-mebel/kacheli/kachel-s-navesom/,true,true,anchor,pass,
/ulichnaya-mebel/kacheli/kachel-s-navesom/,/,/,true,true,internal,pass,
/ulichnaya-mebel/kacheli/kachel-s-navesom/,/ulichnaya-mebel/,/ulichnaya-mebel/,true,true,internal,pass,
/ulichnaya-mebel/kacheli/kachel-s-navesom/,/ograzhdeniya-i-zabory/,/ograzhdeniya-i-zabory/,true,true,internal,pass,
/ulichnaya-mebel/kacheli/kachel-s-navesom/,/navesy-i-kozyrki/,/navesy-i-kozyrki/,true,true,internal,pass,
/ulichnaya-mebel/kacheli/kachel-s-navesom/,/topiarii/,/topiarii/,true,true,internal,pass,
/ulichnaya-mebel/kacheli/kachel-s-navesom/,/izgotovlenie-na-zakaz/,/izgotovlenie-na-zakaz/,true,true,internal,pass,
/ulichnaya-mebel/kacheli/kachel-s-navesom/,/metallokonstruktsii-dlya-biznesa/,/metallokonstruktsii-dlya-biznesa/,true,true,internal,pass,
/ulichnaya-mebel/kacheli/kachel-s-navesom/,/blagoustroystvo-territoriy/,/blagoustroystvo-territoriy/,true,true,internal,pass,
/ulichnaya-mebel/kacheli/kachel-s-navesom/,/stroitelstvo-i-remonty/,/stroitelstvo-i-remonty/,true,true,internal,pass,
/ulichnaya-mebel/kacheli/kachel-s-navesom/,/vypolnennye-obekty/,/vypolnennye-obekty/,true,true,internal,pass,
/ulichnaya-mebel/kacheli/kachel-s-navesom/,/o-nas/,/o-nas/,true,true,internal,pass,
/ulichnaya-mebel/kacheli/kachel-s-navesom/,/kontakty/,/kontakty/,true,true,internal,pass,
/ulichnaya-mebel/kacheli/kachel-s-navesom/,/vakansii/,/vakansii/,true,true,internal,pass,
/ulichnaya-mebel/kacheli/kachel-s-navesom/,tel:+79129735006,,true,true,tel,pass,
/ulichnaya-mebel/kacheli/kachel-s-navesom/,https://t.me/smu1build,,true,true,external,pass,
/ulichnaya-mebel/kacheli/kachel-s-navesom/,#contact,/ulichnaya-mebel/kacheli/kachel-s-navesom/,true,true,anchor,pass,
/ulichnaya-mebel/kacheli/kachel-s-navesom/,/,/,true,true,internal,pass,
/ulichnaya-mebel/kacheli/kachel-s-navesom/,#contact,/ulichnaya-mebel/kacheli/kachel-s-navesom/,true,true,anchor,pass,
/ulichnaya-mebel/kacheli/kachel-s-navesom/,/ulichnaya-mebel/,/ulichnaya-mebel/,true,true,internal,pass,
/ulichnaya-mebel/kacheli/kachel-s-navesom/,/ograzhdeniya-i-zabory/,/ograzhdeniya-i-zabory/,true,true,internal,pass,
/ulichnaya-mebel/kacheli/kachel-s-navesom/,/navesy-i-kozyrki/,/navesy-i-kozyrki/,true,true,internal,pass,
/ulichnaya-mebel/kacheli/kachel-s-navesom/,/topiarii/,/topiarii/,true,true,internal,pass,
/ulichnaya-mebel/kacheli/kachel-s-navesom/,/metallokonstruktsii-dlya-biznesa/,/metallokonstruktsii-dlya-biznesa/,true,true,internal,pass,
/ulichnaya-mebel/kacheli/kachel-s-navesom/,/blagoustroystvo-territoriy/,/blagoustroystvo-territoriy/,true,true,internal,pass,
/ulichnaya-mebel/kacheli/kachel-s-navesom/,/stroitelstvo-i-remonty/,/stroitelstvo-i-remonty/,true,true,internal,pass,
/ulichnaya-mebel/kacheli/kachel-s-navesom/,/izgotovlenie-na-zakaz/,/izgotovlenie-na-zakaz/,true,true,internal,pass,
/ulichnaya-mebel/kacheli/kachel-s-navesom/,/vypolnennye-obekty/,/vypolnennye-obekty/,true,true,internal,pass,
/ulichnaya-mebel/kacheli/kachel-s-navesom/,/o-nas/,/o-nas/,true,true,internal,pass,
/ulichnaya-mebel/kacheli/kachel-s-navesom/,/kontakty/,/kontakty/,true,true,internal,pass,
/ulichnaya-mebel/kacheli/kachel-s-navesom/,/vakansii/,/vakansii/,true,true,internal,pass,
/ulichnaya-mebel/kacheli/kachel-s-navesom/,tel:+79129735006,,true,true,tel,pass,
/ulichnaya-mebel/kacheli/kachel-s-navesom/,tel:+79125799665,,true,true,tel,pass,
/ulichnaya-mebel/kacheli/kachel-s-navesom/,https://t.me/smu1build,,true,true,external,pass,
/ulichnaya-mebel/kacheli/kachel-s-navesom/,mailto:smu1.kurgan@yandex.ru,,true,true,mailto,pass,
/ulichnaya-mebel/kacheli/kachel-s-navesom/,/,/,true,true,internal,pass,
/ulichnaya-mebel/kacheli/kachel-s-navesom/,/ulichnaya-mebel/,/ulichnaya-mebel/,true,true,internal,pass,
/ulichnaya-mebel/kacheli/kachel-s-navesom/,/ulichnaya-mebel/kacheli/,/ulichnaya-mebel/kacheli/,true,true,internal,pass,
/ulichnaya-mebel/kacheli/kachel-s-navesom/,#contact,/ulichnaya-mebel/kacheli/kachel-s-navesom/,true,true,anchor,pass,
/ulichnaya-mebel/kacheli/kachel-s-navesom/,https://t.me/smu1build,,true,true,external,pass,
/ulichnaya-mebel/kacheli/kachel-s-navesom/,#contact,/ulichnaya-mebel/kacheli/kachel-s-navesom/,true,true,anchor,pass,
/ulichnaya-mebel/kacheli/kachel-s-navesom/,/ulichnaya-mebel/kacheli/,/ulichnaya-mebel/kacheli/,true,true,internal,pass,
/ulichnaya-mebel/kacheli/kachel-s-navesom/,/ulichnaya-mebel/kacheli/kachel-portal/,/ulichnaya-mebel/kacheli/kachel-portal/,true,true,internal,pass,
/ulichnaya-mebel/kacheli/kachel-s-navesom/,/ulichnaya-mebel/kacheli/kachel-duga/,/ulichnaya-mebel/kacheli/kachel-duga/,true,true,internal,pass,
/ulichnaya-mebel/kacheli/kachel-s-navesom/,/ulichnaya-mebel/kacheli/kacheli-pergola/,/ulichnaya-mebel/kacheli/kacheli-pergola/,true,true,internal,pass,
/ulichnaya-mebel/kacheli/kachel-s-navesom/,/ulichnaya-mebel/kacheli/kacheli-s-dlinnym-navesom/,/ulichnaya-mebel/kacheli/kacheli-s-dlinnym-navesom/,true,true,internal,pass,
/ulichnaya-mebel/kacheli/kachel-s-navesom/,https://t.me/smu1build,,true,true,external,pass,
/ulichnaya-mebel/kacheli/kachel-s-navesom/,/izgotovlenie-na-zakaz/,/izgotovlenie-na-zakaz/,true,true,internal,pass,
/ulichnaya-mebel/kacheli/kachel-s-navesom/,tel:+79129735006,,true,true,tel,pass,
/ulichnaya-mebel/kacheli/kachel-s-navesom/,https://t.me/smu1build,,true,true,external,pass,
/ulichnaya-mebel/kacheli/kachel-s-navesom/,mailto:smu1.kurgan@yandex.ru,,true,true,mailto,pass,
/ulichnaya-mebel/kacheli/kachel-s-navesom/,/kontakty/,/kontakty/,true,true,internal,pass,
/ulichnaya-mebel/kacheli/kachel-s-navesom/,/,/,true,true,internal,pass,
/ulichnaya-mebel/kacheli/kachel-s-navesom/,/ulichnaya-mebel/,/ulichnaya-mebel/,true,true,internal,pass,
/ulichnaya-mebel/kacheli/kachel-s-navesom/,/ograzhdeniya-i-zabory/,/ograzhdeniya-i-zabory/,true,true,internal,pass,
/ulichnaya-mebel/kacheli/kachel-s-navesom/,/navesy-i-kozyrki/,/navesy-i-kozyrki/,true,true,internal,pass,
/ulichnaya-mebel/kacheli/kachel-s-navesom/,/metallokonstruktsii-dlya-biznesa/,/metallokonstruktsii-dlya-biznesa/,true,true,internal,pass,
/ulichnaya-mebel/kacheli/kachel-s-navesom/,/topiarii/,/topiarii/,true,true,internal,pass,
/ulichnaya-mebel/kacheli/kachel-s-navesom/,/blagoustroystvo-territoriy/,/blagoustroystvo-territoriy/,true,true,internal,pass,
/ulichnaya-mebel/kacheli/kachel-s-navesom/,/stroitelstvo-i-remonty/,/stroitelstvo-i-remonty/,true,true,internal,pass,
/ulichnaya-mebel/kacheli/kachel-s-navesom/,/ulichnaya-mebel/,/ulichnaya-mebel/,true,true,internal,pass,
/ulichnaya-mebel/kacheli/kachel-s-navesom/,/ograzhdeniya-i-zabory/,/ograzhdeniya-i-zabory/,true,true,internal,pass,
/ulichnaya-mebel/kacheli/kachel-s-navesom/,/navesy-i-kozyrki/,/navesy-i-kozyrki/,true,true,internal,pass,
/ulichnaya-mebel/kacheli/kachel-s-navesom/,/metallokonstruktsii-dlya-biznesa/,/metallokonstruktsii-dlya-biznesa/,true,true,internal,pass,
/ulichnaya-mebel/kacheli/kachel-s-navesom/,/topiarii/,/topiarii/,true,true,internal,pass,
/ulichnaya-mebel/kacheli/kachel-s-navesom/,/blagoustroystvo-territoriy/,/blagoustroystvo-territoriy/,true,true,internal,pass,
/ulichnaya-mebel/kacheli/kachel-s-navesom/,/stroitelstvo-i-remonty/,/stroitelstvo-i-remonty/,true,true,internal,pass,
/ulichnaya-mebel/kacheli/kachel-s-navesom/,/izgotovlenie-na-zakaz/,/izgotovlenie-na-zakaz/,true,true,internal,pass,
/ulichnaya-mebel/kacheli/kachel-s-navesom/,/vypolnennye-obekty/,/vypolnennye-obekty/,true,true,internal,pass,
/ulichnaya-mebel/kacheli/kachel-s-navesom/,/o-nas/,/o-nas/,true,true,internal,pass,
/ulichnaya-mebel/kacheli/kachel-s-navesom/,/kontakty/,/kontakty/,true,true,internal,pass,
/ulichnaya-mebel/kacheli/kachel-s-navesom/,/vakansii/,/vakansii/,true,true,internal,pass,
/ulichnaya-mebel/kacheli/kachel-s-navesom/,/izgotovlenie-na-zakaz/,/izgotovlenie-na-zakaz/,true,true,internal,pass,
/ulichnaya-mebel/kacheli/kachel-s-navesom/,/vypolnennye-obekty/,/vypolnennye-obekty/,true,true,internal,pass,
/ulichnaya-mebel/kacheli/kachel-s-navesom/,/o-nas/,/o-nas/,true,true,internal,pass,
/ulichnaya-mebel/kacheli/kachel-s-navesom/,/kontakty/,/kontakty/,true,true,internal,pass,
/ulichnaya-mebel/kacheli/kachel-s-navesom/,/vakansii/,/vakansii/,true,true,internal,pass,
/ulichnaya-mebel/kacheli/kachel-s-navesom/,#contact,/ulichnaya-mebel/kacheli/kachel-s-navesom/,true,true,anchor,pass,
/ulichnaya-mebel/kacheli/kachel-s-navesom/,tel:+79129735006,,true,true,tel,pass,
/ulichnaya-mebel/kacheli/kachel-s-navesom/,tel:+79125799665,,true,true,tel,pass,
/ulichnaya-mebel/kacheli/kachel-s-navesom/,https://t.me/smu1build,,true,true,external,pass,
/ulichnaya-mebel/kacheli/kachel-s-navesom/,mailto:smu1.kurgan@yandex.ru,,true,true,mailto,pass,
/ulichnaya-mebel/kacheli/kachel-s-navesom/,/politika-konfidencialnosti/,/politika-konfidencialnosti/,true,true,internal,pass,
/ulichnaya-mebel/kacheli/kachel-s-navesom/,/politika-konfidencialnosti/,/politika-konfidencialnosti/,true,true,internal,pass,
/ulichnaya-mebel/kacheli/kacheli-pergola/,#main-content,/ulichnaya-mebel/kacheli/kacheli-pergola/,true,true,anchor,pass,
/ulichnaya-mebel/kacheli/kacheli-pergola/,/,/,true,true,internal,pass,
/ulichnaya-mebel/kacheli/kacheli-pergola/,/ulichnaya-mebel/,/ulichnaya-mebel/,true,true,internal,pass,
/ulichnaya-mebel/kacheli/kacheli-pergola/,/ograzhdeniya-i-zabory/,/ograzhdeniya-i-zabory/,true,true,internal,pass,
/ulichnaya-mebel/kacheli/kacheli-pergola/,/navesy-i-kozyrki/,/navesy-i-kozyrki/,true,true,internal,pass,
/ulichnaya-mebel/kacheli/kacheli-pergola/,/topiarii/,/topiarii/,true,true,internal,pass,
/ulichnaya-mebel/kacheli/kacheli-pergola/,/izgotovlenie-na-zakaz/,/izgotovlenie-na-zakaz/,true,true,internal,pass,
/ulichnaya-mebel/kacheli/kacheli-pergola/,/metallokonstruktsii-dlya-biznesa/,/metallokonstruktsii-dlya-biznesa/,true,true,internal,pass,
/ulichnaya-mebel/kacheli/kacheli-pergola/,/blagoustroystvo-territoriy/,/blagoustroystvo-territoriy/,true,true,internal,pass,
/ulichnaya-mebel/kacheli/kacheli-pergola/,/stroitelstvo-i-remonty/,/stroitelstvo-i-remonty/,true,true,internal,pass,
/ulichnaya-mebel/kacheli/kacheli-pergola/,/vypolnennye-obekty/,/vypolnennye-obekty/,true,true,internal,pass,
/ulichnaya-mebel/kacheli/kacheli-pergola/,/o-nas/,/o-nas/,true,true,internal,pass,
/ulichnaya-mebel/kacheli/kacheli-pergola/,/kontakty/,/kontakty/,true,true,internal,pass,
/ulichnaya-mebel/kacheli/kacheli-pergola/,/vakansii/,/vakansii/,true,true,internal,pass,
/ulichnaya-mebel/kacheli/kacheli-pergola/,tel:+79129735006,,true,true,tel,pass,
/ulichnaya-mebel/kacheli/kacheli-pergola/,https://t.me/smu1build,,true,true,external,pass,
/ulichnaya-mebel/kacheli/kacheli-pergola/,#contact,/ulichnaya-mebel/kacheli/kacheli-pergola/,true,true,anchor,pass,
/ulichnaya-mebel/kacheli/kacheli-pergola/,/,/,true,true,internal,pass,
/ulichnaya-mebel/kacheli/kacheli-pergola/,#contact,/ulichnaya-mebel/kacheli/kacheli-pergola/,true,true,anchor,pass,
/ulichnaya-mebel/kacheli/kacheli-pergola/,/ulichnaya-mebel/,/ulichnaya-mebel/,true,true,internal,pass,
/ulichnaya-mebel/kacheli/kacheli-pergola/,/ograzhdeniya-i-zabory/,/ograzhdeniya-i-zabory/,true,true,internal,pass,
/ulichnaya-mebel/kacheli/kacheli-pergola/,/navesy-i-kozyrki/,/navesy-i-kozyrki/,true,true,internal,pass,
/ulichnaya-mebel/kacheli/kacheli-pergola/,/topiarii/,/topiarii/,true,true,internal,pass,
/ulichnaya-mebel/kacheli/kacheli-pergola/,/metallokonstruktsii-dlya-biznesa/,/metallokonstruktsii-dlya-biznesa/,true,true,internal,pass,
/ulichnaya-mebel/kacheli/kacheli-pergola/,/blagoustroystvo-territoriy/,/blagoustroystvo-territoriy/,true,true,internal,pass,
/ulichnaya-mebel/kacheli/kacheli-pergola/,/stroitelstvo-i-remonty/,/stroitelstvo-i-remonty/,true,true,internal,pass,
/ulichnaya-mebel/kacheli/kacheli-pergola/,/izgotovlenie-na-zakaz/,/izgotovlenie-na-zakaz/,true,true,internal,pass,
/ulichnaya-mebel/kacheli/kacheli-pergola/,/vypolnennye-obekty/,/vypolnennye-obekty/,true,true,internal,pass,
/ulichnaya-mebel/kacheli/kacheli-pergola/,/o-nas/,/o-nas/,true,true,internal,pass,
/ulichnaya-mebel/kacheli/kacheli-pergola/,/kontakty/,/kontakty/,true,true,internal,pass,
/ulichnaya-mebel/kacheli/kacheli-pergola/,/vakansii/,/vakansii/,true,true,internal,pass,
/ulichnaya-mebel/kacheli/kacheli-pergola/,tel:+79129735006,,true,true,tel,pass,
/ulichnaya-mebel/kacheli/kacheli-pergola/,tel:+79125799665,,true,true,tel,pass,
/ulichnaya-mebel/kacheli/kacheli-pergola/,https://t.me/smu1build,,true,true,external,pass,
/ulichnaya-mebel/kacheli/kacheli-pergola/,mailto:smu1.kurgan@yandex.ru,,true,true,mailto,pass,
/ulichnaya-mebel/kacheli/kacheli-pergola/,/,/,true,true,internal,pass,
/ulichnaya-mebel/kacheli/kacheli-pergola/,/ulichnaya-mebel/,/ulichnaya-mebel/,true,true,internal,pass,
/ulichnaya-mebel/kacheli/kacheli-pergola/,/ulichnaya-mebel/kacheli/,/ulichnaya-mebel/kacheli/,true,true,internal,pass,
/ulichnaya-mebel/kacheli/kacheli-pergola/,#contact,/ulichnaya-mebel/kacheli/kacheli-pergola/,true,true,anchor,pass,
/ulichnaya-mebel/kacheli/kacheli-pergola/,https://t.me/smu1build,,true,true,external,pass,
/ulichnaya-mebel/kacheli/kacheli-pergola/,#contact,/ulichnaya-mebel/kacheli/kacheli-pergola/,true,true,anchor,pass,
/ulichnaya-mebel/kacheli/kacheli-pergola/,/ulichnaya-mebel/kacheli/,/ulichnaya-mebel/kacheli/,true,true,internal,pass,
/ulichnaya-mebel/kacheli/kacheli-pergola/,/ulichnaya-mebel/kacheli/kachel-portal/,/ulichnaya-mebel/kacheli/kachel-portal/,true,true,internal,pass,
/ulichnaya-mebel/kacheli/kacheli-pergola/,/ulichnaya-mebel/kacheli/kachel-duga/,/ulichnaya-mebel/kacheli/kachel-duga/,true,true,internal,pass,
/ulichnaya-mebel/kacheli/kacheli-pergola/,/ulichnaya-mebel/kacheli/kachel-s-navesom/,/ulichnaya-mebel/kacheli/kachel-s-navesom/,true,true,internal,pass,
/ulichnaya-mebel/kacheli/kacheli-pergola/,/ulichnaya-mebel/kacheli/kacheli-s-dlinnym-navesom/,/ulichnaya-mebel/kacheli/kacheli-s-dlinnym-navesom/,true,true,internal,pass,
/ulichnaya-mebel/kacheli/kacheli-pergola/,https://t.me/smu1build,,true,true,external,pass,
/ulichnaya-mebel/kacheli/kacheli-pergola/,/izgotovlenie-na-zakaz/,/izgotovlenie-na-zakaz/,true,true,internal,pass,
/ulichnaya-mebel/kacheli/kacheli-pergola/,tel:+79129735006,,true,true,tel,pass,
/ulichnaya-mebel/kacheli/kacheli-pergola/,https://t.me/smu1build,,true,true,external,pass,
/ulichnaya-mebel/kacheli/kacheli-pergola/,mailto:smu1.kurgan@yandex.ru,,true,true,mailto,pass,
/ulichnaya-mebel/kacheli/kacheli-pergola/,/kontakty/,/kontakty/,true,true,internal,pass,
/ulichnaya-mebel/kacheli/kacheli-pergola/,/,/,true,true,internal,pass,
/ulichnaya-mebel/kacheli/kacheli-pergola/,/ulichnaya-mebel/,/ulichnaya-mebel/,true,true,internal,pass,
/ulichnaya-mebel/kacheli/kacheli-pergola/,/ograzhdeniya-i-zabory/,/ograzhdeniya-i-zabory/,true,true,internal,pass,
/ulichnaya-mebel/kacheli/kacheli-pergola/,/navesy-i-kozyrki/,/navesy-i-kozyrki/,true,true,internal,pass,
/ulichnaya-mebel/kacheli/kacheli-pergola/,/metallokonstruktsii-dlya-biznesa/,/metallokonstruktsii-dlya-biznesa/,true,true,internal,pass,
/ulichnaya-mebel/kacheli/kacheli-pergola/,/topiarii/,/topiarii/,true,true,internal,pass,
/ulichnaya-mebel/kacheli/kacheli-pergola/,/blagoustroystvo-territoriy/,/blagoustroystvo-territoriy/,true,true,internal,pass,
/ulichnaya-mebel/kacheli/kacheli-pergola/,/stroitelstvo-i-remonty/,/stroitelstvo-i-remonty/,true,true,internal,pass,
/ulichnaya-mebel/kacheli/kacheli-pergola/,/ulichnaya-mebel/,/ulichnaya-mebel/,true,true,internal,pass,
/ulichnaya-mebel/kacheli/kacheli-pergola/,/ograzhdeniya-i-zabory/,/ograzhdeniya-i-zabory/,true,true,internal,pass,
/ulichnaya-mebel/kacheli/kacheli-pergola/,/navesy-i-kozyrki/,/navesy-i-kozyrki/,true,true,internal,pass,
/ulichnaya-mebel/kacheli/kacheli-pergola/,/metallokonstruktsii-dlya-biznesa/,/metallokonstruktsii-dlya-biznesa/,true,true,internal,pass,
/ulichnaya-mebel/kacheli/kacheli-pergola/,/topiarii/,/topiarii/,true,true,internal,pass,
/ulichnaya-mebel/kacheli/kacheli-pergola/,/blagoustroystvo-territoriy/,/blagoustroystvo-territoriy/,true,true,internal,pass,
/ulichnaya-mebel/kacheli/kacheli-pergola/,/stroitelstvo-i-remonty/,/stroitelstvo-i-remonty/,true,true,internal,pass,
/ulichnaya-mebel/kacheli/kacheli-pergola/,/izgotovlenie-na-zakaz/,/izgotovlenie-na-zakaz/,true,true,internal,pass,
/ulichnaya-mebel/kacheli/kacheli-pergola/,/vypolnennye-obekty/,/vypolnennye-obekty/,true,true,internal,pass,
/ulichnaya-mebel/kacheli/kacheli-pergola/,/o-nas/,/o-nas/,true,true,internal,pass,
/ulichnaya-mebel/kacheli/kacheli-pergola/,/kontakty/,/kontakty/,true,true,internal,pass,
/ulichnaya-mebel/kacheli/kacheli-pergola/,/vakansii/,/vakansii/,true,true,internal,pass,
/ulichnaya-mebel/kacheli/kacheli-pergola/,/izgotovlenie-na-zakaz/,/izgotovlenie-na-zakaz/,true,true,internal,pass,
/ulichnaya-mebel/kacheli/kacheli-pergola/,/vypolnennye-obekty/,/vypolnennye-obekty/,true,true,internal,pass,
/ulichnaya-mebel/kacheli/kacheli-pergola/,/o-nas/,/o-nas/,true,true,internal,pass,
/ulichnaya-mebel/kacheli/kacheli-pergola/,/kontakty/,/kontakty/,true,true,internal,pass,
/ulichnaya-mebel/kacheli/kacheli-pergola/,/vakansii/,/vakansii/,true,true,internal,pass,
/ulichnaya-mebel/kacheli/kacheli-pergola/,#contact,/ulichnaya-mebel/kacheli/kacheli-pergola/,true,true,anchor,pass,
/ulichnaya-mebel/kacheli/kacheli-pergola/,tel:+79129735006,,true,true,tel,pass,
/ulichnaya-mebel/kacheli/kacheli-pergola/,tel:+79125799665,,true,true,tel,pass,
/ulichnaya-mebel/kacheli/kacheli-pergola/,https://t.me/smu1build,,true,true,external,pass,
/ulichnaya-mebel/kacheli/kacheli-pergola/,mailto:smu1.kurgan@yandex.ru,,true,true,mailto,pass,
/ulichnaya-mebel/kacheli/kacheli-pergola/,/politika-konfidencialnosti/,/politika-konfidencialnosti/,true,true,internal,pass,
/ulichnaya-mebel/kacheli/kacheli-pergola/,/politika-konfidencialnosti/,/politika-konfidencialnosti/,true,true,internal,pass,
/ulichnaya-mebel/kacheli/kacheli-s-dlinnym-navesom/,#main-content,/ulichnaya-mebel/kacheli/kacheli-s-dlinnym-navesom/,true,true,anchor,pass,
/ulichnaya-mebel/kacheli/kacheli-s-dlinnym-navesom/,/,/,true,true,internal,pass,
/ulichnaya-mebel/kacheli/kacheli-s-dlinnym-navesom/,/ulichnaya-mebel/,/ulichnaya-mebel/,true,true,internal,pass,
/ulichnaya-mebel/kacheli/kacheli-s-dlinnym-navesom/,/ograzhdeniya-i-zabory/,/ograzhdeniya-i-zabory/,true,true,internal,pass,
/ulichnaya-mebel/kacheli/kacheli-s-dlinnym-navesom/,/navesy-i-kozyrki/,/navesy-i-kozyrki/,true,true,internal,pass,
/ulichnaya-mebel/kacheli/kacheli-s-dlinnym-navesom/,/topiarii/,/topiarii/,true,true,internal,pass,
/ulichnaya-mebel/kacheli/kacheli-s-dlinnym-navesom/,/izgotovlenie-na-zakaz/,/izgotovlenie-na-zakaz/,true,true,internal,pass,
/ulichnaya-mebel/kacheli/kacheli-s-dlinnym-navesom/,/metallokonstruktsii-dlya-biznesa/,/metallokonstruktsii-dlya-biznesa/,true,true,internal,pass,
/ulichnaya-mebel/kacheli/kacheli-s-dlinnym-navesom/,/blagoustroystvo-territoriy/,/blagoustroystvo-territoriy/,true,true,internal,pass,
/ulichnaya-mebel/kacheli/kacheli-s-dlinnym-navesom/,/stroitelstvo-i-remonty/,/stroitelstvo-i-remonty/,true,true,internal,pass,
/ulichnaya-mebel/kacheli/kacheli-s-dlinnym-navesom/,/vypolnennye-obekty/,/vypolnennye-obekty/,true,true,internal,pass,
/ulichnaya-mebel/kacheli/kacheli-s-dlinnym-navesom/,/o-nas/,/o-nas/,true,true,internal,pass,
/ulichnaya-mebel/kacheli/kacheli-s-dlinnym-navesom/,/kontakty/,/kontakty/,true,true,internal,pass,
/ulichnaya-mebel/kacheli/kacheli-s-dlinnym-navesom/,/vakansii/,/vakansii/,true,true,internal,pass,
/ulichnaya-mebel/kacheli/kacheli-s-dlinnym-navesom/,tel:+79129735006,,true,true,tel,pass,
/ulichnaya-mebel/kacheli/kacheli-s-dlinnym-navesom/,https://t.me/smu1build,,true,true,external,pass,
/ulichnaya-mebel/kacheli/kacheli-s-dlinnym-navesom/,#contact,/ulichnaya-mebel/kacheli/kacheli-s-dlinnym-navesom/,true,true,anchor,pass,
/ulichnaya-mebel/kacheli/kacheli-s-dlinnym-navesom/,/,/,true,true,internal,pass,
/ulichnaya-mebel/kacheli/kacheli-s-dlinnym-navesom/,#contact,/ulichnaya-mebel/kacheli/kacheli-s-dlinnym-navesom/,true,true,anchor,pass,
/ulichnaya-mebel/kacheli/kacheli-s-dlinnym-navesom/,/ulichnaya-mebel/,/ulichnaya-mebel/,true,true,internal,pass,
/ulichnaya-mebel/kacheli/kacheli-s-dlinnym-navesom/,/ograzhdeniya-i-zabory/,/ograzhdeniya-i-zabory/,true,true,internal,pass,
/ulichnaya-mebel/kacheli/kacheli-s-dlinnym-navesom/,/navesy-i-kozyrki/,/navesy-i-kozyrki/,true,true,internal,pass,
/ulichnaya-mebel/kacheli/kacheli-s-dlinnym-navesom/,/topiarii/,/topiarii/,true,true,internal,pass,
/ulichnaya-mebel/kacheli/kacheli-s-dlinnym-navesom/,/metallokonstruktsii-dlya-biznesa/,/metallokonstruktsii-dlya-biznesa/,true,true,internal,pass,
/ulichnaya-mebel/kacheli/kacheli-s-dlinnym-navesom/,/blagoustroystvo-territoriy/,/blagoustroystvo-territoriy/,true,true,internal,pass,
/ulichnaya-mebel/kacheli/kacheli-s-dlinnym-navesom/,/stroitelstvo-i-remonty/,/stroitelstvo-i-remonty/,true,true,internal,pass,
/ulichnaya-mebel/kacheli/kacheli-s-dlinnym-navesom/,/izgotovlenie-na-zakaz/,/izgotovlenie-na-zakaz/,true,true,internal,pass,
/ulichnaya-mebel/kacheli/kacheli-s-dlinnym-navesom/,/vypolnennye-obekty/,/vypolnennye-obekty/,true,true,internal,pass,
/ulichnaya-mebel/kacheli/kacheli-s-dlinnym-navesom/,/o-nas/,/o-nas/,true,true,internal,pass,
/ulichnaya-mebel/kacheli/kacheli-s-dlinnym-navesom/,/kontakty/,/kontakty/,true,true,internal,pass,
/ulichnaya-mebel/kacheli/kacheli-s-dlinnym-navesom/,/vakansii/,/vakansii/,true,true,internal,pass,
/ulichnaya-mebel/kacheli/kacheli-s-dlinnym-navesom/,tel:+79129735006,,true,true,tel,pass,
/ulichnaya-mebel/kacheli/kacheli-s-dlinnym-navesom/,tel:+79125799665,,true,true,tel,pass,
/ulichnaya-mebel/kacheli/kacheli-s-dlinnym-navesom/,https://t.me/smu1build,,true,true,external,pass,
/ulichnaya-mebel/kacheli/kacheli-s-dlinnym-navesom/,mailto:smu1.kurgan@yandex.ru,,true,true,mailto,pass,
/ulichnaya-mebel/kacheli/kacheli-s-dlinnym-navesom/,/,/,true,true,internal,pass,
/ulichnaya-mebel/kacheli/kacheli-s-dlinnym-navesom/,/ulichnaya-mebel/,/ulichnaya-mebel/,true,true,internal,pass,
/ulichnaya-mebel/kacheli/kacheli-s-dlinnym-navesom/,/ulichnaya-mebel/kacheli/,/ulichnaya-mebel/kacheli/,true,true,internal,pass,
/ulichnaya-mebel/kacheli/kacheli-s-dlinnym-navesom/,#contact,/ulichnaya-mebel/kacheli/kacheli-s-dlinnym-navesom/,true,true,anchor,pass,
/ulichnaya-mebel/kacheli/kacheli-s-dlinnym-navesom/,https://t.me/smu1build,,true,true,external,pass,
/ulichnaya-mebel/kacheli/kacheli-s-dlinnym-navesom/,#contact,/ulichnaya-mebel/kacheli/kacheli-s-dlinnym-navesom/,true,true,anchor,pass,
/ulichnaya-mebel/kacheli/kacheli-s-dlinnym-navesom/,/ulichnaya-mebel/kacheli/,/ulichnaya-mebel/kacheli/,true,true,internal,pass,
/ulichnaya-mebel/kacheli/kacheli-s-dlinnym-navesom/,/ulichnaya-mebel/kacheli/kachel-portal/,/ulichnaya-mebel/kacheli/kachel-portal/,true,true,internal,pass,
/ulichnaya-mebel/kacheli/kacheli-s-dlinnym-navesom/,/ulichnaya-mebel/kacheli/kachel-duga/,/ulichnaya-mebel/kacheli/kachel-duga/,true,true,internal,pass,
/ulichnaya-mebel/kacheli/kacheli-s-dlinnym-navesom/,/ulichnaya-mebel/kacheli/kacheli-pergola/,/ulichnaya-mebel/kacheli/kacheli-pergola/,true,true,internal,pass,
/ulichnaya-mebel/kacheli/kacheli-s-dlinnym-navesom/,/ulichnaya-mebel/kacheli/kachel-s-navesom/,/ulichnaya-mebel/kacheli/kachel-s-navesom/,true,true,internal,pass,
/ulichnaya-mebel/kacheli/kacheli-s-dlinnym-navesom/,https://t.me/smu1build,,true,true,external,pass,
/ulichnaya-mebel/kacheli/kacheli-s-dlinnym-navesom/,/izgotovlenie-na-zakaz/,/izgotovlenie-na-zakaz/,true,true,internal,pass,
/ulichnaya-mebel/kacheli/kacheli-s-dlinnym-navesom/,tel:+79129735006,,true,true,tel,pass,
/ulichnaya-mebel/kacheli/kacheli-s-dlinnym-navesom/,https://t.me/smu1build,,true,true,external,pass,
/ulichnaya-mebel/kacheli/kacheli-s-dlinnym-navesom/,mailto:smu1.kurgan@yandex.ru,,true,true,mailto,pass,
/ulichnaya-mebel/kacheli/kacheli-s-dlinnym-navesom/,/kontakty/,/kontakty/,true,true,internal,pass,
/ulichnaya-mebel/kacheli/kacheli-s-dlinnym-navesom/,/,/,true,true,internal,pass,
/ulichnaya-mebel/kacheli/kacheli-s-dlinnym-navesom/,/ulichnaya-mebel/,/ulichnaya-mebel/,true,true,internal,pass,
/ulichnaya-mebel/kacheli/kacheli-s-dlinnym-navesom/,/ograzhdeniya-i-zabory/,/ograzhdeniya-i-zabory/,true,true,internal,pass,
/ulichnaya-mebel/kacheli/kacheli-s-dlinnym-navesom/,/navesy-i-kozyrki/,/navesy-i-kozyrki/,true,true,internal,pass,
/ulichnaya-mebel/kacheli/kacheli-s-dlinnym-navesom/,/metallokonstruktsii-dlya-biznesa/,/metallokonstruktsii-dlya-biznesa/,true,true,internal,pass,
/ulichnaya-mebel/kacheli/kacheli-s-dlinnym-navesom/,/topiarii/,/topiarii/,true,true,internal,pass,
/ulichnaya-mebel/kacheli/kacheli-s-dlinnym-navesom/,/blagoustroystvo-territoriy/,/blagoustroystvo-territoriy/,true,true,internal,pass,
/ulichnaya-mebel/kacheli/kacheli-s-dlinnym-navesom/,/stroitelstvo-i-remonty/,/stroitelstvo-i-remonty/,true,true,internal,pass,
/ulichnaya-mebel/kacheli/kacheli-s-dlinnym-navesom/,/ulichnaya-mebel/,/ulichnaya-mebel/,true,true,internal,pass,
/ulichnaya-mebel/kacheli/kacheli-s-dlinnym-navesom/,/ograzhdeniya-i-zabory/,/ograzhdeniya-i-zabory/,true,true,internal,pass,
/ulichnaya-mebel/kacheli/kacheli-s-dlinnym-navesom/,/navesy-i-kozyrki/,/navesy-i-kozyrki/,true,true,internal,pass,
/ulichnaya-mebel/kacheli/kacheli-s-dlinnym-navesom/,/metallokonstruktsii-dlya-biznesa/,/metallokonstruktsii-dlya-biznesa/,true,true,internal,pass,
/ulichnaya-mebel/kacheli/kacheli-s-dlinnym-navesom/,/topiarii/,/topiarii/,true,true,internal,pass,
/ulichnaya-mebel/kacheli/kacheli-s-dlinnym-navesom/,/blagoustroystvo-territoriy/,/blagoustroystvo-territoriy/,true,true,internal,pass,
/ulichnaya-mebel/kacheli/kacheli-s-dlinnym-navesom/,/stroitelstvo-i-remonty/,/stroitelstvo-i-remonty/,true,true,internal,pass,
/ulichnaya-mebel/kacheli/kacheli-s-dlinnym-navesom/,/izgotovlenie-na-zakaz/,/izgotovlenie-na-zakaz/,true,true,internal,pass,
/ulichnaya-mebel/kacheli/kacheli-s-dlinnym-navesom/,/vypolnennye-obekty/,/vypolnennye-obekty/,true,true,internal,pass,
/ulichnaya-mebel/kacheli/kacheli-s-dlinnym-navesom/,/o-nas/,/o-nas/,true,true,internal,pass,
/ulichnaya-mebel/kacheli/kacheli-s-dlinnym-navesom/,/kontakty/,/kontakty/,true,true,internal,pass,
/ulichnaya-mebel/kacheli/kacheli-s-dlinnym-navesom/,/vakansii/,/vakansii/,true,true,internal,pass,
/ulichnaya-mebel/kacheli/kacheli-s-dlinnym-navesom/,/izgotovlenie-na-zakaz/,/izgotovlenie-na-zakaz/,true,true,internal,pass,
/ulichnaya-mebel/kacheli/kacheli-s-dlinnym-navesom/,/vypolnennye-obekty/,/vypolnennye-obekty/,true,true,internal,pass,
/ulichnaya-mebel/kacheli/kacheli-s-dlinnym-navesom/,/o-nas/,/o-nas/,true,true,internal,pass,
/ulichnaya-mebel/kacheli/kacheli-s-dlinnym-navesom/,/kontakty/,/kontakty/,true,true,internal,pass,
/ulichnaya-mebel/kacheli/kacheli-s-dlinnym-navesom/,/vakansii/,/vakansii/,true,true,internal,pass,
/ulichnaya-mebel/kacheli/kacheli-s-dlinnym-navesom/,#contact,/ulichnaya-mebel/kacheli/kacheli-s-dlinnym-navesom/,true,true,anchor,pass,
/ulichnaya-mebel/kacheli/kacheli-s-dlinnym-navesom/,tel:+79129735006,,true,true,tel,pass,
/ulichnaya-mebel/kacheli/kacheli-s-dlinnym-navesom/,tel:+79125799665,,true,true,tel,pass,
/ulichnaya-mebel/kacheli/kacheli-s-dlinnym-navesom/,https://t.me/smu1build,,true,true,external,pass,
/ulichnaya-mebel/kacheli/kacheli-s-dlinnym-navesom/,mailto:smu1.kurgan@yandex.ru,,true,true,mailto,pass,
/ulichnaya-mebel/kacheli/kacheli-s-dlinnym-navesom/,/politika-konfidencialnosti/,/politika-konfidencialnosti/,true,true,internal,pass,
/ulichnaya-mebel/kacheli/kacheli-s-dlinnym-navesom/,/politika-konfidencialnosti/,/politika-konfidencialnosti/,true,true,internal,pass,
/ograzhdeniya-i-zabory/ograzhdeniya-kontejnernyh-ploshchadok/konteynernaya-ploshchadka-duo/,#main-content,/ograzhdeniya-i-zabory/ograzhdeniya-kontejnernyh-ploshchadok/konteynernaya-ploshchadka-duo/,true,true,anchor,pass,
/ograzhdeniya-i-zabory/ograzhdeniya-kontejnernyh-ploshchadok/konteynernaya-ploshchadka-duo/,/,/,true,true,internal,pass,
/ograzhdeniya-i-zabory/ograzhdeniya-kontejnernyh-ploshchadok/konteynernaya-ploshchadka-duo/,/ulichnaya-mebel/,/ulichnaya-mebel/,true,true,internal,pass,
/ograzhdeniya-i-zabory/ograzhdeniya-kontejnernyh-ploshchadok/konteynernaya-ploshchadka-duo/,/ograzhdeniya-i-zabory/,/ograzhdeniya-i-zabory/,true,true,internal,pass,
/ograzhdeniya-i-zabory/ograzhdeniya-kontejnernyh-ploshchadok/konteynernaya-ploshchadka-duo/,/navesy-i-kozyrki/,/navesy-i-kozyrki/,true,true,internal,pass,
/ograzhdeniya-i-zabory/ograzhdeniya-kontejnernyh-ploshchadok/konteynernaya-ploshchadka-duo/,/topiarii/,/topiarii/,true,true,internal,pass,
/ograzhdeniya-i-zabory/ograzhdeniya-kontejnernyh-ploshchadok/konteynernaya-ploshchadka-duo/,/izgotovlenie-na-zakaz/,/izgotovlenie-na-zakaz/,true,true,internal,pass,
/ograzhdeniya-i-zabory/ograzhdeniya-kontejnernyh-ploshchadok/konteynernaya-ploshchadka-duo/,/metallokonstruktsii-dlya-biznesa/,/metallokonstruktsii-dlya-biznesa/,true,true,internal,pass,
/ograzhdeniya-i-zabory/ograzhdeniya-kontejnernyh-ploshchadok/konteynernaya-ploshchadka-duo/,/blagoustroystvo-territoriy/,/blagoustroystvo-territoriy/,true,true,internal,pass,
/ograzhdeniya-i-zabory/ograzhdeniya-kontejnernyh-ploshchadok/konteynernaya-ploshchadka-duo/,/stroitelstvo-i-remonty/,/stroitelstvo-i-remonty/,true,true,internal,pass,
/ograzhdeniya-i-zabory/ograzhdeniya-kontejnernyh-ploshchadok/konteynernaya-ploshchadka-duo/,/vypolnennye-obekty/,/vypolnennye-obekty/,true,true,internal,pass,
/ograzhdeniya-i-zabory/ograzhdeniya-kontejnernyh-ploshchadok/konteynernaya-ploshchadka-duo/,/o-nas/,/o-nas/,true,true,internal,pass,
/ograzhdeniya-i-zabory/ograzhdeniya-kontejnernyh-ploshchadok/konteynernaya-ploshchadka-duo/,/kontakty/,/kontakty/,true,true,internal,pass,
/ograzhdeniya-i-zabory/ograzhdeniya-kontejnernyh-ploshchadok/konteynernaya-ploshchadka-duo/,/vakansii/,/vakansii/,true,true,internal,pass,
/ograzhdeniya-i-zabory/ograzhdeniya-kontejnernyh-ploshchadok/konteynernaya-ploshchadka-duo/,tel:+79129735006,,true,true,tel,pass,
/ograzhdeniya-i-zabory/ograzhdeniya-kontejnernyh-ploshchadok/konteynernaya-ploshchadka-duo/,https://t.me/smu1build,,true,true,external,pass,
/ograzhdeniya-i-zabory/ograzhdeniya-kontejnernyh-ploshchadok/konteynernaya-ploshchadka-duo/,#contact,/ograzhdeniya-i-zabory/ograzhdeniya-kontejnernyh-ploshchadok/konteynernaya-ploshchadka-duo/,true,true,anchor,pass,
/ograzhdeniya-i-zabory/ograzhdeniya-kontejnernyh-ploshchadok/konteynernaya-ploshchadka-duo/,/,/,true,true,internal,pass,
/ograzhdeniya-i-zabory/ograzhdeniya-kontejnernyh-ploshchadok/konteynernaya-ploshchadka-duo/,#contact,/ograzhdeniya-i-zabory/ograzhdeniya-kontejnernyh-ploshchadok/konteynernaya-ploshchadka-duo/,true,true,anchor,pass,
/ograzhdeniya-i-zabory/ograzhdeniya-kontejnernyh-ploshchadok/konteynernaya-ploshchadka-duo/,/ulichnaya-mebel/,/ulichnaya-mebel/,true,true,internal,pass,
/ograzhdeniya-i-zabory/ograzhdeniya-kontejnernyh-ploshchadok/konteynernaya-ploshchadka-duo/,/ograzhdeniya-i-zabory/,/ograzhdeniya-i-zabory/,true,true,internal,pass,
/ograzhdeniya-i-zabory/ograzhdeniya-kontejnernyh-ploshchadok/konteynernaya-ploshchadka-duo/,/navesy-i-kozyrki/,/navesy-i-kozyrki/,true,true,internal,pass,
/ograzhdeniya-i-zabory/ograzhdeniya-kontejnernyh-ploshchadok/konteynernaya-ploshchadka-duo/,/topiarii/,/topiarii/,true,true,internal,pass,
/ograzhdeniya-i-zabory/ograzhdeniya-kontejnernyh-ploshchadok/konteynernaya-ploshchadka-duo/,/metallokonstruktsii-dlya-biznesa/,/metallokonstruktsii-dlya-biznesa/,true,true,internal,pass,
/ograzhdeniya-i-zabory/ograzhdeniya-kontejnernyh-ploshchadok/konteynernaya-ploshchadka-duo/,/blagoustroystvo-territoriy/,/blagoustroystvo-territoriy/,true,true,internal,pass,
/ograzhdeniya-i-zabory/ograzhdeniya-kontejnernyh-ploshchadok/konteynernaya-ploshchadka-duo/,/stroitelstvo-i-remonty/,/stroitelstvo-i-remonty/,true,true,internal,pass,
/ograzhdeniya-i-zabory/ograzhdeniya-kontejnernyh-ploshchadok/konteynernaya-ploshchadka-duo/,/izgotovlenie-na-zakaz/,/izgotovlenie-na-zakaz/,true,true,internal,pass,
/ograzhdeniya-i-zabory/ograzhdeniya-kontejnernyh-ploshchadok/konteynernaya-ploshchadka-duo/,/vypolnennye-obekty/,/vypolnennye-obekty/,true,true,internal,pass,
/ograzhdeniya-i-zabory/ograzhdeniya-kontejnernyh-ploshchadok/konteynernaya-ploshchadka-duo/,/o-nas/,/o-nas/,true,true,internal,pass,
/ograzhdeniya-i-zabory/ograzhdeniya-kontejnernyh-ploshchadok/konteynernaya-ploshchadka-duo/,/kontakty/,/kontakty/,true,true,internal,pass,
/ograzhdeniya-i-zabory/ograzhdeniya-kontejnernyh-ploshchadok/konteynernaya-ploshchadka-duo/,/vakansii/,/vakansii/,true,true,internal,pass,
/ograzhdeniya-i-zabory/ograzhdeniya-kontejnernyh-ploshchadok/konteynernaya-ploshchadka-duo/,tel:+79129735006,,true,true,tel,pass,
/ograzhdeniya-i-zabory/ograzhdeniya-kontejnernyh-ploshchadok/konteynernaya-ploshchadka-duo/,tel:+79125799665,,true,true,tel,pass,
/ograzhdeniya-i-zabory/ograzhdeniya-kontejnernyh-ploshchadok/konteynernaya-ploshchadka-duo/,https://t.me/smu1build,,true,true,external,pass,
/ograzhdeniya-i-zabory/ograzhdeniya-kontejnernyh-ploshchadok/konteynernaya-ploshchadka-duo/,mailto:smu1.kurgan@yandex.ru,,true,true,mailto,pass,
/ograzhdeniya-i-zabory/ograzhdeniya-kontejnernyh-ploshchadok/konteynernaya-ploshchadka-duo/,/,/,true,true,internal,pass,
/ograzhdeniya-i-zabory/ograzhdeniya-kontejnernyh-ploshchadok/konteynernaya-ploshchadka-duo/,/ograzhdeniya-i-zabory/,/ograzhdeniya-i-zabory/,true,true,internal,pass,
/ograzhdeniya-i-zabory/ograzhdeniya-kontejnernyh-ploshchadok/konteynernaya-ploshchadka-duo/,/ograzhdeniya-i-zabory/ograzhdeniya-kontejnernyh-ploshchadok/,/ograzhdeniya-i-zabory/ograzhdeniya-kontejnernyh-ploshchadok/,true,true,internal,pass,
/ograzhdeniya-i-zabory/ograzhdeniya-kontejnernyh-ploshchadok/konteynernaya-ploshchadka-duo/,#contact,/ograzhdeniya-i-zabory/ograzhdeniya-kontejnernyh-ploshchadok/konteynernaya-ploshchadka-duo/,true,true,anchor,pass,
/ograzhdeniya-i-zabory/ograzhdeniya-kontejnernyh-ploshchadok/konteynernaya-ploshchadka-duo/,https://t.me/smu1build,,true,true,external,pass,
/ograzhdeniya-i-zabory/ograzhdeniya-kontejnernyh-ploshchadok/konteynernaya-ploshchadka-duo/,#contact,/ograzhdeniya-i-zabory/ograzhdeniya-kontejnernyh-ploshchadok/konteynernaya-ploshchadka-duo/,true,true,anchor,pass,
/ograzhdeniya-i-zabory/ograzhdeniya-kontejnernyh-ploshchadok/konteynernaya-ploshchadka-duo/,/ograzhdeniya-i-zabory/ograzhdeniya-kontejnernyh-ploshchadok/,/ograzhdeniya-i-zabory/ograzhdeniya-kontejnernyh-ploshchadok/,true,true,internal,pass,
/ograzhdeniya-i-zabory/ograzhdeniya-kontejnernyh-ploshchadok/konteynernaya-ploshchadka-duo/,/ograzhdeniya-i-zabory/ograzhdeniya-kontejnernyh-ploshchadok/konteynernaya-ploshchadka-modul/,/ograzhdeniya-i-zabory/ograzhdeniya-kontejnernyh-ploshchadok/konteynernaya-ploshchadka-modul/,true,true,internal,pass,
/ograzhdeniya-i-zabory/ograzhdeniya-kontejnernyh-ploshchadok/konteynernaya-ploshchadka-duo/,/ograzhdeniya-i-zabory/ograzhdeniya-kontejnernyh-ploshchadok/konteynernaya-ploshchadka-zakrytaya/,/ograzhdeniya-i-zabory/ograzhdeniya-kontejnernyh-ploshchadok/konteynernaya-ploshchadka-zakrytaya/,true,true,internal,pass,
/ograzhdeniya-i-zabory/ograzhdeniya-kontejnernyh-ploshchadok/konteynernaya-ploshchadka-duo/,https://t.me/smu1build,,true,true,external,pass,
/ograzhdeniya-i-zabory/ograzhdeniya-kontejnernyh-ploshchadok/konteynernaya-ploshchadka-duo/,/izgotovlenie-na-zakaz/,/izgotovlenie-na-zakaz/,true,true,internal,pass,
/ograzhdeniya-i-zabory/ograzhdeniya-kontejnernyh-ploshchadok/konteynernaya-ploshchadka-duo/,tel:+79129735006,,true,true,tel,pass,
/ograzhdeniya-i-zabory/ograzhdeniya-kontejnernyh-ploshchadok/konteynernaya-ploshchadka-duo/,https://t.me/smu1build,,true,true,external,pass,
/ograzhdeniya-i-zabory/ograzhdeniya-kontejnernyh-ploshchadok/konteynernaya-ploshchadka-duo/,mailto:smu1.kurgan@yandex.ru,,true,true,mailto,pass,
/ograzhdeniya-i-zabory/ograzhdeniya-kontejnernyh-ploshchadok/konteynernaya-ploshchadka-duo/,/kontakty/,/kontakty/,true,true,internal,pass,
/ograzhdeniya-i-zabory/ograzhdeniya-kontejnernyh-ploshchadok/konteynernaya-ploshchadka-duo/,/,/,true,true,internal,pass,
/ograzhdeniya-i-zabory/ograzhdeniya-kontejnernyh-ploshchadok/konteynernaya-ploshchadka-duo/,/ulichnaya-mebel/,/ulichnaya-mebel/,true,true,internal,pass,
/ograzhdeniya-i-zabory/ograzhdeniya-kontejnernyh-ploshchadok/konteynernaya-ploshchadka-duo/,/ograzhdeniya-i-zabory/,/ograzhdeniya-i-zabory/,true,true,internal,pass,
/ograzhdeniya-i-zabory/ograzhdeniya-kontejnernyh-ploshchadok/konteynernaya-ploshchadka-duo/,/navesy-i-kozyrki/,/navesy-i-kozyrki/,true,true,internal,pass,
/ograzhdeniya-i-zabory/ograzhdeniya-kontejnernyh-ploshchadok/konteynernaya-ploshchadka-duo/,/metallokonstruktsii-dlya-biznesa/,/metallokonstruktsii-dlya-biznesa/,true,true,internal,pass,
/ograzhdeniya-i-zabory/ograzhdeniya-kontejnernyh-ploshchadok/konteynernaya-ploshchadka-duo/,/topiarii/,/topiarii/,true,true,internal,pass,
/ograzhdeniya-i-zabory/ograzhdeniya-kontejnernyh-ploshchadok/konteynernaya-ploshchadka-duo/,/blagoustroystvo-territoriy/,/blagoustroystvo-territoriy/,true,true,internal,pass,
/ograzhdeniya-i-zabory/ograzhdeniya-kontejnernyh-ploshchadok/konteynernaya-ploshchadka-duo/,/stroitelstvo-i-remonty/,/stroitelstvo-i-remonty/,true,true,internal,pass,
/ograzhdeniya-i-zabory/ograzhdeniya-kontejnernyh-ploshchadok/konteynernaya-ploshchadka-duo/,/ulichnaya-mebel/,/ulichnaya-mebel/,true,true,internal,pass,
/ograzhdeniya-i-zabory/ograzhdeniya-kontejnernyh-ploshchadok/konteynernaya-ploshchadka-duo/,/ograzhdeniya-i-zabory/,/ograzhdeniya-i-zabory/,true,true,internal,pass,
/ograzhdeniya-i-zabory/ograzhdeniya-kontejnernyh-ploshchadok/konteynernaya-ploshchadka-duo/,/navesy-i-kozyrki/,/navesy-i-kozyrki/,true,true,internal,pass,
/ograzhdeniya-i-zabory/ograzhdeniya-kontejnernyh-ploshchadok/konteynernaya-ploshchadka-duo/,/metallokonstruktsii-dlya-biznesa/,/metallokonstruktsii-dlya-biznesa/,true,true,internal,pass,
/ograzhdeniya-i-zabory/ograzhdeniya-kontejnernyh-ploshchadok/konteynernaya-ploshchadka-duo/,/topiarii/,/topiarii/,true,true,internal,pass,
/ograzhdeniya-i-zabory/ograzhdeniya-kontejnernyh-ploshchadok/konteynernaya-ploshchadka-duo/,/blagoustroystvo-territoriy/,/blagoustroystvo-territoriy/,true,true,internal,pass,
/ograzhdeniya-i-zabory/ograzhdeniya-kontejnernyh-ploshchadok/konteynernaya-ploshchadka-duo/,/stroitelstvo-i-remonty/,/stroitelstvo-i-remonty/,true,true,internal,pass,
/ograzhdeniya-i-zabory/ograzhdeniya-kontejnernyh-ploshchadok/konteynernaya-ploshchadka-duo/,/izgotovlenie-na-zakaz/,/izgotovlenie-na-zakaz/,true,true,internal,pass,
/ograzhdeniya-i-zabory/ograzhdeniya-kontejnernyh-ploshchadok/konteynernaya-ploshchadka-duo/,/vypolnennye-obekty/,/vypolnennye-obekty/,true,true,internal,pass,
/ograzhdeniya-i-zabory/ograzhdeniya-kontejnernyh-ploshchadok/konteynernaya-ploshchadka-duo/,/o-nas/,/o-nas/,true,true,internal,pass,
/ograzhdeniya-i-zabory/ograzhdeniya-kontejnernyh-ploshchadok/konteynernaya-ploshchadka-duo/,/kontakty/,/kontakty/,true,true,internal,pass,
/ograzhdeniya-i-zabory/ograzhdeniya-kontejnernyh-ploshchadok/konteynernaya-ploshchadka-duo/,/vakansii/,/vakansii/,true,true,internal,pass,
/ograzhdeniya-i-zabory/ograzhdeniya-kontejnernyh-ploshchadok/konteynernaya-ploshchadka-duo/,/izgotovlenie-na-zakaz/,/izgotovlenie-na-zakaz/,true,true,internal,pass,
/ograzhdeniya-i-zabory/ograzhdeniya-kontejnernyh-ploshchadok/konteynernaya-ploshchadka-duo/,/vypolnennye-obekty/,/vypolnennye-obekty/,true,true,internal,pass,
/ograzhdeniya-i-zabory/ograzhdeniya-kontejnernyh-ploshchadok/konteynernaya-ploshchadka-duo/,/o-nas/,/o-nas/,true,true,internal,pass,
/ograzhdeniya-i-zabory/ograzhdeniya-kontejnernyh-ploshchadok/konteynernaya-ploshchadka-duo/,/kontakty/,/kontakty/,true,true,internal,pass,
/ograzhdeniya-i-zabory/ograzhdeniya-kontejnernyh-ploshchadok/konteynernaya-ploshchadka-duo/,/vakansii/,/vakansii/,true,true,internal,pass,
/ograzhdeniya-i-zabory/ograzhdeniya-kontejnernyh-ploshchadok/konteynernaya-ploshchadka-duo/,#contact,/ograzhdeniya-i-zabory/ograzhdeniya-kontejnernyh-ploshchadok/konteynernaya-ploshchadka-duo/,true,true,anchor,pass,
/ograzhdeniya-i-zabory/ograzhdeniya-kontejnernyh-ploshchadok/konteynernaya-ploshchadka-duo/,tel:+79129735006,,true,true,tel,pass,
/ograzhdeniya-i-zabory/ograzhdeniya-kontejnernyh-ploshchadok/konteynernaya-ploshchadka-duo/,tel:+79125799665,,true,true,tel,pass,
/ograzhdeniya-i-zabory/ograzhdeniya-kontejnernyh-ploshchadok/konteynernaya-ploshchadka-duo/,https://t.me/smu1build,,true,true,external,pass,
/ograzhdeniya-i-zabory/ograzhdeniya-kontejnernyh-ploshchadok/konteynernaya-ploshchadka-duo/,mailto:smu1.kurgan@yandex.ru,,true,true,mailto,pass,
/ograzhdeniya-i-zabory/ograzhdeniya-kontejnernyh-ploshchadok/konteynernaya-ploshchadka-duo/,/politika-konfidencialnosti/,/politika-konfidencialnosti/,true,true,internal,pass,
/ograzhdeniya-i-zabory/ograzhdeniya-kontejnernyh-ploshchadok/konteynernaya-ploshchadka-duo/,/politika-konfidencialnosti/,/politika-konfidencialnosti/,true,true,internal,pass,
/ograzhdeniya-i-zabory/ograzhdeniya-kontejnernyh-ploshchadok/konteynernaya-ploshchadka-modul/,#main-content,/ograzhdeniya-i-zabory/ograzhdeniya-kontejnernyh-ploshchadok/konteynernaya-ploshchadka-modul/,true,true,anchor,pass,
/ograzhdeniya-i-zabory/ograzhdeniya-kontejnernyh-ploshchadok/konteynernaya-ploshchadka-modul/,/,/,true,true,internal,pass,
/ograzhdeniya-i-zabory/ograzhdeniya-kontejnernyh-ploshchadok/konteynernaya-ploshchadka-modul/,/ulichnaya-mebel/,/ulichnaya-mebel/,true,true,internal,pass,
/ograzhdeniya-i-zabory/ograzhdeniya-kontejnernyh-ploshchadok/konteynernaya-ploshchadka-modul/,/ograzhdeniya-i-zabory/,/ograzhdeniya-i-zabory/,true,true,internal,pass,
/ograzhdeniya-i-zabory/ograzhdeniya-kontejnernyh-ploshchadok/konteynernaya-ploshchadka-modul/,/navesy-i-kozyrki/,/navesy-i-kozyrki/,true,true,internal,pass,
/ograzhdeniya-i-zabory/ograzhdeniya-kontejnernyh-ploshchadok/konteynernaya-ploshchadka-modul/,/topiarii/,/topiarii/,true,true,internal,pass,
/ograzhdeniya-i-zabory/ograzhdeniya-kontejnernyh-ploshchadok/konteynernaya-ploshchadka-modul/,/izgotovlenie-na-zakaz/,/izgotovlenie-na-zakaz/,true,true,internal,pass,
/ograzhdeniya-i-zabory/ograzhdeniya-kontejnernyh-ploshchadok/konteynernaya-ploshchadka-modul/,/metallokonstruktsii-dlya-biznesa/,/metallokonstruktsii-dlya-biznesa/,true,true,internal,pass,
/ograzhdeniya-i-zabory/ograzhdeniya-kontejnernyh-ploshchadok/konteynernaya-ploshchadka-modul/,/blagoustroystvo-territoriy/,/blagoustroystvo-territoriy/,true,true,internal,pass,
/ograzhdeniya-i-zabory/ograzhdeniya-kontejnernyh-ploshchadok/konteynernaya-ploshchadka-modul/,/stroitelstvo-i-remonty/,/stroitelstvo-i-remonty/,true,true,internal,pass,
/ograzhdeniya-i-zabory/ograzhdeniya-kontejnernyh-ploshchadok/konteynernaya-ploshchadka-modul/,/vypolnennye-obekty/,/vypolnennye-obekty/,true,true,internal,pass,
/ograzhdeniya-i-zabory/ograzhdeniya-kontejnernyh-ploshchadok/konteynernaya-ploshchadka-modul/,/o-nas/,/o-nas/,true,true,internal,pass,
/ograzhdeniya-i-zabory/ograzhdeniya-kontejnernyh-ploshchadok/konteynernaya-ploshchadka-modul/,/kontakty/,/kontakty/,true,true,internal,pass,
/ograzhdeniya-i-zabory/ograzhdeniya-kontejnernyh-ploshchadok/konteynernaya-ploshchadka-modul/,/vakansii/,/vakansii/,true,true,internal,pass,
/ograzhdeniya-i-zabory/ograzhdeniya-kontejnernyh-ploshchadok/konteynernaya-ploshchadka-modul/,tel:+79129735006,,true,true,tel,pass,
/ograzhdeniya-i-zabory/ograzhdeniya-kontejnernyh-ploshchadok/konteynernaya-ploshchadka-modul/,https://t.me/smu1build,,true,true,external,pass,
/ograzhdeniya-i-zabory/ograzhdeniya-kontejnernyh-ploshchadok/konteynernaya-ploshchadka-modul/,#contact,/ograzhdeniya-i-zabory/ograzhdeniya-kontejnernyh-ploshchadok/konteynernaya-ploshchadka-modul/,true,true,anchor,pass,
/ograzhdeniya-i-zabory/ograzhdeniya-kontejnernyh-ploshchadok/konteynernaya-ploshchadka-modul/,/,/,true,true,internal,pass,
/ograzhdeniya-i-zabory/ograzhdeniya-kontejnernyh-ploshchadok/konteynernaya-ploshchadka-modul/,#contact,/ograzhdeniya-i-zabory/ograzhdeniya-kontejnernyh-ploshchadok/konteynernaya-ploshchadka-modul/,true,true,anchor,pass,
/ograzhdeniya-i-zabory/ograzhdeniya-kontejnernyh-ploshchadok/konteynernaya-ploshchadka-modul/,/ulichnaya-mebel/,/ulichnaya-mebel/,true,true,internal,pass,
/ograzhdeniya-i-zabory/ograzhdeniya-kontejnernyh-ploshchadok/konteynernaya-ploshchadka-modul/,/ograzhdeniya-i-zabory/,/ograzhdeniya-i-zabory/,true,true,internal,pass,
/ograzhdeniya-i-zabory/ograzhdeniya-kontejnernyh-ploshchadok/konteynernaya-ploshchadka-modul/,/navesy-i-kozyrki/,/navesy-i-kozyrki/,true,true,internal,pass,
/ograzhdeniya-i-zabory/ograzhdeniya-kontejnernyh-ploshchadok/konteynernaya-ploshchadka-modul/,/topiarii/,/topiarii/,true,true,internal,pass,
/ograzhdeniya-i-zabory/ograzhdeniya-kontejnernyh-ploshchadok/konteynernaya-ploshchadka-modul/,/metallokonstruktsii-dlya-biznesa/,/metallokonstruktsii-dlya-biznesa/,true,true,internal,pass,
/ograzhdeniya-i-zabory/ograzhdeniya-kontejnernyh-ploshchadok/konteynernaya-ploshchadka-modul/,/blagoustroystvo-territoriy/,/blagoustroystvo-territoriy/,true,true,internal,pass,
/ograzhdeniya-i-zabory/ograzhdeniya-kontejnernyh-ploshchadok/konteynernaya-ploshchadka-modul/,/stroitelstvo-i-remonty/,/stroitelstvo-i-remonty/,true,true,internal,pass,
/ograzhdeniya-i-zabory/ograzhdeniya-kontejnernyh-ploshchadok/konteynernaya-ploshchadka-modul/,/izgotovlenie-na-zakaz/,/izgotovlenie-na-zakaz/,true,true,internal,pass,
/ograzhdeniya-i-zabory/ograzhdeniya-kontejnernyh-ploshchadok/konteynernaya-ploshchadka-modul/,/vypolnennye-obekty/,/vypolnennye-obekty/,true,true,internal,pass,
/ograzhdeniya-i-zabory/ograzhdeniya-kontejnernyh-ploshchadok/konteynernaya-ploshchadka-modul/,/o-nas/,/o-nas/,true,true,internal,pass,
/ograzhdeniya-i-zabory/ograzhdeniya-kontejnernyh-ploshchadok/konteynernaya-ploshchadka-modul/,/kontakty/,/kontakty/,true,true,internal,pass,
/ograzhdeniya-i-zabory/ograzhdeniya-kontejnernyh-ploshchadok/konteynernaya-ploshchadka-modul/,/vakansii/,/vakansii/,true,true,internal,pass,
/ograzhdeniya-i-zabory/ograzhdeniya-kontejnernyh-ploshchadok/konteynernaya-ploshchadka-modul/,tel:+79129735006,,true,true,tel,pass,
/ograzhdeniya-i-zabory/ograzhdeniya-kontejnernyh-ploshchadok/konteynernaya-ploshchadka-modul/,tel:+79125799665,,true,true,tel,pass,
/ograzhdeniya-i-zabory/ograzhdeniya-kontejnernyh-ploshchadok/konteynernaya-ploshchadka-modul/,https://t.me/smu1build,,true,true,external,pass,
/ograzhdeniya-i-zabory/ograzhdeniya-kontejnernyh-ploshchadok/konteynernaya-ploshchadka-modul/,mailto:smu1.kurgan@yandex.ru,,true,true,mailto,pass,
/ograzhdeniya-i-zabory/ograzhdeniya-kontejnernyh-ploshchadok/konteynernaya-ploshchadka-modul/,/,/,true,true,internal,pass,
/ograzhdeniya-i-zabory/ograzhdeniya-kontejnernyh-ploshchadok/konteynernaya-ploshchadka-modul/,/ograzhdeniya-i-zabory/,/ograzhdeniya-i-zabory/,true,true,internal,pass,
/ograzhdeniya-i-zabory/ograzhdeniya-kontejnernyh-ploshchadok/konteynernaya-ploshchadka-modul/,/ograzhdeniya-i-zabory/ograzhdeniya-kontejnernyh-ploshchadok/,/ograzhdeniya-i-zabory/ograzhdeniya-kontejnernyh-ploshchadok/,true,true,internal,pass,
/ograzhdeniya-i-zabory/ograzhdeniya-kontejnernyh-ploshchadok/konteynernaya-ploshchadka-modul/,#contact,/ograzhdeniya-i-zabory/ograzhdeniya-kontejnernyh-ploshchadok/konteynernaya-ploshchadka-modul/,true,true,anchor,pass,
/ograzhdeniya-i-zabory/ograzhdeniya-kontejnernyh-ploshchadok/konteynernaya-ploshchadka-modul/,https://t.me/smu1build,,true,true,external,pass,
/ograzhdeniya-i-zabory/ograzhdeniya-kontejnernyh-ploshchadok/konteynernaya-ploshchadka-modul/,#contact,/ograzhdeniya-i-zabory/ograzhdeniya-kontejnernyh-ploshchadok/konteynernaya-ploshchadka-modul/,true,true,anchor,pass,
/ograzhdeniya-i-zabory/ograzhdeniya-kontejnernyh-ploshchadok/konteynernaya-ploshchadka-modul/,/ograzhdeniya-i-zabory/ograzhdeniya-kontejnernyh-ploshchadok/,/ograzhdeniya-i-zabory/ograzhdeniya-kontejnernyh-ploshchadok/,true,true,internal,pass,
/ograzhdeniya-i-zabory/ograzhdeniya-kontejnernyh-ploshchadok/konteynernaya-ploshchadka-modul/,/ograzhdeniya-i-zabory/ograzhdeniya-kontejnernyh-ploshchadok/konteynernaya-ploshchadka-zakrytaya/,/ograzhdeniya-i-zabory/ograzhdeniya-kontejnernyh-ploshchadok/konteynernaya-ploshchadka-zakrytaya/,true,true,internal,pass,
/ograzhdeniya-i-zabory/ograzhdeniya-kontejnernyh-ploshchadok/konteynernaya-ploshchadka-modul/,/ograzhdeniya-i-zabory/ograzhdeniya-kontejnernyh-ploshchadok/konteynernaya-ploshchadka-duo/,/ograzhdeniya-i-zabory/ograzhdeniya-kontejnernyh-ploshchadok/konteynernaya-ploshchadka-duo/,true,true,internal,pass,
/ograzhdeniya-i-zabory/ograzhdeniya-kontejnernyh-ploshchadok/konteynernaya-ploshchadka-modul/,https://t.me/smu1build,,true,true,external,pass,
/ograzhdeniya-i-zabory/ograzhdeniya-kontejnernyh-ploshchadok/konteynernaya-ploshchadka-modul/,/izgotovlenie-na-zakaz/,/izgotovlenie-na-zakaz/,true,true,internal,pass,
/ograzhdeniya-i-zabory/ograzhdeniya-kontejnernyh-ploshchadok/konteynernaya-ploshchadka-modul/,tel:+79129735006,,true,true,tel,pass,
/ograzhdeniya-i-zabory/ograzhdeniya-kontejnernyh-ploshchadok/konteynernaya-ploshchadka-modul/,https://t.me/smu1build,,true,true,external,pass,
/ograzhdeniya-i-zabory/ograzhdeniya-kontejnernyh-ploshchadok/konteynernaya-ploshchadka-modul/,mailto:smu1.kurgan@yandex.ru,,true,true,mailto,pass,
/ograzhdeniya-i-zabory/ograzhdeniya-kontejnernyh-ploshchadok/konteynernaya-ploshchadka-modul/,/kontakty/,/kontakty/,true,true,internal,pass,
/ograzhdeniya-i-zabory/ograzhdeniya-kontejnernyh-ploshchadok/konteynernaya-ploshchadka-modul/,/,/,true,true,internal,pass,
/ograzhdeniya-i-zabory/ograzhdeniya-kontejnernyh-ploshchadok/konteynernaya-ploshchadka-modul/,/ulichnaya-mebel/,/ulichnaya-mebel/,true,true,internal,pass,
/ograzhdeniya-i-zabory/ograzhdeniya-kontejnernyh-ploshchadok/konteynernaya-ploshchadka-modul/,/ograzhdeniya-i-zabory/,/ograzhdeniya-i-zabory/,true,true,internal,pass,
/ograzhdeniya-i-zabory/ograzhdeniya-kontejnernyh-ploshchadok/konteynernaya-ploshchadka-modul/,/navesy-i-kozyrki/,/navesy-i-kozyrki/,true,true,internal,pass,
/ograzhdeniya-i-zabory/ograzhdeniya-kontejnernyh-ploshchadok/konteynernaya-ploshchadka-modul/,/metallokonstruktsii-dlya-biznesa/,/metallokonstruktsii-dlya-biznesa/,true,true,internal,pass,
/ograzhdeniya-i-zabory/ograzhdeniya-kontejnernyh-ploshchadok/konteynernaya-ploshchadka-modul/,/topiarii/,/topiarii/,true,true,internal,pass,
/ograzhdeniya-i-zabory/ograzhdeniya-kontejnernyh-ploshchadok/konteynernaya-ploshchadka-modul/,/blagoustroystvo-territoriy/,/blagoustroystvo-territoriy/,true,true,internal,pass,
/ograzhdeniya-i-zabory/ograzhdeniya-kontejnernyh-ploshchadok/konteynernaya-ploshchadka-modul/,/stroitelstvo-i-remonty/,/stroitelstvo-i-remonty/,true,true,internal,pass,
/ograzhdeniya-i-zabory/ograzhdeniya-kontejnernyh-ploshchadok/konteynernaya-ploshchadka-modul/,/ulichnaya-mebel/,/ulichnaya-mebel/,true,true,internal,pass,
/ograzhdeniya-i-zabory/ograzhdeniya-kontejnernyh-ploshchadok/konteynernaya-ploshchadka-modul/,/ograzhdeniya-i-zabory/,/ograzhdeniya-i-zabory/,true,true,internal,pass,
/ograzhdeniya-i-zabory/ograzhdeniya-kontejnernyh-ploshchadok/konteynernaya-ploshchadka-modul/,/navesy-i-kozyrki/,/navesy-i-kozyrki/,true,true,internal,pass,
/ograzhdeniya-i-zabory/ograzhdeniya-kontejnernyh-ploshchadok/konteynernaya-ploshchadka-modul/,/metallokonstruktsii-dlya-biznesa/,/metallokonstruktsii-dlya-biznesa/,true,true,internal,pass,
/ograzhdeniya-i-zabory/ograzhdeniya-kontejnernyh-ploshchadok/konteynernaya-ploshchadka-modul/,/topiarii/,/topiarii/,true,true,internal,pass,
/ograzhdeniya-i-zabory/ograzhdeniya-kontejnernyh-ploshchadok/konteynernaya-ploshchadka-modul/,/blagoustroystvo-territoriy/,/blagoustroystvo-territoriy/,true,true,internal,pass,
/ograzhdeniya-i-zabory/ograzhdeniya-kontejnernyh-ploshchadok/konteynernaya-ploshchadka-modul/,/stroitelstvo-i-remonty/,/stroitelstvo-i-remonty/,true,true,internal,pass,
/ograzhdeniya-i-zabory/ograzhdeniya-kontejnernyh-ploshchadok/konteynernaya-ploshchadka-modul/,/izgotovlenie-na-zakaz/,/izgotovlenie-na-zakaz/,true,true,internal,pass,
/ograzhdeniya-i-zabory/ograzhdeniya-kontejnernyh-ploshchadok/konteynernaya-ploshchadka-modul/,/vypolnennye-obekty/,/vypolnennye-obekty/,true,true,internal,pass,
/ograzhdeniya-i-zabory/ograzhdeniya-kontejnernyh-ploshchadok/konteynernaya-ploshchadka-modul/,/o-nas/,/o-nas/,true,true,internal,pass,
/ograzhdeniya-i-zabory/ograzhdeniya-kontejnernyh-ploshchadok/konteynernaya-ploshchadka-modul/,/kontakty/,/kontakty/,true,true,internal,pass,
/ograzhdeniya-i-zabory/ograzhdeniya-kontejnernyh-ploshchadok/konteynernaya-ploshchadka-modul/,/vakansii/,/vakansii/,true,true,internal,pass,
/ograzhdeniya-i-zabory/ograzhdeniya-kontejnernyh-ploshchadok/konteynernaya-ploshchadka-modul/,/izgotovlenie-na-zakaz/,/izgotovlenie-na-zakaz/,true,true,internal,pass,
/ograzhdeniya-i-zabory/ograzhdeniya-kontejnernyh-ploshchadok/konteynernaya-ploshchadka-modul/,/vypolnennye-obekty/,/vypolnennye-obekty/,true,true,internal,pass,
/ograzhdeniya-i-zabory/ograzhdeniya-kontejnernyh-ploshchadok/konteynernaya-ploshchadka-modul/,/o-nas/,/o-nas/,true,true,internal,pass,
/ograzhdeniya-i-zabory/ograzhdeniya-kontejnernyh-ploshchadok/konteynernaya-ploshchadka-modul/,/kontakty/,/kontakty/,true,true,internal,pass,
/ograzhdeniya-i-zabory/ograzhdeniya-kontejnernyh-ploshchadok/konteynernaya-ploshchadka-modul/,/vakansii/,/vakansii/,true,true,internal,pass,
/ograzhdeniya-i-zabory/ograzhdeniya-kontejnernyh-ploshchadok/konteynernaya-ploshchadka-modul/,#contact,/ograzhdeniya-i-zabory/ograzhdeniya-kontejnernyh-ploshchadok/konteynernaya-ploshchadka-modul/,true,true,anchor,pass,
/ograzhdeniya-i-zabory/ograzhdeniya-kontejnernyh-ploshchadok/konteynernaya-ploshchadka-modul/,tel:+79129735006,,true,true,tel,pass,
/ograzhdeniya-i-zabory/ograzhdeniya-kontejnernyh-ploshchadok/konteynernaya-ploshchadka-modul/,tel:+79125799665,,true,true,tel,pass,
/ograzhdeniya-i-zabory/ograzhdeniya-kontejnernyh-ploshchadok/konteynernaya-ploshchadka-modul/,https://t.me/smu1build,,true,true,external,pass,
/ograzhdeniya-i-zabory/ograzhdeniya-kontejnernyh-ploshchadok/konteynernaya-ploshchadka-modul/,mailto:smu1.kurgan@yandex.ru,,true,true,mailto,pass,
/ograzhdeniya-i-zabory/ograzhdeniya-kontejnernyh-ploshchadok/konteynernaya-ploshchadka-modul/,/politika-konfidencialnosti/,/politika-konfidencialnosti/,true,true,internal,pass,
/ograzhdeniya-i-zabory/ograzhdeniya-kontejnernyh-ploshchadok/konteynernaya-ploshchadka-modul/,/politika-konfidencialnosti/,/politika-konfidencialnosti/,true,true,internal,pass,
/ograzhdeniya-i-zabory/ograzhdeniya-kontejnernyh-ploshchadok/konteynernaya-ploshchadka-zakrytaya/,#main-content,/ograzhdeniya-i-zabory/ograzhdeniya-kontejnernyh-ploshchadok/konteynernaya-ploshchadka-zakrytaya/,true,true,anchor,pass,
/ograzhdeniya-i-zabory/ograzhdeniya-kontejnernyh-ploshchadok/konteynernaya-ploshchadka-zakrytaya/,/,/,true,true,internal,pass,
/ograzhdeniya-i-zabory/ograzhdeniya-kontejnernyh-ploshchadok/konteynernaya-ploshchadka-zakrytaya/,/ulichnaya-mebel/,/ulichnaya-mebel/,true,true,internal,pass,
/ograzhdeniya-i-zabory/ograzhdeniya-kontejnernyh-ploshchadok/konteynernaya-ploshchadka-zakrytaya/,/ograzhdeniya-i-zabory/,/ograzhdeniya-i-zabory/,true,true,internal,pass,
/ograzhdeniya-i-zabory/ograzhdeniya-kontejnernyh-ploshchadok/konteynernaya-ploshchadka-zakrytaya/,/navesy-i-kozyrki/,/navesy-i-kozyrki/,true,true,internal,pass,
/ograzhdeniya-i-zabory/ograzhdeniya-kontejnernyh-ploshchadok/konteynernaya-ploshchadka-zakrytaya/,/topiarii/,/topiarii/,true,true,internal,pass,
/ograzhdeniya-i-zabory/ograzhdeniya-kontejnernyh-ploshchadok/konteynernaya-ploshchadka-zakrytaya/,/izgotovlenie-na-zakaz/,/izgotovlenie-na-zakaz/,true,true,internal,pass,
/ograzhdeniya-i-zabory/ograzhdeniya-kontejnernyh-ploshchadok/konteynernaya-ploshchadka-zakrytaya/,/metallokonstruktsii-dlya-biznesa/,/metallokonstruktsii-dlya-biznesa/,true,true,internal,pass,
/ograzhdeniya-i-zabory/ograzhdeniya-kontejnernyh-ploshchadok/konteynernaya-ploshchadka-zakrytaya/,/blagoustroystvo-territoriy/,/blagoustroystvo-territoriy/,true,true,internal,pass,
/ograzhdeniya-i-zabory/ograzhdeniya-kontejnernyh-ploshchadok/konteynernaya-ploshchadka-zakrytaya/,/stroitelstvo-i-remonty/,/stroitelstvo-i-remonty/,true,true,internal,pass,
/ograzhdeniya-i-zabory/ograzhdeniya-kontejnernyh-ploshchadok/konteynernaya-ploshchadka-zakrytaya/,/vypolnennye-obekty/,/vypolnennye-obekty/,true,true,internal,pass,
/ograzhdeniya-i-zabory/ograzhdeniya-kontejnernyh-ploshchadok/konteynernaya-ploshchadka-zakrytaya/,/o-nas/,/o-nas/,true,true,internal,pass,
/ograzhdeniya-i-zabory/ograzhdeniya-kontejnernyh-ploshchadok/konteynernaya-ploshchadka-zakrytaya/,/kontakty/,/kontakty/,true,true,internal,pass,
/ograzhdeniya-i-zabory/ograzhdeniya-kontejnernyh-ploshchadok/konteynernaya-ploshchadka-zakrytaya/,/vakansii/,/vakansii/,true,true,internal,pass,
/ograzhdeniya-i-zabory/ograzhdeniya-kontejnernyh-ploshchadok/konteynernaya-ploshchadka-zakrytaya/,tel:+79129735006,,true,true,tel,pass,
/ograzhdeniya-i-zabory/ograzhdeniya-kontejnernyh-ploshchadok/konteynernaya-ploshchadka-zakrytaya/,https://t.me/smu1build,,true,true,external,pass,
/ograzhdeniya-i-zabory/ograzhdeniya-kontejnernyh-ploshchadok/konteynernaya-ploshchadka-zakrytaya/,#contact,/ograzhdeniya-i-zabory/ograzhdeniya-kontejnernyh-ploshchadok/konteynernaya-ploshchadka-zakrytaya/,true,true,anchor,pass,
/ograzhdeniya-i-zabory/ograzhdeniya-kontejnernyh-ploshchadok/konteynernaya-ploshchadka-zakrytaya/,/,/,true,true,internal,pass,
/ograzhdeniya-i-zabory/ograzhdeniya-kontejnernyh-ploshchadok/konteynernaya-ploshchadka-zakrytaya/,#contact,/ograzhdeniya-i-zabory/ograzhdeniya-kontejnernyh-ploshchadok/konteynernaya-ploshchadka-zakrytaya/,true,true,anchor,pass,
/ograzhdeniya-i-zabory/ograzhdeniya-kontejnernyh-ploshchadok/konteynernaya-ploshchadka-zakrytaya/,/ulichnaya-mebel/,/ulichnaya-mebel/,true,true,internal,pass,
/ograzhdeniya-i-zabory/ograzhdeniya-kontejnernyh-ploshchadok/konteynernaya-ploshchadka-zakrytaya/,/ograzhdeniya-i-zabory/,/ograzhdeniya-i-zabory/,true,true,internal,pass,
/ograzhdeniya-i-zabory/ograzhdeniya-kontejnernyh-ploshchadok/konteynernaya-ploshchadka-zakrytaya/,/navesy-i-kozyrki/,/navesy-i-kozyrki/,true,true,internal,pass,
/ograzhdeniya-i-zabory/ograzhdeniya-kontejnernyh-ploshchadok/konteynernaya-ploshchadka-zakrytaya/,/topiarii/,/topiarii/,true,true,internal,pass,
/ograzhdeniya-i-zabory/ograzhdeniya-kontejnernyh-ploshchadok/konteynernaya-ploshchadka-zakrytaya/,/metallokonstruktsii-dlya-biznesa/,/metallokonstruktsii-dlya-biznesa/,true,true,internal,pass,
/ograzhdeniya-i-zabory/ograzhdeniya-kontejnernyh-ploshchadok/konteynernaya-ploshchadka-zakrytaya/,/blagoustroystvo-territoriy/,/blagoustroystvo-territoriy/,true,true,internal,pass,
/ograzhdeniya-i-zabory/ograzhdeniya-kontejnernyh-ploshchadok/konteynernaya-ploshchadka-zakrytaya/,/stroitelstvo-i-remonty/,/stroitelstvo-i-remonty/,true,true,internal,pass,
/ograzhdeniya-i-zabory/ograzhdeniya-kontejnernyh-ploshchadok/konteynernaya-ploshchadka-zakrytaya/,/izgotovlenie-na-zakaz/,/izgotovlenie-na-zakaz/,true,true,internal,pass,
/ograzhdeniya-i-zabory/ograzhdeniya-kontejnernyh-ploshchadok/konteynernaya-ploshchadka-zakrytaya/,/vypolnennye-obekty/,/vypolnennye-obekty/,true,true,internal,pass,
/ograzhdeniya-i-zabory/ograzhdeniya-kontejnernyh-ploshchadok/konteynernaya-ploshchadka-zakrytaya/,/o-nas/,/o-nas/,true,true,internal,pass,
/ograzhdeniya-i-zabory/ograzhdeniya-kontejnernyh-ploshchadok/konteynernaya-ploshchadka-zakrytaya/,/kontakty/,/kontakty/,true,true,internal,pass,
/ograzhdeniya-i-zabory/ograzhdeniya-kontejnernyh-ploshchadok/konteynernaya-ploshchadka-zakrytaya/,/vakansii/,/vakansii/,true,true,internal,pass,
/ograzhdeniya-i-zabory/ograzhdeniya-kontejnernyh-ploshchadok/konteynernaya-ploshchadka-zakrytaya/,tel:+79129735006,,true,true,tel,pass,
/ograzhdeniya-i-zabory/ograzhdeniya-kontejnernyh-ploshchadok/konteynernaya-ploshchadka-zakrytaya/,tel:+79125799665,,true,true,tel,pass,
/ograzhdeniya-i-zabory/ograzhdeniya-kontejnernyh-ploshchadok/konteynernaya-ploshchadka-zakrytaya/,https://t.me/smu1build,,true,true,external,pass,
/ograzhdeniya-i-zabory/ograzhdeniya-kontejnernyh-ploshchadok/konteynernaya-ploshchadka-zakrytaya/,mailto:smu1.kurgan@yandex.ru,,true,true,mailto,pass,
/ograzhdeniya-i-zabory/ograzhdeniya-kontejnernyh-ploshchadok/konteynernaya-ploshchadka-zakrytaya/,/,/,true,true,internal,pass,
/ograzhdeniya-i-zabory/ograzhdeniya-kontejnernyh-ploshchadok/konteynernaya-ploshchadka-zakrytaya/,/ograzhdeniya-i-zabory/,/ograzhdeniya-i-zabory/,true,true,internal,pass,
/ograzhdeniya-i-zabory/ograzhdeniya-kontejnernyh-ploshchadok/konteynernaya-ploshchadka-zakrytaya/,/ograzhdeniya-i-zabory/ograzhdeniya-kontejnernyh-ploshchadok/,/ograzhdeniya-i-zabory/ograzhdeniya-kontejnernyh-ploshchadok/,true,true,internal,pass,
/ograzhdeniya-i-zabory/ograzhdeniya-kontejnernyh-ploshchadok/konteynernaya-ploshchadka-zakrytaya/,#contact,/ograzhdeniya-i-zabory/ograzhdeniya-kontejnernyh-ploshchadok/konteynernaya-ploshchadka-zakrytaya/,true,true,anchor,pass,
/ograzhdeniya-i-zabory/ograzhdeniya-kontejnernyh-ploshchadok/konteynernaya-ploshchadka-zakrytaya/,https://t.me/smu1build,,true,true,external,pass,
/ograzhdeniya-i-zabory/ograzhdeniya-kontejnernyh-ploshchadok/konteynernaya-ploshchadka-zakrytaya/,#contact,/ograzhdeniya-i-zabory/ograzhdeniya-kontejnernyh-ploshchadok/konteynernaya-ploshchadka-zakrytaya/,true,true,anchor,pass,
/ograzhdeniya-i-zabory/ograzhdeniya-kontejnernyh-ploshchadok/konteynernaya-ploshchadka-zakrytaya/,/ograzhdeniya-i-zabory/ograzhdeniya-kontejnernyh-ploshchadok/,/ograzhdeniya-i-zabory/ograzhdeniya-kontejnernyh-ploshchadok/,true,true,internal,pass,
/ograzhdeniya-i-zabory/ograzhdeniya-kontejnernyh-ploshchadok/konteynernaya-ploshchadka-zakrytaya/,/ograzhdeniya-i-zabory/ograzhdeniya-kontejnernyh-ploshchadok/konteynernaya-ploshchadka-modul/,/ograzhdeniya-i-zabory/ograzhdeniya-kontejnernyh-ploshchadok/konteynernaya-ploshchadka-modul/,true,true,internal,pass,
/ograzhdeniya-i-zabory/ograzhdeniya-kontejnernyh-ploshchadok/konteynernaya-ploshchadka-zakrytaya/,/ograzhdeniya-i-zabory/ograzhdeniya-kontejnernyh-ploshchadok/konteynernaya-ploshchadka-duo/,/ograzhdeniya-i-zabory/ograzhdeniya-kontejnernyh-ploshchadok/konteynernaya-ploshchadka-duo/,true,true,internal,pass,
/ograzhdeniya-i-zabory/ograzhdeniya-kontejnernyh-ploshchadok/konteynernaya-ploshchadka-zakrytaya/,https://t.me/smu1build,,true,true,external,pass,
/ograzhdeniya-i-zabory/ograzhdeniya-kontejnernyh-ploshchadok/konteynernaya-ploshchadka-zakrytaya/,/izgotovlenie-na-zakaz/,/izgotovlenie-na-zakaz/,true,true,internal,pass,
/ograzhdeniya-i-zabory/ograzhdeniya-kontejnernyh-ploshchadok/konteynernaya-ploshchadka-zakrytaya/,tel:+79129735006,,true,true,tel,pass,
/ograzhdeniya-i-zabory/ograzhdeniya-kontejnernyh-ploshchadok/konteynernaya-ploshchadka-zakrytaya/,https://t.me/smu1build,,true,true,external,pass,
/ograzhdeniya-i-zabory/ograzhdeniya-kontejnernyh-ploshchadok/konteynernaya-ploshchadka-zakrytaya/,mailto:smu1.kurgan@yandex.ru,,true,true,mailto,pass,
/ograzhdeniya-i-zabory/ograzhdeniya-kontejnernyh-ploshchadok/konteynernaya-ploshchadka-zakrytaya/,/kontakty/,/kontakty/,true,true,internal,pass,
/ograzhdeniya-i-zabory/ograzhdeniya-kontejnernyh-ploshchadok/konteynernaya-ploshchadka-zakrytaya/,/,/,true,true,internal,pass,
/ograzhdeniya-i-zabory/ograzhdeniya-kontejnernyh-ploshchadok/konteynernaya-ploshchadka-zakrytaya/,/ulichnaya-mebel/,/ulichnaya-mebel/,true,true,internal,pass,
/ograzhdeniya-i-zabory/ograzhdeniya-kontejnernyh-ploshchadok/konteynernaya-ploshchadka-zakrytaya/,/ograzhdeniya-i-zabory/,/ograzhdeniya-i-zabory/,true,true,internal,pass,
/ograzhdeniya-i-zabory/ograzhdeniya-kontejnernyh-ploshchadok/konteynernaya-ploshchadka-zakrytaya/,/navesy-i-kozyrki/,/navesy-i-kozyrki/,true,true,internal,pass,
/ograzhdeniya-i-zabory/ograzhdeniya-kontejnernyh-ploshchadok/konteynernaya-ploshchadka-zakrytaya/,/metallokonstruktsii-dlya-biznesa/,/metallokonstruktsii-dlya-biznesa/,true,true,internal,pass,
/ograzhdeniya-i-zabory/ograzhdeniya-kontejnernyh-ploshchadok/konteynernaya-ploshchadka-zakrytaya/,/topiarii/,/topiarii/,true,true,internal,pass,
/ograzhdeniya-i-zabory/ograzhdeniya-kontejnernyh-ploshchadok/konteynernaya-ploshchadka-zakrytaya/,/blagoustroystvo-territoriy/,/blagoustroystvo-territoriy/,true,true,internal,pass,
/ograzhdeniya-i-zabory/ograzhdeniya-kontejnernyh-ploshchadok/konteynernaya-ploshchadka-zakrytaya/,/stroitelstvo-i-remonty/,/stroitelstvo-i-remonty/,true,true,internal,pass,
/ograzhdeniya-i-zabory/ograzhdeniya-kontejnernyh-ploshchadok/konteynernaya-ploshchadka-zakrytaya/,/ulichnaya-mebel/,/ulichnaya-mebel/,true,true,internal,pass,
/ograzhdeniya-i-zabory/ograzhdeniya-kontejnernyh-ploshchadok/konteynernaya-ploshchadka-zakrytaya/,/ograzhdeniya-i-zabory/,/ograzhdeniya-i-zabory/,true,true,internal,pass,
/ograzhdeniya-i-zabory/ograzhdeniya-kontejnernyh-ploshchadok/konteynernaya-ploshchadka-zakrytaya/,/navesy-i-kozyrki/,/navesy-i-kozyrki/,true,true,internal,pass,
/ograzhdeniya-i-zabory/ograzhdeniya-kontejnernyh-ploshchadok/konteynernaya-ploshchadka-zakrytaya/,/metallokonstruktsii-dlya-biznesa/,/metallokonstruktsii-dlya-biznesa/,true,true,internal,pass,
/ograzhdeniya-i-zabory/ograzhdeniya-kontejnernyh-ploshchadok/konteynernaya-ploshchadka-zakrytaya/,/topiarii/,/topiarii/,true,true,internal,pass,
/ograzhdeniya-i-zabory/ograzhdeniya-kontejnernyh-ploshchadok/konteynernaya-ploshchadka-zakrytaya/,/blagoustroystvo-territoriy/,/blagoustroystvo-territoriy/,true,true,internal,pass,
/ograzhdeniya-i-zabory/ograzhdeniya-kontejnernyh-ploshchadok/konteynernaya-ploshchadka-zakrytaya/,/stroitelstvo-i-remonty/,/stroitelstvo-i-remonty/,true,true,internal,pass,
/ograzhdeniya-i-zabory/ograzhdeniya-kontejnernyh-ploshchadok/konteynernaya-ploshchadka-zakrytaya/,/izgotovlenie-na-zakaz/,/izgotovlenie-na-zakaz/,true,true,internal,pass,
/ograzhdeniya-i-zabory/ograzhdeniya-kontejnernyh-ploshchadok/konteynernaya-ploshchadka-zakrytaya/,/vypolnennye-obekty/,/vypolnennye-obekty/,true,true,internal,pass,
/ograzhdeniya-i-zabory/ograzhdeniya-kontejnernyh-ploshchadok/konteynernaya-ploshchadka-zakrytaya/,/o-nas/,/o-nas/,true,true,internal,pass,
/ograzhdeniya-i-zabory/ograzhdeniya-kontejnernyh-ploshchadok/konteynernaya-ploshchadka-zakrytaya/,/kontakty/,/kontakty/,true,true,internal,pass,
/ograzhdeniya-i-zabory/ograzhdeniya-kontejnernyh-ploshchadok/konteynernaya-ploshchadka-zakrytaya/,/vakansii/,/vakansii/,true,true,internal,pass,
/ograzhdeniya-i-zabory/ograzhdeniya-kontejnernyh-ploshchadok/konteynernaya-ploshchadka-zakrytaya/,/izgotovlenie-na-zakaz/,/izgotovlenie-na-zakaz/,true,true,internal,pass,
/ograzhdeniya-i-zabory/ograzhdeniya-kontejnernyh-ploshchadok/konteynernaya-ploshchadka-zakrytaya/,/vypolnennye-obekty/,/vypolnennye-obekty/,true,true,internal,pass,
/ograzhdeniya-i-zabory/ograzhdeniya-kontejnernyh-ploshchadok/konteynernaya-ploshchadka-zakrytaya/,/o-nas/,/o-nas/,true,true,internal,pass,
/ograzhdeniya-i-zabory/ograzhdeniya-kontejnernyh-ploshchadok/konteynernaya-ploshchadka-zakrytaya/,/kontakty/,/kontakty/,true,true,internal,pass,
/ograzhdeniya-i-zabory/ograzhdeniya-kontejnernyh-ploshchadok/konteynernaya-ploshchadka-zakrytaya/,/vakansii/,/vakansii/,true,true,internal,pass,
/ograzhdeniya-i-zabory/ograzhdeniya-kontejnernyh-ploshchadok/konteynernaya-ploshchadka-zakrytaya/,#contact,/ograzhdeniya-i-zabory/ograzhdeniya-kontejnernyh-ploshchadok/konteynernaya-ploshchadka-zakrytaya/,true,true,anchor,pass,
/ograzhdeniya-i-zabory/ograzhdeniya-kontejnernyh-ploshchadok/konteynernaya-ploshchadka-zakrytaya/,tel:+79129735006,,true,true,tel,pass,
/ograzhdeniya-i-zabory/ograzhdeniya-kontejnernyh-ploshchadok/konteynernaya-ploshchadka-zakrytaya/,tel:+79125799665,,true,true,tel,pass,
/ograzhdeniya-i-zabory/ograzhdeniya-kontejnernyh-ploshchadok/konteynernaya-ploshchadka-zakrytaya/,https://t.me/smu1build,,true,true,external,pass,
/ograzhdeniya-i-zabory/ograzhdeniya-kontejnernyh-ploshchadok/konteynernaya-ploshchadka-zakrytaya/,mailto:smu1.kurgan@yandex.ru,,true,true,mailto,pass,
/ograzhdeniya-i-zabory/ograzhdeniya-kontejnernyh-ploshchadok/konteynernaya-ploshchadka-zakrytaya/,/politika-konfidencialnosti/,/politika-konfidencialnosti/,true,true,internal,pass,
/ograzhdeniya-i-zabory/ograzhdeniya-kontejnernyh-ploshchadok/konteynernaya-ploshchadka-zakrytaya/,/politika-konfidencialnosti/,/politika-konfidencialnosti/,true,true,internal,pass,
/ulichnaya-mebel/navesy/naves-galereya/,#main-content,/ulichnaya-mebel/navesy/naves-galereya/,true,true,anchor,pass,
/ulichnaya-mebel/navesy/naves-galereya/,/,/,true,true,internal,pass,
/ulichnaya-mebel/navesy/naves-galereya/,/ulichnaya-mebel/,/ulichnaya-mebel/,true,true,internal,pass,
/ulichnaya-mebel/navesy/naves-galereya/,/ograzhdeniya-i-zabory/,/ograzhdeniya-i-zabory/,true,true,internal,pass,
/ulichnaya-mebel/navesy/naves-galereya/,/navesy-i-kozyrki/,/navesy-i-kozyrki/,true,true,internal,pass,
/ulichnaya-mebel/navesy/naves-galereya/,/topiarii/,/topiarii/,true,true,internal,pass,
/ulichnaya-mebel/navesy/naves-galereya/,/izgotovlenie-na-zakaz/,/izgotovlenie-na-zakaz/,true,true,internal,pass,
/ulichnaya-mebel/navesy/naves-galereya/,/metallokonstruktsii-dlya-biznesa/,/metallokonstruktsii-dlya-biznesa/,true,true,internal,pass,
/ulichnaya-mebel/navesy/naves-galereya/,/blagoustroystvo-territoriy/,/blagoustroystvo-territoriy/,true,true,internal,pass,
/ulichnaya-mebel/navesy/naves-galereya/,/stroitelstvo-i-remonty/,/stroitelstvo-i-remonty/,true,true,internal,pass,
/ulichnaya-mebel/navesy/naves-galereya/,/vypolnennye-obekty/,/vypolnennye-obekty/,true,true,internal,pass,
/ulichnaya-mebel/navesy/naves-galereya/,/o-nas/,/o-nas/,true,true,internal,pass,
/ulichnaya-mebel/navesy/naves-galereya/,/kontakty/,/kontakty/,true,true,internal,pass,
/ulichnaya-mebel/navesy/naves-galereya/,/vakansii/,/vakansii/,true,true,internal,pass,
/ulichnaya-mebel/navesy/naves-galereya/,tel:+79129735006,,true,true,tel,pass,
/ulichnaya-mebel/navesy/naves-galereya/,https://t.me/smu1build,,true,true,external,pass,
/ulichnaya-mebel/navesy/naves-galereya/,#contact,/ulichnaya-mebel/navesy/naves-galereya/,true,true,anchor,pass,
/ulichnaya-mebel/navesy/naves-galereya/,/,/,true,true,internal,pass,
/ulichnaya-mebel/navesy/naves-galereya/,#contact,/ulichnaya-mebel/navesy/naves-galereya/,true,true,anchor,pass,
/ulichnaya-mebel/navesy/naves-galereya/,/ulichnaya-mebel/,/ulichnaya-mebel/,true,true,internal,pass,
/ulichnaya-mebel/navesy/naves-galereya/,/ograzhdeniya-i-zabory/,/ograzhdeniya-i-zabory/,true,true,internal,pass,
/ulichnaya-mebel/navesy/naves-galereya/,/navesy-i-kozyrki/,/navesy-i-kozyrki/,true,true,internal,pass,
/ulichnaya-mebel/navesy/naves-galereya/,/topiarii/,/topiarii/,true,true,internal,pass,
/ulichnaya-mebel/navesy/naves-galereya/,/metallokonstruktsii-dlya-biznesa/,/metallokonstruktsii-dlya-biznesa/,true,true,internal,pass,
/ulichnaya-mebel/navesy/naves-galereya/,/blagoustroystvo-territoriy/,/blagoustroystvo-territoriy/,true,true,internal,pass,
/ulichnaya-mebel/navesy/naves-galereya/,/stroitelstvo-i-remonty/,/stroitelstvo-i-remonty/,true,true,internal,pass,
/ulichnaya-mebel/navesy/naves-galereya/,/izgotovlenie-na-zakaz/,/izgotovlenie-na-zakaz/,true,true,internal,pass,
/ulichnaya-mebel/navesy/naves-galereya/,/vypolnennye-obekty/,/vypolnennye-obekty/,true,true,internal,pass,
/ulichnaya-mebel/navesy/naves-galereya/,/o-nas/,/o-nas/,true,true,internal,pass,
/ulichnaya-mebel/navesy/naves-galereya/,/kontakty/,/kontakty/,true,true,internal,pass,
/ulichnaya-mebel/navesy/naves-galereya/,/vakansii/,/vakansii/,true,true,internal,pass,
/ulichnaya-mebel/navesy/naves-galereya/,tel:+79129735006,,true,true,tel,pass,
/ulichnaya-mebel/navesy/naves-galereya/,tel:+79125799665,,true,true,tel,pass,
/ulichnaya-mebel/navesy/naves-galereya/,https://t.me/smu1build,,true,true,external,pass,
/ulichnaya-mebel/navesy/naves-galereya/,mailto:smu1.kurgan@yandex.ru,,true,true,mailto,pass,
/ulichnaya-mebel/navesy/naves-galereya/,/,/,true,true,internal,pass,
/ulichnaya-mebel/navesy/naves-galereya/,/ulichnaya-mebel/,/ulichnaya-mebel/,true,true,internal,pass,
/ulichnaya-mebel/navesy/naves-galereya/,/ulichnaya-mebel/navesy/,/ulichnaya-mebel/navesy/,true,true,internal,pass,
/ulichnaya-mebel/navesy/naves-galereya/,#contact,/ulichnaya-mebel/navesy/naves-galereya/,true,true,anchor,pass,
/ulichnaya-mebel/navesy/naves-galereya/,https://t.me/smu1build,,true,true,external,pass,
/ulichnaya-mebel/navesy/naves-galereya/,#contact,/ulichnaya-mebel/navesy/naves-galereya/,true,true,anchor,pass,
/ulichnaya-mebel/navesy/naves-galereya/,/ulichnaya-mebel/navesy/,/ulichnaya-mebel/navesy/,true,true,internal,pass,
/ulichnaya-mebel/navesy/naves-galereya/,/ulichnaya-mebel/navesy/ekran-s-navesom/,/ulichnaya-mebel/navesy/ekran-s-navesom/,true,true,internal,pass,
/ulichnaya-mebel/navesy/naves-galereya/,/ulichnaya-mebel/navesy/naves-terra/,/ulichnaya-mebel/navesy/naves-terra/,true,true,internal,pass,
/ulichnaya-mebel/navesy/naves-galereya/,https://t.me/smu1build,,true,true,external,pass,
/ulichnaya-mebel/navesy/naves-galereya/,/izgotovlenie-na-zakaz/,/izgotovlenie-na-zakaz/,true,true,internal,pass,
/ulichnaya-mebel/navesy/naves-galereya/,tel:+79129735006,,true,true,tel,pass,
/ulichnaya-mebel/navesy/naves-galereya/,https://t.me/smu1build,,true,true,external,pass,
/ulichnaya-mebel/navesy/naves-galereya/,mailto:smu1.kurgan@yandex.ru,,true,true,mailto,pass,
/ulichnaya-mebel/navesy/naves-galereya/,/kontakty/,/kontakty/,true,true,internal,pass,
/ulichnaya-mebel/navesy/naves-galereya/,/,/,true,true,internal,pass,
/ulichnaya-mebel/navesy/naves-galereya/,/ulichnaya-mebel/,/ulichnaya-mebel/,true,true,internal,pass,
/ulichnaya-mebel/navesy/naves-galereya/,/ograzhdeniya-i-zabory/,/ograzhdeniya-i-zabory/,true,true,internal,pass,
/ulichnaya-mebel/navesy/naves-galereya/,/navesy-i-kozyrki/,/navesy-i-kozyrki/,true,true,internal,pass,
/ulichnaya-mebel/navesy/naves-galereya/,/metallokonstruktsii-dlya-biznesa/,/metallokonstruktsii-dlya-biznesa/,true,true,internal,pass,
/ulichnaya-mebel/navesy/naves-galereya/,/topiarii/,/topiarii/,true,true,internal,pass,
/ulichnaya-mebel/navesy/naves-galereya/,/blagoustroystvo-territoriy/,/blagoustroystvo-territoriy/,true,true,internal,pass,
/ulichnaya-mebel/navesy/naves-galereya/,/stroitelstvo-i-remonty/,/stroitelstvo-i-remonty/,true,true,internal,pass,
/ulichnaya-mebel/navesy/naves-galereya/,/ulichnaya-mebel/,/ulichnaya-mebel/,true,true,internal,pass,
/ulichnaya-mebel/navesy/naves-galereya/,/ograzhdeniya-i-zabory/,/ograzhdeniya-i-zabory/,true,true,internal,pass,
/ulichnaya-mebel/navesy/naves-galereya/,/navesy-i-kozyrki/,/navesy-i-kozyrki/,true,true,internal,pass,
/ulichnaya-mebel/navesy/naves-galereya/,/metallokonstruktsii-dlya-biznesa/,/metallokonstruktsii-dlya-biznesa/,true,true,internal,pass,
/ulichnaya-mebel/navesy/naves-galereya/,/topiarii/,/topiarii/,true,true,internal,pass,
/ulichnaya-mebel/navesy/naves-galereya/,/blagoustroystvo-territoriy/,/blagoustroystvo-territoriy/,true,true,internal,pass,
/ulichnaya-mebel/navesy/naves-galereya/,/stroitelstvo-i-remonty/,/stroitelstvo-i-remonty/,true,true,internal,pass,
/ulichnaya-mebel/navesy/naves-galereya/,/izgotovlenie-na-zakaz/,/izgotovlenie-na-zakaz/,true,true,internal,pass,
/ulichnaya-mebel/navesy/naves-galereya/,/vypolnennye-obekty/,/vypolnennye-obekty/,true,true,internal,pass,
/ulichnaya-mebel/navesy/naves-galereya/,/o-nas/,/o-nas/,true,true,internal,pass,
/ulichnaya-mebel/navesy/naves-galereya/,/kontakty/,/kontakty/,true,true,internal,pass,
/ulichnaya-mebel/navesy/naves-galereya/,/vakansii/,/vakansii/,true,true,internal,pass,
/ulichnaya-mebel/navesy/naves-galereya/,/izgotovlenie-na-zakaz/,/izgotovlenie-na-zakaz/,true,true,internal,pass,
/ulichnaya-mebel/navesy/naves-galereya/,/vypolnennye-obekty/,/vypolnennye-obekty/,true,true,internal,pass,
/ulichnaya-mebel/navesy/naves-galereya/,/o-nas/,/o-nas/,true,true,internal,pass,
/ulichnaya-mebel/navesy/naves-galereya/,/kontakty/,/kontakty/,true,true,internal,pass,
/ulichnaya-mebel/navesy/naves-galereya/,/vakansii/,/vakansii/,true,true,internal,pass,
/ulichnaya-mebel/navesy/naves-galereya/,#contact,/ulichnaya-mebel/navesy/naves-galereya/,true,true,anchor,pass,
/ulichnaya-mebel/navesy/naves-galereya/,tel:+79129735006,,true,true,tel,pass,
/ulichnaya-mebel/navesy/naves-galereya/,tel:+79125799665,,true,true,tel,pass,
/ulichnaya-mebel/navesy/naves-galereya/,https://t.me/smu1build,,true,true,external,pass,
/ulichnaya-mebel/navesy/naves-galereya/,mailto:smu1.kurgan@yandex.ru,,true,true,mailto,pass,
/ulichnaya-mebel/navesy/naves-galereya/,/politika-konfidencialnosti/,/politika-konfidencialnosti/,true,true,internal,pass,
/ulichnaya-mebel/navesy/naves-galereya/,/politika-konfidencialnosti/,/politika-konfidencialnosti/,true,true,internal,pass,
/ulichnaya-mebel/navesy/naves-terra/,#main-content,/ulichnaya-mebel/navesy/naves-terra/,true,true,anchor,pass,
/ulichnaya-mebel/navesy/naves-terra/,/,/,true,true,internal,pass,
/ulichnaya-mebel/navesy/naves-terra/,/ulichnaya-mebel/,/ulichnaya-mebel/,true,true,internal,pass,
/ulichnaya-mebel/navesy/naves-terra/,/ograzhdeniya-i-zabory/,/ograzhdeniya-i-zabory/,true,true,internal,pass,
/ulichnaya-mebel/navesy/naves-terra/,/navesy-i-kozyrki/,/navesy-i-kozyrki/,true,true,internal,pass,
/ulichnaya-mebel/navesy/naves-terra/,/topiarii/,/topiarii/,true,true,internal,pass,
/ulichnaya-mebel/navesy/naves-terra/,/izgotovlenie-na-zakaz/,/izgotovlenie-na-zakaz/,true,true,internal,pass,
/ulichnaya-mebel/navesy/naves-terra/,/metallokonstruktsii-dlya-biznesa/,/metallokonstruktsii-dlya-biznesa/,true,true,internal,pass,
/ulichnaya-mebel/navesy/naves-terra/,/blagoustroystvo-territoriy/,/blagoustroystvo-territoriy/,true,true,internal,pass,
/ulichnaya-mebel/navesy/naves-terra/,/stroitelstvo-i-remonty/,/stroitelstvo-i-remonty/,true,true,internal,pass,
/ulichnaya-mebel/navesy/naves-terra/,/vypolnennye-obekty/,/vypolnennye-obekty/,true,true,internal,pass,
/ulichnaya-mebel/navesy/naves-terra/,/o-nas/,/o-nas/,true,true,internal,pass,
/ulichnaya-mebel/navesy/naves-terra/,/kontakty/,/kontakty/,true,true,internal,pass,
/ulichnaya-mebel/navesy/naves-terra/,/vakansii/,/vakansii/,true,true,internal,pass,
/ulichnaya-mebel/navesy/naves-terra/,tel:+79129735006,,true,true,tel,pass,
/ulichnaya-mebel/navesy/naves-terra/,https://t.me/smu1build,,true,true,external,pass,
/ulichnaya-mebel/navesy/naves-terra/,#contact,/ulichnaya-mebel/navesy/naves-terra/,true,true,anchor,pass,
/ulichnaya-mebel/navesy/naves-terra/,/,/,true,true,internal,pass,
/ulichnaya-mebel/navesy/naves-terra/,#contact,/ulichnaya-mebel/navesy/naves-terra/,true,true,anchor,pass,
/ulichnaya-mebel/navesy/naves-terra/,/ulichnaya-mebel/,/ulichnaya-mebel/,true,true,internal,pass,
/ulichnaya-mebel/navesy/naves-terra/,/ograzhdeniya-i-zabory/,/ograzhdeniya-i-zabory/,true,true,internal,pass,
/ulichnaya-mebel/navesy/naves-terra/,/navesy-i-kozyrki/,/navesy-i-kozyrki/,true,true,internal,pass,
/ulichnaya-mebel/navesy/naves-terra/,/topiarii/,/topiarii/,true,true,internal,pass,
/ulichnaya-mebel/navesy/naves-terra/,/metallokonstruktsii-dlya-biznesa/,/metallokonstruktsii-dlya-biznesa/,true,true,internal,pass,
/ulichnaya-mebel/navesy/naves-terra/,/blagoustroystvo-territoriy/,/blagoustroystvo-territoriy/,true,true,internal,pass,
/ulichnaya-mebel/navesy/naves-terra/,/stroitelstvo-i-remonty/,/stroitelstvo-i-remonty/,true,true,internal,pass,
/ulichnaya-mebel/navesy/naves-terra/,/izgotovlenie-na-zakaz/,/izgotovlenie-na-zakaz/,true,true,internal,pass,
/ulichnaya-mebel/navesy/naves-terra/,/vypolnennye-obekty/,/vypolnennye-obekty/,true,true,internal,pass,
/ulichnaya-mebel/navesy/naves-terra/,/o-nas/,/o-nas/,true,true,internal,pass,
/ulichnaya-mebel/navesy/naves-terra/,/kontakty/,/kontakty/,true,true,internal,pass,
/ulichnaya-mebel/navesy/naves-terra/,/vakansii/,/vakansii/,true,true,internal,pass,
/ulichnaya-mebel/navesy/naves-terra/,tel:+79129735006,,true,true,tel,pass,
/ulichnaya-mebel/navesy/naves-terra/,tel:+79125799665,,true,true,tel,pass,
/ulichnaya-mebel/navesy/naves-terra/,https://t.me/smu1build,,true,true,external,pass,
/ulichnaya-mebel/navesy/naves-terra/,mailto:smu1.kurgan@yandex.ru,,true,true,mailto,pass,
/ulichnaya-mebel/navesy/naves-terra/,/,/,true,true,internal,pass,
/ulichnaya-mebel/navesy/naves-terra/,/ulichnaya-mebel/,/ulichnaya-mebel/,true,true,internal,pass,
/ulichnaya-mebel/navesy/naves-terra/,/ulichnaya-mebel/navesy/,/ulichnaya-mebel/navesy/,true,true,internal,pass,
/ulichnaya-mebel/navesy/naves-terra/,#contact,/ulichnaya-mebel/navesy/naves-terra/,true,true,anchor,pass,
/ulichnaya-mebel/navesy/naves-terra/,https://t.me/smu1build,,true,true,external,pass,
/ulichnaya-mebel/navesy/naves-terra/,#contact,/ulichnaya-mebel/navesy/naves-terra/,true,true,anchor,pass,
/ulichnaya-mebel/navesy/naves-terra/,/ulichnaya-mebel/navesy/,/ulichnaya-mebel/navesy/,true,true,internal,pass,
/ulichnaya-mebel/navesy/naves-terra/,/ulichnaya-mebel/navesy/ekran-s-navesom/,/ulichnaya-mebel/navesy/ekran-s-navesom/,true,true,internal,pass,
/ulichnaya-mebel/navesy/naves-terra/,/ulichnaya-mebel/navesy/naves-galereya/,/ulichnaya-mebel/navesy/naves-galereya/,true,true,internal,pass,
/ulichnaya-mebel/navesy/naves-terra/,https://t.me/smu1build,,true,true,external,pass,
/ulichnaya-mebel/navesy/naves-terra/,/izgotovlenie-na-zakaz/,/izgotovlenie-na-zakaz/,true,true,internal,pass,
/ulichnaya-mebel/navesy/naves-terra/,tel:+79129735006,,true,true,tel,pass,
/ulichnaya-mebel/navesy/naves-terra/,https://t.me/smu1build,,true,true,external,pass,
/ulichnaya-mebel/navesy/naves-terra/,mailto:smu1.kurgan@yandex.ru,,true,true,mailto,pass,
/ulichnaya-mebel/navesy/naves-terra/,/kontakty/,/kontakty/,true,true,internal,pass,
/ulichnaya-mebel/navesy/naves-terra/,/,/,true,true,internal,pass,
/ulichnaya-mebel/navesy/naves-terra/,/ulichnaya-mebel/,/ulichnaya-mebel/,true,true,internal,pass,
/ulichnaya-mebel/navesy/naves-terra/,/ograzhdeniya-i-zabory/,/ograzhdeniya-i-zabory/,true,true,internal,pass,
/ulichnaya-mebel/navesy/naves-terra/,/navesy-i-kozyrki/,/navesy-i-kozyrki/,true,true,internal,pass,
/ulichnaya-mebel/navesy/naves-terra/,/metallokonstruktsii-dlya-biznesa/,/metallokonstruktsii-dlya-biznesa/,true,true,internal,pass,
/ulichnaya-mebel/navesy/naves-terra/,/topiarii/,/topiarii/,true,true,internal,pass,
/ulichnaya-mebel/navesy/naves-terra/,/blagoustroystvo-territoriy/,/blagoustroystvo-territoriy/,true,true,internal,pass,
/ulichnaya-mebel/navesy/naves-terra/,/stroitelstvo-i-remonty/,/stroitelstvo-i-remonty/,true,true,internal,pass,
/ulichnaya-mebel/navesy/naves-terra/,/ulichnaya-mebel/,/ulichnaya-mebel/,true,true,internal,pass,
/ulichnaya-mebel/navesy/naves-terra/,/ograzhdeniya-i-zabory/,/ograzhdeniya-i-zabory/,true,true,internal,pass,
/ulichnaya-mebel/navesy/naves-terra/,/navesy-i-kozyrki/,/navesy-i-kozyrki/,true,true,internal,pass,
/ulichnaya-mebel/navesy/naves-terra/,/metallokonstruktsii-dlya-biznesa/,/metallokonstruktsii-dlya-biznesa/,true,true,internal,pass,
/ulichnaya-mebel/navesy/naves-terra/,/topiarii/,/topiarii/,true,true,internal,pass,
/ulichnaya-mebel/navesy/naves-terra/,/blagoustroystvo-territoriy/,/blagoustroystvo-territoriy/,true,true,internal,pass,
/ulichnaya-mebel/navesy/naves-terra/,/stroitelstvo-i-remonty/,/stroitelstvo-i-remonty/,true,true,internal,pass,
/ulichnaya-mebel/navesy/naves-terra/,/izgotovlenie-na-zakaz/,/izgotovlenie-na-zakaz/,true,true,internal,pass,
/ulichnaya-mebel/navesy/naves-terra/,/vypolnennye-obekty/,/vypolnennye-obekty/,true,true,internal,pass,
/ulichnaya-mebel/navesy/naves-terra/,/o-nas/,/o-nas/,true,true,internal,pass,
/ulichnaya-mebel/navesy/naves-terra/,/kontakty/,/kontakty/,true,true,internal,pass,
/ulichnaya-mebel/navesy/naves-terra/,/vakansii/,/vakansii/,true,true,internal,pass,
/ulichnaya-mebel/navesy/naves-terra/,/izgotovlenie-na-zakaz/,/izgotovlenie-na-zakaz/,true,true,internal,pass,
/ulichnaya-mebel/navesy/naves-terra/,/vypolnennye-obekty/,/vypolnennye-obekty/,true,true,internal,pass,
/ulichnaya-mebel/navesy/naves-terra/,/o-nas/,/o-nas/,true,true,internal,pass,
/ulichnaya-mebel/navesy/naves-terra/,/kontakty/,/kontakty/,true,true,internal,pass,
/ulichnaya-mebel/navesy/naves-terra/,/vakansii/,/vakansii/,true,true,internal,pass,
/ulichnaya-mebel/navesy/naves-terra/,#contact,/ulichnaya-mebel/navesy/naves-terra/,true,true,anchor,pass,
/ulichnaya-mebel/navesy/naves-terra/,tel:+79129735006,,true,true,tel,pass,
/ulichnaya-mebel/navesy/naves-terra/,tel:+79125799665,,true,true,tel,pass,
/ulichnaya-mebel/navesy/naves-terra/,https://t.me/smu1build,,true,true,external,pass,
/ulichnaya-mebel/navesy/naves-terra/,mailto:smu1.kurgan@yandex.ru,,true,true,mailto,pass,
/ulichnaya-mebel/navesy/naves-terra/,/politika-konfidencialnosti/,/politika-konfidencialnosti/,true,true,internal,pass,
/ulichnaya-mebel/navesy/naves-terra/,/politika-konfidencialnosti/,/politika-konfidencialnosti/,true,true,internal,pass,
/ulichnaya-mebel/veloparkovki/parkovka-dlya-samokatov-arka/,#main-content,/ulichnaya-mebel/veloparkovki/parkovka-dlya-samokatov-arka/,true,true,anchor,pass,
/ulichnaya-mebel/veloparkovki/parkovka-dlya-samokatov-arka/,/,/,true,true,internal,pass,
/ulichnaya-mebel/veloparkovki/parkovka-dlya-samokatov-arka/,/ulichnaya-mebel/,/ulichnaya-mebel/,true,true,internal,pass,
/ulichnaya-mebel/veloparkovki/parkovka-dlya-samokatov-arka/,/ograzhdeniya-i-zabory/,/ograzhdeniya-i-zabory/,true,true,internal,pass,
/ulichnaya-mebel/veloparkovki/parkovka-dlya-samokatov-arka/,/navesy-i-kozyrki/,/navesy-i-kozyrki/,true,true,internal,pass,
/ulichnaya-mebel/veloparkovki/parkovka-dlya-samokatov-arka/,/topiarii/,/topiarii/,true,true,internal,pass,
/ulichnaya-mebel/veloparkovki/parkovka-dlya-samokatov-arka/,/izgotovlenie-na-zakaz/,/izgotovlenie-na-zakaz/,true,true,internal,pass,
/ulichnaya-mebel/veloparkovki/parkovka-dlya-samokatov-arka/,/metallokonstruktsii-dlya-biznesa/,/metallokonstruktsii-dlya-biznesa/,true,true,internal,pass,
/ulichnaya-mebel/veloparkovki/parkovka-dlya-samokatov-arka/,/blagoustroystvo-territoriy/,/blagoustroystvo-territoriy/,true,true,internal,pass,
/ulichnaya-mebel/veloparkovki/parkovka-dlya-samokatov-arka/,/stroitelstvo-i-remonty/,/stroitelstvo-i-remonty/,true,true,internal,pass,
/ulichnaya-mebel/veloparkovki/parkovka-dlya-samokatov-arka/,/vypolnennye-obekty/,/vypolnennye-obekty/,true,true,internal,pass,
/ulichnaya-mebel/veloparkovki/parkovka-dlya-samokatov-arka/,/o-nas/,/o-nas/,true,true,internal,pass,
/ulichnaya-mebel/veloparkovki/parkovka-dlya-samokatov-arka/,/kontakty/,/kontakty/,true,true,internal,pass,
/ulichnaya-mebel/veloparkovki/parkovka-dlya-samokatov-arka/,/vakansii/,/vakansii/,true,true,internal,pass,
/ulichnaya-mebel/veloparkovki/parkovka-dlya-samokatov-arka/,tel:+79129735006,,true,true,tel,pass,
/ulichnaya-mebel/veloparkovki/parkovka-dlya-samokatov-arka/,https://t.me/smu1build,,true,true,external,pass,
/ulichnaya-mebel/veloparkovki/parkovka-dlya-samokatov-arka/,#contact,/ulichnaya-mebel/veloparkovki/parkovka-dlya-samokatov-arka/,true,true,anchor,pass,
/ulichnaya-mebel/veloparkovki/parkovka-dlya-samokatov-arka/,/,/,true,true,internal,pass,
/ulichnaya-mebel/veloparkovki/parkovka-dlya-samokatov-arka/,#contact,/ulichnaya-mebel/veloparkovki/parkovka-dlya-samokatov-arka/,true,true,anchor,pass,
/ulichnaya-mebel/veloparkovki/parkovka-dlya-samokatov-arka/,/ulichnaya-mebel/,/ulichnaya-mebel/,true,true,internal,pass,
/ulichnaya-mebel/veloparkovki/parkovka-dlya-samokatov-arka/,/ograzhdeniya-i-zabory/,/ograzhdeniya-i-zabory/,true,true,internal,pass,
/ulichnaya-mebel/veloparkovki/parkovka-dlya-samokatov-arka/,/navesy-i-kozyrki/,/navesy-i-kozyrki/,true,true,internal,pass,
/ulichnaya-mebel/veloparkovki/parkovka-dlya-samokatov-arka/,/topiarii/,/topiarii/,true,true,internal,pass,
/ulichnaya-mebel/veloparkovki/parkovka-dlya-samokatov-arka/,/metallokonstruktsii-dlya-biznesa/,/metallokonstruktsii-dlya-biznesa/,true,true,internal,pass,
/ulichnaya-mebel/veloparkovki/parkovka-dlya-samokatov-arka/,/blagoustroystvo-territoriy/,/blagoustroystvo-territoriy/,true,true,internal,pass,
/ulichnaya-mebel/veloparkovki/parkovka-dlya-samokatov-arka/,/stroitelstvo-i-remonty/,/stroitelstvo-i-remonty/,true,true,internal,pass,
/ulichnaya-mebel/veloparkovki/parkovka-dlya-samokatov-arka/,/izgotovlenie-na-zakaz/,/izgotovlenie-na-zakaz/,true,true,internal,pass,
/ulichnaya-mebel/veloparkovki/parkovka-dlya-samokatov-arka/,/vypolnennye-obekty/,/vypolnennye-obekty/,true,true,internal,pass,
/ulichnaya-mebel/veloparkovki/parkovka-dlya-samokatov-arka/,/o-nas/,/o-nas/,true,true,internal,pass,
/ulichnaya-mebel/veloparkovki/parkovka-dlya-samokatov-arka/,/kontakty/,/kontakty/,true,true,internal,pass,
/ulichnaya-mebel/veloparkovki/parkovka-dlya-samokatov-arka/,/vakansii/,/vakansii/,true,true,internal,pass,
/ulichnaya-mebel/veloparkovki/parkovka-dlya-samokatov-arka/,tel:+79129735006,,true,true,tel,pass,
/ulichnaya-mebel/veloparkovki/parkovka-dlya-samokatov-arka/,tel:+79125799665,,true,true,tel,pass,
/ulichnaya-mebel/veloparkovki/parkovka-dlya-samokatov-arka/,https://t.me/smu1build,,true,true,external,pass,
/ulichnaya-mebel/veloparkovki/parkovka-dlya-samokatov-arka/,mailto:smu1.kurgan@yandex.ru,,true,true,mailto,pass,
/ulichnaya-mebel/veloparkovki/parkovka-dlya-samokatov-arka/,/,/,true,true,internal,pass,
/ulichnaya-mebel/veloparkovki/parkovka-dlya-samokatov-arka/,/ulichnaya-mebel/,/ulichnaya-mebel/,true,true,internal,pass,
/ulichnaya-mebel/veloparkovki/parkovka-dlya-samokatov-arka/,/ulichnaya-mebel/veloparkovki/,/ulichnaya-mebel/veloparkovki/,true,true,internal,pass,
/ulichnaya-mebel/veloparkovki/parkovka-dlya-samokatov-arka/,#contact,/ulichnaya-mebel/veloparkovki/parkovka-dlya-samokatov-arka/,true,true,anchor,pass,
/ulichnaya-mebel/veloparkovki/parkovka-dlya-samokatov-arka/,https://t.me/smu1build,,true,true,external,pass,
/ulichnaya-mebel/veloparkovki/parkovka-dlya-samokatov-arka/,#contact,/ulichnaya-mebel/veloparkovki/parkovka-dlya-samokatov-arka/,true,true,anchor,pass,
/ulichnaya-mebel/veloparkovki/parkovka-dlya-samokatov-arka/,/ulichnaya-mebel/veloparkovki/,/ulichnaya-mebel/veloparkovki/,true,true,internal,pass,
/ulichnaya-mebel/veloparkovki/parkovka-dlya-samokatov-arka/,/ulichnaya-mebel/veloparkovki/veloparkovka-marker/,/ulichnaya-mebel/veloparkovki/veloparkovka-marker/,true,true,internal,pass,
/ulichnaya-mebel/veloparkovki/parkovka-dlya-samokatov-arka/,/ulichnaya-mebel/veloparkovki/veloparkovka-pik/,/ulichnaya-mebel/veloparkovki/veloparkovka-pik/,true,true,internal,pass,
/ulichnaya-mebel/veloparkovki/parkovka-dlya-samokatov-arka/,/ulichnaya-mebel/veloparkovki/veloparkovka-duga/,/ulichnaya-mebel/veloparkovki/veloparkovka-duga/,true,true,internal,pass,
/ulichnaya-mebel/veloparkovki/parkovka-dlya-samokatov-arka/,/ulichnaya-mebel/veloparkovki/veloparkovka-pilon/,/ulichnaya-mebel/veloparkovki/veloparkovka-pilon/,true,true,internal,pass,
/ulichnaya-mebel/veloparkovki/parkovka-dlya-samokatov-arka/,https://t.me/smu1build,,true,true,external,pass,
/ulichnaya-mebel/veloparkovki/parkovka-dlya-samokatov-arka/,/izgotovlenie-na-zakaz/,/izgotovlenie-na-zakaz/,true,true,internal,pass,
/ulichnaya-mebel/veloparkovki/parkovka-dlya-samokatov-arka/,tel:+79129735006,,true,true,tel,pass,
/ulichnaya-mebel/veloparkovki/parkovka-dlya-samokatov-arka/,https://t.me/smu1build,,true,true,external,pass,
/ulichnaya-mebel/veloparkovki/parkovka-dlya-samokatov-arka/,mailto:smu1.kurgan@yandex.ru,,true,true,mailto,pass,
/ulichnaya-mebel/veloparkovki/parkovka-dlya-samokatov-arka/,/kontakty/,/kontakty/,true,true,internal,pass,
/ulichnaya-mebel/veloparkovki/parkovka-dlya-samokatov-arka/,/,/,true,true,internal,pass,
/ulichnaya-mebel/veloparkovki/parkovka-dlya-samokatov-arka/,/ulichnaya-mebel/,/ulichnaya-mebel/,true,true,internal,pass,
/ulichnaya-mebel/veloparkovki/parkovka-dlya-samokatov-arka/,/ograzhdeniya-i-zabory/,/ograzhdeniya-i-zabory/,true,true,internal,pass,
/ulichnaya-mebel/veloparkovki/parkovka-dlya-samokatov-arka/,/navesy-i-kozyrki/,/navesy-i-kozyrki/,true,true,internal,pass,
/ulichnaya-mebel/veloparkovki/parkovka-dlya-samokatov-arka/,/metallokonstruktsii-dlya-biznesa/,/metallokonstruktsii-dlya-biznesa/,true,true,internal,pass,
/ulichnaya-mebel/veloparkovki/parkovka-dlya-samokatov-arka/,/topiarii/,/topiarii/,true,true,internal,pass,
/ulichnaya-mebel/veloparkovki/parkovka-dlya-samokatov-arka/,/blagoustroystvo-territoriy/,/blagoustroystvo-territoriy/,true,true,internal,pass,
/ulichnaya-mebel/veloparkovki/parkovka-dlya-samokatov-arka/,/stroitelstvo-i-remonty/,/stroitelstvo-i-remonty/,true,true,internal,pass,
/ulichnaya-mebel/veloparkovki/parkovka-dlya-samokatov-arka/,/ulichnaya-mebel/,/ulichnaya-mebel/,true,true,internal,pass,
/ulichnaya-mebel/veloparkovki/parkovka-dlya-samokatov-arka/,/ograzhdeniya-i-zabory/,/ograzhdeniya-i-zabory/,true,true,internal,pass,
/ulichnaya-mebel/veloparkovki/parkovka-dlya-samokatov-arka/,/navesy-i-kozyrki/,/navesy-i-kozyrki/,true,true,internal,pass,
/ulichnaya-mebel/veloparkovki/parkovka-dlya-samokatov-arka/,/metallokonstruktsii-dlya-biznesa/,/metallokonstruktsii-dlya-biznesa/,true,true,internal,pass,
/ulichnaya-mebel/veloparkovki/parkovka-dlya-samokatov-arka/,/topiarii/,/topiarii/,true,true,internal,pass,
/ulichnaya-mebel/veloparkovki/parkovka-dlya-samokatov-arka/,/blagoustroystvo-territoriy/,/blagoustroystvo-territoriy/,true,true,internal,pass,
/ulichnaya-mebel/veloparkovki/parkovka-dlya-samokatov-arka/,/stroitelstvo-i-remonty/,/stroitelstvo-i-remonty/,true,true,internal,pass,
/ulichnaya-mebel/veloparkovki/parkovka-dlya-samokatov-arka/,/izgotovlenie-na-zakaz/,/izgotovlenie-na-zakaz/,true,true,internal,pass,
/ulichnaya-mebel/veloparkovki/parkovka-dlya-samokatov-arka/,/vypolnennye-obekty/,/vypolnennye-obekty/,true,true,internal,pass,
/ulichnaya-mebel/veloparkovki/parkovka-dlya-samokatov-arka/,/o-nas/,/o-nas/,true,true,internal,pass,
/ulichnaya-mebel/veloparkovki/parkovka-dlya-samokatov-arka/,/kontakty/,/kontakty/,true,true,internal,pass,
/ulichnaya-mebel/veloparkovki/parkovka-dlya-samokatov-arka/,/vakansii/,/vakansii/,true,true,internal,pass,
/ulichnaya-mebel/veloparkovki/parkovka-dlya-samokatov-arka/,/izgotovlenie-na-zakaz/,/izgotovlenie-na-zakaz/,true,true,internal,pass,
/ulichnaya-mebel/veloparkovki/parkovka-dlya-samokatov-arka/,/vypolnennye-obekty/,/vypolnennye-obekty/,true,true,internal,pass,
/ulichnaya-mebel/veloparkovki/parkovka-dlya-samokatov-arka/,/o-nas/,/o-nas/,true,true,internal,pass,
/ulichnaya-mebel/veloparkovki/parkovka-dlya-samokatov-arka/,/kontakty/,/kontakty/,true,true,internal,pass,
/ulichnaya-mebel/veloparkovki/parkovka-dlya-samokatov-arka/,/vakansii/,/vakansii/,true,true,internal,pass,
/ulichnaya-mebel/veloparkovki/parkovka-dlya-samokatov-arka/,#contact,/ulichnaya-mebel/veloparkovki/parkovka-dlya-samokatov-arka/,true,true,anchor,pass,
/ulichnaya-mebel/veloparkovki/parkovka-dlya-samokatov-arka/,tel:+79129735006,,true,true,tel,pass,
/ulichnaya-mebel/veloparkovki/parkovka-dlya-samokatov-arka/,tel:+79125799665,,true,true,tel,pass,
/ulichnaya-mebel/veloparkovki/parkovka-dlya-samokatov-arka/,https://t.me/smu1build,,true,true,external,pass,
/ulichnaya-mebel/veloparkovki/parkovka-dlya-samokatov-arka/,mailto:smu1.kurgan@yandex.ru,,true,true,mailto,pass,
/ulichnaya-mebel/veloparkovki/parkovka-dlya-samokatov-arka/,/politika-konfidencialnosti/,/politika-konfidencialnosti/,true,true,internal,pass,
/ulichnaya-mebel/veloparkovki/parkovka-dlya-samokatov-arka/,/politika-konfidencialnosti/,/politika-konfidencialnosti/,true,true,internal,pass,
/ulichnaya-mebel/besedki-i-pergoly/pergola-lamel/,#main-content,/ulichnaya-mebel/besedki-i-pergoly/pergola-lamel/,true,true,anchor,pass,
/ulichnaya-mebel/besedki-i-pergoly/pergola-lamel/,/,/,true,true,internal,pass,
/ulichnaya-mebel/besedki-i-pergoly/pergola-lamel/,/ulichnaya-mebel/,/ulichnaya-mebel/,true,true,internal,pass,
/ulichnaya-mebel/besedki-i-pergoly/pergola-lamel/,/ograzhdeniya-i-zabory/,/ograzhdeniya-i-zabory/,true,true,internal,pass,
/ulichnaya-mebel/besedki-i-pergoly/pergola-lamel/,/navesy-i-kozyrki/,/navesy-i-kozyrki/,true,true,internal,pass,
/ulichnaya-mebel/besedki-i-pergoly/pergola-lamel/,/topiarii/,/topiarii/,true,true,internal,pass,
/ulichnaya-mebel/besedki-i-pergoly/pergola-lamel/,/izgotovlenie-na-zakaz/,/izgotovlenie-na-zakaz/,true,true,internal,pass,
/ulichnaya-mebel/besedki-i-pergoly/pergola-lamel/,/metallokonstruktsii-dlya-biznesa/,/metallokonstruktsii-dlya-biznesa/,true,true,internal,pass,
/ulichnaya-mebel/besedki-i-pergoly/pergola-lamel/,/blagoustroystvo-territoriy/,/blagoustroystvo-territoriy/,true,true,internal,pass,
/ulichnaya-mebel/besedki-i-pergoly/pergola-lamel/,/stroitelstvo-i-remonty/,/stroitelstvo-i-remonty/,true,true,internal,pass,
/ulichnaya-mebel/besedki-i-pergoly/pergola-lamel/,/vypolnennye-obekty/,/vypolnennye-obekty/,true,true,internal,pass,
/ulichnaya-mebel/besedki-i-pergoly/pergola-lamel/,/o-nas/,/o-nas/,true,true,internal,pass,
/ulichnaya-mebel/besedki-i-pergoly/pergola-lamel/,/kontakty/,/kontakty/,true,true,internal,pass,
/ulichnaya-mebel/besedki-i-pergoly/pergola-lamel/,/vakansii/,/vakansii/,true,true,internal,pass,
/ulichnaya-mebel/besedki-i-pergoly/pergola-lamel/,tel:+79129735006,,true,true,tel,pass,
/ulichnaya-mebel/besedki-i-pergoly/pergola-lamel/,https://t.me/smu1build,,true,true,external,pass,
/ulichnaya-mebel/besedki-i-pergoly/pergola-lamel/,#contact,/ulichnaya-mebel/besedki-i-pergoly/pergola-lamel/,true,true,anchor,pass,
/ulichnaya-mebel/besedki-i-pergoly/pergola-lamel/,/,/,true,true,internal,pass,
/ulichnaya-mebel/besedki-i-pergoly/pergola-lamel/,#contact,/ulichnaya-mebel/besedki-i-pergoly/pergola-lamel/,true,true,anchor,pass,
/ulichnaya-mebel/besedki-i-pergoly/pergola-lamel/,/ulichnaya-mebel/,/ulichnaya-mebel/,true,true,internal,pass,
/ulichnaya-mebel/besedki-i-pergoly/pergola-lamel/,/ograzhdeniya-i-zabory/,/ograzhdeniya-i-zabory/,true,true,internal,pass,
/ulichnaya-mebel/besedki-i-pergoly/pergola-lamel/,/navesy-i-kozyrki/,/navesy-i-kozyrki/,true,true,internal,pass,
/ulichnaya-mebel/besedki-i-pergoly/pergola-lamel/,/topiarii/,/topiarii/,true,true,internal,pass,
/ulichnaya-mebel/besedki-i-pergoly/pergola-lamel/,/metallokonstruktsii-dlya-biznesa/,/metallokonstruktsii-dlya-biznesa/,true,true,internal,pass,
/ulichnaya-mebel/besedki-i-pergoly/pergola-lamel/,/blagoustroystvo-territoriy/,/blagoustroystvo-territoriy/,true,true,internal,pass,
/ulichnaya-mebel/besedki-i-pergoly/pergola-lamel/,/stroitelstvo-i-remonty/,/stroitelstvo-i-remonty/,true,true,internal,pass,
/ulichnaya-mebel/besedki-i-pergoly/pergola-lamel/,/izgotovlenie-na-zakaz/,/izgotovlenie-na-zakaz/,true,true,internal,pass,
/ulichnaya-mebel/besedki-i-pergoly/pergola-lamel/,/vypolnennye-obekty/,/vypolnennye-obekty/,true,true,internal,pass,
/ulichnaya-mebel/besedki-i-pergoly/pergola-lamel/,/o-nas/,/o-nas/,true,true,internal,pass,
/ulichnaya-mebel/besedki-i-pergoly/pergola-lamel/,/kontakty/,/kontakty/,true,true,internal,pass,
/ulichnaya-mebel/besedki-i-pergoly/pergola-lamel/,/vakansii/,/vakansii/,true,true,internal,pass,
/ulichnaya-mebel/besedki-i-pergoly/pergola-lamel/,tel:+79129735006,,true,true,tel,pass,
/ulichnaya-mebel/besedki-i-pergoly/pergola-lamel/,tel:+79125799665,,true,true,tel,pass,
/ulichnaya-mebel/besedki-i-pergoly/pergola-lamel/,https://t.me/smu1build,,true,true,external,pass,
/ulichnaya-mebel/besedki-i-pergoly/pergola-lamel/,mailto:smu1.kurgan@yandex.ru,,true,true,mailto,pass,
/ulichnaya-mebel/besedki-i-pergoly/pergola-lamel/,/,/,true,true,internal,pass,
/ulichnaya-mebel/besedki-i-pergoly/pergola-lamel/,/ulichnaya-mebel/,/ulichnaya-mebel/,true,true,internal,pass,
/ulichnaya-mebel/besedki-i-pergoly/pergola-lamel/,/ulichnaya-mebel/besedki-i-pergoly/,/ulichnaya-mebel/besedki-i-pergoly/,true,true,internal,pass,
/ulichnaya-mebel/besedki-i-pergoly/pergola-lamel/,#contact,/ulichnaya-mebel/besedki-i-pergoly/pergola-lamel/,true,true,anchor,pass,
/ulichnaya-mebel/besedki-i-pergoly/pergola-lamel/,https://t.me/smu1build,,true,true,external,pass,
/ulichnaya-mebel/besedki-i-pergoly/pergola-lamel/,#contact,/ulichnaya-mebel/besedki-i-pergoly/pergola-lamel/,true,true,anchor,pass,
/ulichnaya-mebel/besedki-i-pergoly/pergola-lamel/,/ulichnaya-mebel/besedki-i-pergoly/,/ulichnaya-mebel/besedki-i-pergoly/,true,true,internal,pass,
/ulichnaya-mebel/besedki-i-pergoly/pergola-lamel/,/ulichnaya-mebel/besedki-i-pergoly/pergola-s-lavkoy/,/ulichnaya-mebel/besedki-i-pergoly/pergola-s-lavkoy/,true,true,internal,pass,
/ulichnaya-mebel/besedki-i-pergoly/pergola-lamel/,/ulichnaya-mebel/besedki-i-pergoly/besedka-kofe/,/ulichnaya-mebel/besedki-i-pergoly/besedka-kofe/,true,true,internal,pass,
/ulichnaya-mebel/besedki-i-pergoly/pergola-lamel/,/ulichnaya-mebel/besedki-i-pergoly/besedka-kub/,/ulichnaya-mebel/besedki-i-pergoly/besedka-kub/,true,true,internal,pass,
/ulichnaya-mebel/besedki-i-pergoly/pergola-lamel/,https://t.me/smu1build,,true,true,external,pass,
/ulichnaya-mebel/besedki-i-pergoly/pergola-lamel/,/izgotovlenie-na-zakaz/,/izgotovlenie-na-zakaz/,true,true,internal,pass,
/ulichnaya-mebel/besedki-i-pergoly/pergola-lamel/,tel:+79129735006,,true,true,tel,pass,
/ulichnaya-mebel/besedki-i-pergoly/pergola-lamel/,https://t.me/smu1build,,true,true,external,pass,
/ulichnaya-mebel/besedki-i-pergoly/pergola-lamel/,mailto:smu1.kurgan@yandex.ru,,true,true,mailto,pass,
/ulichnaya-mebel/besedki-i-pergoly/pergola-lamel/,/kontakty/,/kontakty/,true,true,internal,pass,
/ulichnaya-mebel/besedki-i-pergoly/pergola-lamel/,/,/,true,true,internal,pass,
/ulichnaya-mebel/besedki-i-pergoly/pergola-lamel/,/ulichnaya-mebel/,/ulichnaya-mebel/,true,true,internal,pass,
/ulichnaya-mebel/besedki-i-pergoly/pergola-lamel/,/ograzhdeniya-i-zabory/,/ograzhdeniya-i-zabory/,true,true,internal,pass,
/ulichnaya-mebel/besedki-i-pergoly/pergola-lamel/,/navesy-i-kozyrki/,/navesy-i-kozyrki/,true,true,internal,pass,
/ulichnaya-mebel/besedki-i-pergoly/pergola-lamel/,/metallokonstruktsii-dlya-biznesa/,/metallokonstruktsii-dlya-biznesa/,true,true,internal,pass,
/ulichnaya-mebel/besedki-i-pergoly/pergola-lamel/,/topiarii/,/topiarii/,true,true,internal,pass,
/ulichnaya-mebel/besedki-i-pergoly/pergola-lamel/,/blagoustroystvo-territoriy/,/blagoustroystvo-territoriy/,true,true,internal,pass,
/ulichnaya-mebel/besedki-i-pergoly/pergola-lamel/,/stroitelstvo-i-remonty/,/stroitelstvo-i-remonty/,true,true,internal,pass,
/ulichnaya-mebel/besedki-i-pergoly/pergola-lamel/,/ulichnaya-mebel/,/ulichnaya-mebel/,true,true,internal,pass,
/ulichnaya-mebel/besedki-i-pergoly/pergola-lamel/,/ograzhdeniya-i-zabory/,/ograzhdeniya-i-zabory/,true,true,internal,pass,
/ulichnaya-mebel/besedki-i-pergoly/pergola-lamel/,/navesy-i-kozyrki/,/navesy-i-kozyrki/,true,true,internal,pass,
/ulichnaya-mebel/besedki-i-pergoly/pergola-lamel/,/metallokonstruktsii-dlya-biznesa/,/metallokonstruktsii-dlya-biznesa/,true,true,internal,pass,
/ulichnaya-mebel/besedki-i-pergoly/pergola-lamel/,/topiarii/,/topiarii/,true,true,internal,pass,
/ulichnaya-mebel/besedki-i-pergoly/pergola-lamel/,/blagoustroystvo-territoriy/,/blagoustroystvo-territoriy/,true,true,internal,pass,
/ulichnaya-mebel/besedki-i-pergoly/pergola-lamel/,/stroitelstvo-i-remonty/,/stroitelstvo-i-remonty/,true,true,internal,pass,
/ulichnaya-mebel/besedki-i-pergoly/pergola-lamel/,/izgotovlenie-na-zakaz/,/izgotovlenie-na-zakaz/,true,true,internal,pass,
/ulichnaya-mebel/besedki-i-pergoly/pergola-lamel/,/vypolnennye-obekty/,/vypolnennye-obekty/,true,true,internal,pass,
/ulichnaya-mebel/besedki-i-pergoly/pergola-lamel/,/o-nas/,/o-nas/,true,true,internal,pass,
/ulichnaya-mebel/besedki-i-pergoly/pergola-lamel/,/kontakty/,/kontakty/,true,true,internal,pass,
/ulichnaya-mebel/besedki-i-pergoly/pergola-lamel/,/vakansii/,/vakansii/,true,true,internal,pass,
/ulichnaya-mebel/besedki-i-pergoly/pergola-lamel/,/izgotovlenie-na-zakaz/,/izgotovlenie-na-zakaz/,true,true,internal,pass,
/ulichnaya-mebel/besedki-i-pergoly/pergola-lamel/,/vypolnennye-obekty/,/vypolnennye-obekty/,true,true,internal,pass,
/ulichnaya-mebel/besedki-i-pergoly/pergola-lamel/,/o-nas/,/o-nas/,true,true,internal,pass,
/ulichnaya-mebel/besedki-i-pergoly/pergola-lamel/,/kontakty/,/kontakty/,true,true,internal,pass,
/ulichnaya-mebel/besedki-i-pergoly/pergola-lamel/,/vakansii/,/vakansii/,true,true,internal,pass,
/ulichnaya-mebel/besedki-i-pergoly/pergola-lamel/,#contact,/ulichnaya-mebel/besedki-i-pergoly/pergola-lamel/,true,true,anchor,pass,
/ulichnaya-mebel/besedki-i-pergoly/pergola-lamel/,tel:+79129735006,,true,true,tel,pass,
/ulichnaya-mebel/besedki-i-pergoly/pergola-lamel/,tel:+79125799665,,true,true,tel,pass,
/ulichnaya-mebel/besedki-i-pergoly/pergola-lamel/,https://t.me/smu1build,,true,true,external,pass,
/ulichnaya-mebel/besedki-i-pergoly/pergola-lamel/,mailto:smu1.kurgan@yandex.ru,,true,true,mailto,pass,
/ulichnaya-mebel/besedki-i-pergoly/pergola-lamel/,/politika-konfidencialnosti/,/politika-konfidencialnosti/,true,true,internal,pass,
/ulichnaya-mebel/besedki-i-pergoly/pergola-lamel/,/politika-konfidencialnosti/,/politika-konfidencialnosti/,true,true,internal,pass,
/ulichnaya-mebel/besedki-i-pergoly/pergola-s-lavkoy/,#main-content,/ulichnaya-mebel/besedki-i-pergoly/pergola-s-lavkoy/,true,true,anchor,pass,
/ulichnaya-mebel/besedki-i-pergoly/pergola-s-lavkoy/,/,/,true,true,internal,pass,
/ulichnaya-mebel/besedki-i-pergoly/pergola-s-lavkoy/,/ulichnaya-mebel/,/ulichnaya-mebel/,true,true,internal,pass,
/ulichnaya-mebel/besedki-i-pergoly/pergola-s-lavkoy/,/ograzhdeniya-i-zabory/,/ograzhdeniya-i-zabory/,true,true,internal,pass,
/ulichnaya-mebel/besedki-i-pergoly/pergola-s-lavkoy/,/navesy-i-kozyrki/,/navesy-i-kozyrki/,true,true,internal,pass,
/ulichnaya-mebel/besedki-i-pergoly/pergola-s-lavkoy/,/topiarii/,/topiarii/,true,true,internal,pass,
/ulichnaya-mebel/besedki-i-pergoly/pergola-s-lavkoy/,/izgotovlenie-na-zakaz/,/izgotovlenie-na-zakaz/,true,true,internal,pass,
/ulichnaya-mebel/besedki-i-pergoly/pergola-s-lavkoy/,/metallokonstruktsii-dlya-biznesa/,/metallokonstruktsii-dlya-biznesa/,true,true,internal,pass,
/ulichnaya-mebel/besedki-i-pergoly/pergola-s-lavkoy/,/blagoustroystvo-territoriy/,/blagoustroystvo-territoriy/,true,true,internal,pass,
/ulichnaya-mebel/besedki-i-pergoly/pergola-s-lavkoy/,/stroitelstvo-i-remonty/,/stroitelstvo-i-remonty/,true,true,internal,pass,
/ulichnaya-mebel/besedki-i-pergoly/pergola-s-lavkoy/,/vypolnennye-obekty/,/vypolnennye-obekty/,true,true,internal,pass,
/ulichnaya-mebel/besedki-i-pergoly/pergola-s-lavkoy/,/o-nas/,/o-nas/,true,true,internal,pass,
/ulichnaya-mebel/besedki-i-pergoly/pergola-s-lavkoy/,/kontakty/,/kontakty/,true,true,internal,pass,
/ulichnaya-mebel/besedki-i-pergoly/pergola-s-lavkoy/,/vakansii/,/vakansii/,true,true,internal,pass,
/ulichnaya-mebel/besedki-i-pergoly/pergola-s-lavkoy/,tel:+79129735006,,true,true,tel,pass,
/ulichnaya-mebel/besedki-i-pergoly/pergola-s-lavkoy/,https://t.me/smu1build,,true,true,external,pass,
/ulichnaya-mebel/besedki-i-pergoly/pergola-s-lavkoy/,#contact,/ulichnaya-mebel/besedki-i-pergoly/pergola-s-lavkoy/,true,true,anchor,pass,
/ulichnaya-mebel/besedki-i-pergoly/pergola-s-lavkoy/,/,/,true,true,internal,pass,
/ulichnaya-mebel/besedki-i-pergoly/pergola-s-lavkoy/,#contact,/ulichnaya-mebel/besedki-i-pergoly/pergola-s-lavkoy/,true,true,anchor,pass,
/ulichnaya-mebel/besedki-i-pergoly/pergola-s-lavkoy/,/ulichnaya-mebel/,/ulichnaya-mebel/,true,true,internal,pass,
/ulichnaya-mebel/besedki-i-pergoly/pergola-s-lavkoy/,/ograzhdeniya-i-zabory/,/ograzhdeniya-i-zabory/,true,true,internal,pass,
/ulichnaya-mebel/besedki-i-pergoly/pergola-s-lavkoy/,/navesy-i-kozyrki/,/navesy-i-kozyrki/,true,true,internal,pass,
/ulichnaya-mebel/besedki-i-pergoly/pergola-s-lavkoy/,/topiarii/,/topiarii/,true,true,internal,pass,
/ulichnaya-mebel/besedki-i-pergoly/pergola-s-lavkoy/,/metallokonstruktsii-dlya-biznesa/,/metallokonstruktsii-dlya-biznesa/,true,true,internal,pass,
/ulichnaya-mebel/besedki-i-pergoly/pergola-s-lavkoy/,/blagoustroystvo-territoriy/,/blagoustroystvo-territoriy/,true,true,internal,pass,
/ulichnaya-mebel/besedki-i-pergoly/pergola-s-lavkoy/,/stroitelstvo-i-remonty/,/stroitelstvo-i-remonty/,true,true,internal,pass,
/ulichnaya-mebel/besedki-i-pergoly/pergola-s-lavkoy/,/izgotovlenie-na-zakaz/,/izgotovlenie-na-zakaz/,true,true,internal,pass,
/ulichnaya-mebel/besedki-i-pergoly/pergola-s-lavkoy/,/vypolnennye-obekty/,/vypolnennye-obekty/,true,true,internal,pass,
/ulichnaya-mebel/besedki-i-pergoly/pergola-s-lavkoy/,/o-nas/,/o-nas/,true,true,internal,pass,
/ulichnaya-mebel/besedki-i-pergoly/pergola-s-lavkoy/,/kontakty/,/kontakty/,true,true,internal,pass,
/ulichnaya-mebel/besedki-i-pergoly/pergola-s-lavkoy/,/vakansii/,/vakansii/,true,true,internal,pass,
/ulichnaya-mebel/besedki-i-pergoly/pergola-s-lavkoy/,tel:+79129735006,,true,true,tel,pass,
/ulichnaya-mebel/besedki-i-pergoly/pergola-s-lavkoy/,tel:+79125799665,,true,true,tel,pass,
/ulichnaya-mebel/besedki-i-pergoly/pergola-s-lavkoy/,https://t.me/smu1build,,true,true,external,pass,
/ulichnaya-mebel/besedki-i-pergoly/pergola-s-lavkoy/,mailto:smu1.kurgan@yandex.ru,,true,true,mailto,pass,
/ulichnaya-mebel/besedki-i-pergoly/pergola-s-lavkoy/,/,/,true,true,internal,pass,
/ulichnaya-mebel/besedki-i-pergoly/pergola-s-lavkoy/,/ulichnaya-mebel/,/ulichnaya-mebel/,true,true,internal,pass,
/ulichnaya-mebel/besedki-i-pergoly/pergola-s-lavkoy/,/ulichnaya-mebel/besedki-i-pergoly/,/ulichnaya-mebel/besedki-i-pergoly/,true,true,internal,pass,
/ulichnaya-mebel/besedki-i-pergoly/pergola-s-lavkoy/,#contact,/ulichnaya-mebel/besedki-i-pergoly/pergola-s-lavkoy/,true,true,anchor,pass,
/ulichnaya-mebel/besedki-i-pergoly/pergola-s-lavkoy/,https://t.me/smu1build,,true,true,external,pass,
/ulichnaya-mebel/besedki-i-pergoly/pergola-s-lavkoy/,#contact,/ulichnaya-mebel/besedki-i-pergoly/pergola-s-lavkoy/,true,true,anchor,pass,
/ulichnaya-mebel/besedki-i-pergoly/pergola-s-lavkoy/,/ulichnaya-mebel/besedki-i-pergoly/,/ulichnaya-mebel/besedki-i-pergoly/,true,true,internal,pass,
/ulichnaya-mebel/besedki-i-pergoly/pergola-s-lavkoy/,/ulichnaya-mebel/besedki-i-pergoly/pergola-lamel/,/ulichnaya-mebel/besedki-i-pergoly/pergola-lamel/,true,true,internal,pass,
/ulichnaya-mebel/besedki-i-pergoly/pergola-s-lavkoy/,/ulichnaya-mebel/besedki-i-pergoly/besedka-kofe/,/ulichnaya-mebel/besedki-i-pergoly/besedka-kofe/,true,true,internal,pass,
/ulichnaya-mebel/besedki-i-pergoly/pergola-s-lavkoy/,/ulichnaya-mebel/besedki-i-pergoly/besedka-kub/,/ulichnaya-mebel/besedki-i-pergoly/besedka-kub/,true,true,internal,pass,
/ulichnaya-mebel/besedki-i-pergoly/pergola-s-lavkoy/,https://t.me/smu1build,,true,true,external,pass,
/ulichnaya-mebel/besedki-i-pergoly/pergola-s-lavkoy/,/izgotovlenie-na-zakaz/,/izgotovlenie-na-zakaz/,true,true,internal,pass,
/ulichnaya-mebel/besedki-i-pergoly/pergola-s-lavkoy/,tel:+79129735006,,true,true,tel,pass,
/ulichnaya-mebel/besedki-i-pergoly/pergola-s-lavkoy/,https://t.me/smu1build,,true,true,external,pass,
/ulichnaya-mebel/besedki-i-pergoly/pergola-s-lavkoy/,mailto:smu1.kurgan@yandex.ru,,true,true,mailto,pass,
/ulichnaya-mebel/besedki-i-pergoly/pergola-s-lavkoy/,/kontakty/,/kontakty/,true,true,internal,pass,
/ulichnaya-mebel/besedki-i-pergoly/pergola-s-lavkoy/,/,/,true,true,internal,pass,
/ulichnaya-mebel/besedki-i-pergoly/pergola-s-lavkoy/,/ulichnaya-mebel/,/ulichnaya-mebel/,true,true,internal,pass,
/ulichnaya-mebel/besedki-i-pergoly/pergola-s-lavkoy/,/ograzhdeniya-i-zabory/,/ograzhdeniya-i-zabory/,true,true,internal,pass,
/ulichnaya-mebel/besedki-i-pergoly/pergola-s-lavkoy/,/navesy-i-kozyrki/,/navesy-i-kozyrki/,true,true,internal,pass,
/ulichnaya-mebel/besedki-i-pergoly/pergola-s-lavkoy/,/metallokonstruktsii-dlya-biznesa/,/metallokonstruktsii-dlya-biznesa/,true,true,internal,pass,
/ulichnaya-mebel/besedki-i-pergoly/pergola-s-lavkoy/,/topiarii/,/topiarii/,true,true,internal,pass,
/ulichnaya-mebel/besedki-i-pergoly/pergola-s-lavkoy/,/blagoustroystvo-territoriy/,/blagoustroystvo-territoriy/,true,true,internal,pass,
/ulichnaya-mebel/besedki-i-pergoly/pergola-s-lavkoy/,/stroitelstvo-i-remonty/,/stroitelstvo-i-remonty/,true,true,internal,pass,
/ulichnaya-mebel/besedki-i-pergoly/pergola-s-lavkoy/,/ulichnaya-mebel/,/ulichnaya-mebel/,true,true,internal,pass,
/ulichnaya-mebel/besedki-i-pergoly/pergola-s-lavkoy/,/ograzhdeniya-i-zabory/,/ograzhdeniya-i-zabory/,true,true,internal,pass,
/ulichnaya-mebel/besedki-i-pergoly/pergola-s-lavkoy/,/navesy-i-kozyrki/,/navesy-i-kozyrki/,true,true,internal,pass,
/ulichnaya-mebel/besedki-i-pergoly/pergola-s-lavkoy/,/metallokonstruktsii-dlya-biznesa/,/metallokonstruktsii-dlya-biznesa/,true,true,internal,pass,
/ulichnaya-mebel/besedki-i-pergoly/pergola-s-lavkoy/,/topiarii/,/topiarii/,true,true,internal,pass,
/ulichnaya-mebel/besedki-i-pergoly/pergola-s-lavkoy/,/blagoustroystvo-territoriy/,/blagoustroystvo-territoriy/,true,true,internal,pass,
/ulichnaya-mebel/besedki-i-pergoly/pergola-s-lavkoy/,/stroitelstvo-i-remonty/,/stroitelstvo-i-remonty/,true,true,internal,pass,
/ulichnaya-mebel/besedki-i-pergoly/pergola-s-lavkoy/,/izgotovlenie-na-zakaz/,/izgotovlenie-na-zakaz/,true,true,internal,pass,
/ulichnaya-mebel/besedki-i-pergoly/pergola-s-lavkoy/,/vypolnennye-obekty/,/vypolnennye-obekty/,true,true,internal,pass,
/ulichnaya-mebel/besedki-i-pergoly/pergola-s-lavkoy/,/o-nas/,/o-nas/,true,true,internal,pass,
/ulichnaya-mebel/besedki-i-pergoly/pergola-s-lavkoy/,/kontakty/,/kontakty/,true,true,internal,pass,
/ulichnaya-mebel/besedki-i-pergoly/pergola-s-lavkoy/,/vakansii/,/vakansii/,true,true,internal,pass,
/ulichnaya-mebel/besedki-i-pergoly/pergola-s-lavkoy/,/izgotovlenie-na-zakaz/,/izgotovlenie-na-zakaz/,true,true,internal,pass,
/ulichnaya-mebel/besedki-i-pergoly/pergola-s-lavkoy/,/vypolnennye-obekty/,/vypolnennye-obekty/,true,true,internal,pass,
/ulichnaya-mebel/besedki-i-pergoly/pergola-s-lavkoy/,/o-nas/,/o-nas/,true,true,internal,pass,
/ulichnaya-mebel/besedki-i-pergoly/pergola-s-lavkoy/,/kontakty/,/kontakty/,true,true,internal,pass,
/ulichnaya-mebel/besedki-i-pergoly/pergola-s-lavkoy/,/vakansii/,/vakansii/,true,true,internal,pass,
/ulichnaya-mebel/besedki-i-pergoly/pergola-s-lavkoy/,#contact,/ulichnaya-mebel/besedki-i-pergoly/pergola-s-lavkoy/,true,true,anchor,pass,
/ulichnaya-mebel/besedki-i-pergoly/pergola-s-lavkoy/,tel:+79129735006,,true,true,tel,pass,
/ulichnaya-mebel/besedki-i-pergoly/pergola-s-lavkoy/,tel:+79125799665,,true,true,tel,pass,
/ulichnaya-mebel/besedki-i-pergoly/pergola-s-lavkoy/,https://t.me/smu1build,,true,true,external,pass,
/ulichnaya-mebel/besedki-i-pergoly/pergola-s-lavkoy/,mailto:smu1.kurgan@yandex.ru,,true,true,mailto,pass,
/ulichnaya-mebel/besedki-i-pergoly/pergola-s-lavkoy/,/politika-konfidencialnosti/,/politika-konfidencialnosti/,true,true,internal,pass,
/ulichnaya-mebel/besedki-i-pergoly/pergola-s-lavkoy/,/politika-konfidencialnosti/,/politika-konfidencialnosti/,true,true,internal,pass,
/ulichnaya-mebel/shezlongi/shezlong-dyuna/,#main-content,/ulichnaya-mebel/shezlongi/shezlong-dyuna/,true,true,anchor,pass,
/ulichnaya-mebel/shezlongi/shezlong-dyuna/,/,/,true,true,internal,pass,
/ulichnaya-mebel/shezlongi/shezlong-dyuna/,/ulichnaya-mebel/,/ulichnaya-mebel/,true,true,internal,pass,
/ulichnaya-mebel/shezlongi/shezlong-dyuna/,/ograzhdeniya-i-zabory/,/ograzhdeniya-i-zabory/,true,true,internal,pass,
/ulichnaya-mebel/shezlongi/shezlong-dyuna/,/navesy-i-kozyrki/,/navesy-i-kozyrki/,true,true,internal,pass,
/ulichnaya-mebel/shezlongi/shezlong-dyuna/,/topiarii/,/topiarii/,true,true,internal,pass,
/ulichnaya-mebel/shezlongi/shezlong-dyuna/,/izgotovlenie-na-zakaz/,/izgotovlenie-na-zakaz/,true,true,internal,pass,
/ulichnaya-mebel/shezlongi/shezlong-dyuna/,/metallokonstruktsii-dlya-biznesa/,/metallokonstruktsii-dlya-biznesa/,true,true,internal,pass,
/ulichnaya-mebel/shezlongi/shezlong-dyuna/,/blagoustroystvo-territoriy/,/blagoustroystvo-territoriy/,true,true,internal,pass,
/ulichnaya-mebel/shezlongi/shezlong-dyuna/,/stroitelstvo-i-remonty/,/stroitelstvo-i-remonty/,true,true,internal,pass,
/ulichnaya-mebel/shezlongi/shezlong-dyuna/,/vypolnennye-obekty/,/vypolnennye-obekty/,true,true,internal,pass,
/ulichnaya-mebel/shezlongi/shezlong-dyuna/,/o-nas/,/o-nas/,true,true,internal,pass,
/ulichnaya-mebel/shezlongi/shezlong-dyuna/,/kontakty/,/kontakty/,true,true,internal,pass,
/ulichnaya-mebel/shezlongi/shezlong-dyuna/,/vakansii/,/vakansii/,true,true,internal,pass,
/ulichnaya-mebel/shezlongi/shezlong-dyuna/,tel:+79129735006,,true,true,tel,pass,
/ulichnaya-mebel/shezlongi/shezlong-dyuna/,https://t.me/smu1build,,true,true,external,pass,
/ulichnaya-mebel/shezlongi/shezlong-dyuna/,#contact,/ulichnaya-mebel/shezlongi/shezlong-dyuna/,true,true,anchor,pass,
/ulichnaya-mebel/shezlongi/shezlong-dyuna/,/,/,true,true,internal,pass,
/ulichnaya-mebel/shezlongi/shezlong-dyuna/,#contact,/ulichnaya-mebel/shezlongi/shezlong-dyuna/,true,true,anchor,pass,
/ulichnaya-mebel/shezlongi/shezlong-dyuna/,/ulichnaya-mebel/,/ulichnaya-mebel/,true,true,internal,pass,
/ulichnaya-mebel/shezlongi/shezlong-dyuna/,/ograzhdeniya-i-zabory/,/ograzhdeniya-i-zabory/,true,true,internal,pass,
/ulichnaya-mebel/shezlongi/shezlong-dyuna/,/navesy-i-kozyrki/,/navesy-i-kozyrki/,true,true,internal,pass,
/ulichnaya-mebel/shezlongi/shezlong-dyuna/,/topiarii/,/topiarii/,true,true,internal,pass,
/ulichnaya-mebel/shezlongi/shezlong-dyuna/,/metallokonstruktsii-dlya-biznesa/,/metallokonstruktsii-dlya-biznesa/,true,true,internal,pass,
/ulichnaya-mebel/shezlongi/shezlong-dyuna/,/blagoustroystvo-territoriy/,/blagoustroystvo-territoriy/,true,true,internal,pass,
/ulichnaya-mebel/shezlongi/shezlong-dyuna/,/stroitelstvo-i-remonty/,/stroitelstvo-i-remonty/,true,true,internal,pass,
/ulichnaya-mebel/shezlongi/shezlong-dyuna/,/izgotovlenie-na-zakaz/,/izgotovlenie-na-zakaz/,true,true,internal,pass,
/ulichnaya-mebel/shezlongi/shezlong-dyuna/,/vypolnennye-obekty/,/vypolnennye-obekty/,true,true,internal,pass,
/ulichnaya-mebel/shezlongi/shezlong-dyuna/,/o-nas/,/o-nas/,true,true,internal,pass,
/ulichnaya-mebel/shezlongi/shezlong-dyuna/,/kontakty/,/kontakty/,true,true,internal,pass,
/ulichnaya-mebel/shezlongi/shezlong-dyuna/,/vakansii/,/vakansii/,true,true,internal,pass,
/ulichnaya-mebel/shezlongi/shezlong-dyuna/,tel:+79129735006,,true,true,tel,pass,
/ulichnaya-mebel/shezlongi/shezlong-dyuna/,tel:+79125799665,,true,true,tel,pass,
/ulichnaya-mebel/shezlongi/shezlong-dyuna/,https://t.me/smu1build,,true,true,external,pass,
/ulichnaya-mebel/shezlongi/shezlong-dyuna/,mailto:smu1.kurgan@yandex.ru,,true,true,mailto,pass,
/ulichnaya-mebel/shezlongi/shezlong-dyuna/,/,/,true,true,internal,pass,
/ulichnaya-mebel/shezlongi/shezlong-dyuna/,/ulichnaya-mebel/,/ulichnaya-mebel/,true,true,internal,pass,
/ulichnaya-mebel/shezlongi/shezlong-dyuna/,/ulichnaya-mebel/shezlongi/,/ulichnaya-mebel/shezlongi/,true,true,internal,pass,
/ulichnaya-mebel/shezlongi/shezlong-dyuna/,#contact,/ulichnaya-mebel/shezlongi/shezlong-dyuna/,true,true,anchor,pass,
/ulichnaya-mebel/shezlongi/shezlong-dyuna/,https://t.me/smu1build,,true,true,external,pass,
/ulichnaya-mebel/shezlongi/shezlong-dyuna/,#contact,/ulichnaya-mebel/shezlongi/shezlong-dyuna/,true,true,anchor,pass,
/ulichnaya-mebel/shezlongi/shezlong-dyuna/,/ulichnaya-mebel/shezlongi/,/ulichnaya-mebel/shezlongi/,true,true,internal,pass,
/ulichnaya-mebel/shezlongi/shezlong-dyuna/,/ulichnaya-mebel/shezlongi/shezlong-volna/,/ulichnaya-mebel/shezlongi/shezlong-volna/,true,true,internal,pass,
/ulichnaya-mebel/shezlongi/shezlong-dyuna/,/ulichnaya-mebel/shezlongi/shezlong-vitok/,/ulichnaya-mebel/shezlongi/shezlong-vitok/,true,true,internal,pass,
/ulichnaya-mebel/shezlongi/shezlong-dyuna/,/ulichnaya-mebel/shezlongi/shezlong-siluet/,/ulichnaya-mebel/shezlongi/shezlong-siluet/,true,true,internal,pass,
/ulichnaya-mebel/shezlongi/shezlong-dyuna/,https://t.me/smu1build,,true,true,external,pass,
/ulichnaya-mebel/shezlongi/shezlong-dyuna/,/izgotovlenie-na-zakaz/,/izgotovlenie-na-zakaz/,true,true,internal,pass,
/ulichnaya-mebel/shezlongi/shezlong-dyuna/,tel:+79129735006,,true,true,tel,pass,
/ulichnaya-mebel/shezlongi/shezlong-dyuna/,https://t.me/smu1build,,true,true,external,pass,
/ulichnaya-mebel/shezlongi/shezlong-dyuna/,mailto:smu1.kurgan@yandex.ru,,true,true,mailto,pass,
/ulichnaya-mebel/shezlongi/shezlong-dyuna/,/kontakty/,/kontakty/,true,true,internal,pass,
/ulichnaya-mebel/shezlongi/shezlong-dyuna/,/,/,true,true,internal,pass,
/ulichnaya-mebel/shezlongi/shezlong-dyuna/,/ulichnaya-mebel/,/ulichnaya-mebel/,true,true,internal,pass,
/ulichnaya-mebel/shezlongi/shezlong-dyuna/,/ograzhdeniya-i-zabory/,/ograzhdeniya-i-zabory/,true,true,internal,pass,
/ulichnaya-mebel/shezlongi/shezlong-dyuna/,/navesy-i-kozyrki/,/navesy-i-kozyrki/,true,true,internal,pass,
/ulichnaya-mebel/shezlongi/shezlong-dyuna/,/metallokonstruktsii-dlya-biznesa/,/metallokonstruktsii-dlya-biznesa/,true,true,internal,pass,
/ulichnaya-mebel/shezlongi/shezlong-dyuna/,/topiarii/,/topiarii/,true,true,internal,pass,
/ulichnaya-mebel/shezlongi/shezlong-dyuna/,/blagoustroystvo-territoriy/,/blagoustroystvo-territoriy/,true,true,internal,pass,
/ulichnaya-mebel/shezlongi/shezlong-dyuna/,/stroitelstvo-i-remonty/,/stroitelstvo-i-remonty/,true,true,internal,pass,
/ulichnaya-mebel/shezlongi/shezlong-dyuna/,/ulichnaya-mebel/,/ulichnaya-mebel/,true,true,internal,pass,
/ulichnaya-mebel/shezlongi/shezlong-dyuna/,/ograzhdeniya-i-zabory/,/ograzhdeniya-i-zabory/,true,true,internal,pass,
/ulichnaya-mebel/shezlongi/shezlong-dyuna/,/navesy-i-kozyrki/,/navesy-i-kozyrki/,true,true,internal,pass,
/ulichnaya-mebel/shezlongi/shezlong-dyuna/,/metallokonstruktsii-dlya-biznesa/,/metallokonstruktsii-dlya-biznesa/,true,true,internal,pass,
/ulichnaya-mebel/shezlongi/shezlong-dyuna/,/topiarii/,/topiarii/,true,true,internal,pass,
/ulichnaya-mebel/shezlongi/shezlong-dyuna/,/blagoustroystvo-territoriy/,/blagoustroystvo-territoriy/,true,true,internal,pass,
/ulichnaya-mebel/shezlongi/shezlong-dyuna/,/stroitelstvo-i-remonty/,/stroitelstvo-i-remonty/,true,true,internal,pass,
/ulichnaya-mebel/shezlongi/shezlong-dyuna/,/izgotovlenie-na-zakaz/,/izgotovlenie-na-zakaz/,true,true,internal,pass,
/ulichnaya-mebel/shezlongi/shezlong-dyuna/,/vypolnennye-obekty/,/vypolnennye-obekty/,true,true,internal,pass,
/ulichnaya-mebel/shezlongi/shezlong-dyuna/,/o-nas/,/o-nas/,true,true,internal,pass,
/ulichnaya-mebel/shezlongi/shezlong-dyuna/,/kontakty/,/kontakty/,true,true,internal,pass,
/ulichnaya-mebel/shezlongi/shezlong-dyuna/,/vakansii/,/vakansii/,true,true,internal,pass,
/ulichnaya-mebel/shezlongi/shezlong-dyuna/,/izgotovlenie-na-zakaz/,/izgotovlenie-na-zakaz/,true,true,internal,pass,
/ulichnaya-mebel/shezlongi/shezlong-dyuna/,/vypolnennye-obekty/,/vypolnennye-obekty/,true,true,internal,pass,
/ulichnaya-mebel/shezlongi/shezlong-dyuna/,/o-nas/,/o-nas/,true,true,internal,pass,
/ulichnaya-mebel/shezlongi/shezlong-dyuna/,/kontakty/,/kontakty/,true,true,internal,pass,
/ulichnaya-mebel/shezlongi/shezlong-dyuna/,/vakansii/,/vakansii/,true,true,internal,pass,
/ulichnaya-mebel/shezlongi/shezlong-dyuna/,#contact,/ulichnaya-mebel/shezlongi/shezlong-dyuna/,true,true,anchor,pass,
/ulichnaya-mebel/shezlongi/shezlong-dyuna/,tel:+79129735006,,true,true,tel,pass,
/ulichnaya-mebel/shezlongi/shezlong-dyuna/,tel:+79125799665,,true,true,tel,pass,
/ulichnaya-mebel/shezlongi/shezlong-dyuna/,https://t.me/smu1build,,true,true,external,pass,
/ulichnaya-mebel/shezlongi/shezlong-dyuna/,mailto:smu1.kurgan@yandex.ru,,true,true,mailto,pass,
/ulichnaya-mebel/shezlongi/shezlong-dyuna/,/politika-konfidencialnosti/,/politika-konfidencialnosti/,true,true,internal,pass,
/ulichnaya-mebel/shezlongi/shezlong-dyuna/,/politika-konfidencialnosti/,/politika-konfidencialnosti/,true,true,internal,pass,
/ulichnaya-mebel/shezlongi/shezlong-siluet/,#main-content,/ulichnaya-mebel/shezlongi/shezlong-siluet/,true,true,anchor,pass,
/ulichnaya-mebel/shezlongi/shezlong-siluet/,/,/,true,true,internal,pass,
/ulichnaya-mebel/shezlongi/shezlong-siluet/,/ulichnaya-mebel/,/ulichnaya-mebel/,true,true,internal,pass,
/ulichnaya-mebel/shezlongi/shezlong-siluet/,/ograzhdeniya-i-zabory/,/ograzhdeniya-i-zabory/,true,true,internal,pass,
/ulichnaya-mebel/shezlongi/shezlong-siluet/,/navesy-i-kozyrki/,/navesy-i-kozyrki/,true,true,internal,pass,
/ulichnaya-mebel/shezlongi/shezlong-siluet/,/topiarii/,/topiarii/,true,true,internal,pass,
/ulichnaya-mebel/shezlongi/shezlong-siluet/,/izgotovlenie-na-zakaz/,/izgotovlenie-na-zakaz/,true,true,internal,pass,
/ulichnaya-mebel/shezlongi/shezlong-siluet/,/metallokonstruktsii-dlya-biznesa/,/metallokonstruktsii-dlya-biznesa/,true,true,internal,pass,
/ulichnaya-mebel/shezlongi/shezlong-siluet/,/blagoustroystvo-territoriy/,/blagoustroystvo-territoriy/,true,true,internal,pass,
/ulichnaya-mebel/shezlongi/shezlong-siluet/,/stroitelstvo-i-remonty/,/stroitelstvo-i-remonty/,true,true,internal,pass,
/ulichnaya-mebel/shezlongi/shezlong-siluet/,/vypolnennye-obekty/,/vypolnennye-obekty/,true,true,internal,pass,
/ulichnaya-mebel/shezlongi/shezlong-siluet/,/o-nas/,/o-nas/,true,true,internal,pass,
/ulichnaya-mebel/shezlongi/shezlong-siluet/,/kontakty/,/kontakty/,true,true,internal,pass,
/ulichnaya-mebel/shezlongi/shezlong-siluet/,/vakansii/,/vakansii/,true,true,internal,pass,
/ulichnaya-mebel/shezlongi/shezlong-siluet/,tel:+79129735006,,true,true,tel,pass,
/ulichnaya-mebel/shezlongi/shezlong-siluet/,https://t.me/smu1build,,true,true,external,pass,
/ulichnaya-mebel/shezlongi/shezlong-siluet/,#contact,/ulichnaya-mebel/shezlongi/shezlong-siluet/,true,true,anchor,pass,
/ulichnaya-mebel/shezlongi/shezlong-siluet/,/,/,true,true,internal,pass,
/ulichnaya-mebel/shezlongi/shezlong-siluet/,#contact,/ulichnaya-mebel/shezlongi/shezlong-siluet/,true,true,anchor,pass,
/ulichnaya-mebel/shezlongi/shezlong-siluet/,/ulichnaya-mebel/,/ulichnaya-mebel/,true,true,internal,pass,
/ulichnaya-mebel/shezlongi/shezlong-siluet/,/ograzhdeniya-i-zabory/,/ograzhdeniya-i-zabory/,true,true,internal,pass,
/ulichnaya-mebel/shezlongi/shezlong-siluet/,/navesy-i-kozyrki/,/navesy-i-kozyrki/,true,true,internal,pass,
/ulichnaya-mebel/shezlongi/shezlong-siluet/,/topiarii/,/topiarii/,true,true,internal,pass,
/ulichnaya-mebel/shezlongi/shezlong-siluet/,/metallokonstruktsii-dlya-biznesa/,/metallokonstruktsii-dlya-biznesa/,true,true,internal,pass,
/ulichnaya-mebel/shezlongi/shezlong-siluet/,/blagoustroystvo-territoriy/,/blagoustroystvo-territoriy/,true,true,internal,pass,
/ulichnaya-mebel/shezlongi/shezlong-siluet/,/stroitelstvo-i-remonty/,/stroitelstvo-i-remonty/,true,true,internal,pass,
/ulichnaya-mebel/shezlongi/shezlong-siluet/,/izgotovlenie-na-zakaz/,/izgotovlenie-na-zakaz/,true,true,internal,pass,
/ulichnaya-mebel/shezlongi/shezlong-siluet/,/vypolnennye-obekty/,/vypolnennye-obekty/,true,true,internal,pass,
/ulichnaya-mebel/shezlongi/shezlong-siluet/,/o-nas/,/o-nas/,true,true,internal,pass,
/ulichnaya-mebel/shezlongi/shezlong-siluet/,/kontakty/,/kontakty/,true,true,internal,pass,
/ulichnaya-mebel/shezlongi/shezlong-siluet/,/vakansii/,/vakansii/,true,true,internal,pass,
/ulichnaya-mebel/shezlongi/shezlong-siluet/,tel:+79129735006,,true,true,tel,pass,
/ulichnaya-mebel/shezlongi/shezlong-siluet/,tel:+79125799665,,true,true,tel,pass,
/ulichnaya-mebel/shezlongi/shezlong-siluet/,https://t.me/smu1build,,true,true,external,pass,
/ulichnaya-mebel/shezlongi/shezlong-siluet/,mailto:smu1.kurgan@yandex.ru,,true,true,mailto,pass,
/ulichnaya-mebel/shezlongi/shezlong-siluet/,/,/,true,true,internal,pass,
/ulichnaya-mebel/shezlongi/shezlong-siluet/,/ulichnaya-mebel/,/ulichnaya-mebel/,true,true,internal,pass,
/ulichnaya-mebel/shezlongi/shezlong-siluet/,/ulichnaya-mebel/shezlongi/,/ulichnaya-mebel/shezlongi/,true,true,internal,pass,
/ulichnaya-mebel/shezlongi/shezlong-siluet/,#contact,/ulichnaya-mebel/shezlongi/shezlong-siluet/,true,true,anchor,pass,
/ulichnaya-mebel/shezlongi/shezlong-siluet/,https://t.me/smu1build,,true,true,external,pass,
/ulichnaya-mebel/shezlongi/shezlong-siluet/,#contact,/ulichnaya-mebel/shezlongi/shezlong-siluet/,true,true,anchor,pass,
/ulichnaya-mebel/shezlongi/shezlong-siluet/,/ulichnaya-mebel/shezlongi/,/ulichnaya-mebel/shezlongi/,true,true,internal,pass,
/ulichnaya-mebel/shezlongi/shezlong-siluet/,/ulichnaya-mebel/shezlongi/shezlong-volna/,/ulichnaya-mebel/shezlongi/shezlong-volna/,true,true,internal,pass,
/ulichnaya-mebel/shezlongi/shezlong-siluet/,/ulichnaya-mebel/shezlongi/shezlong-dyuna/,/ulichnaya-mebel/shezlongi/shezlong-dyuna/,true,true,internal,pass,
/ulichnaya-mebel/shezlongi/shezlong-siluet/,/ulichnaya-mebel/shezlongi/shezlong-vitok/,/ulichnaya-mebel/shezlongi/shezlong-vitok/,true,true,internal,pass,
/ulichnaya-mebel/shezlongi/shezlong-siluet/,https://t.me/smu1build,,true,true,external,pass,
/ulichnaya-mebel/shezlongi/shezlong-siluet/,/izgotovlenie-na-zakaz/,/izgotovlenie-na-zakaz/,true,true,internal,pass,
/ulichnaya-mebel/shezlongi/shezlong-siluet/,tel:+79129735006,,true,true,tel,pass,
/ulichnaya-mebel/shezlongi/shezlong-siluet/,https://t.me/smu1build,,true,true,external,pass,
/ulichnaya-mebel/shezlongi/shezlong-siluet/,mailto:smu1.kurgan@yandex.ru,,true,true,mailto,pass,
/ulichnaya-mebel/shezlongi/shezlong-siluet/,/kontakty/,/kontakty/,true,true,internal,pass,
/ulichnaya-mebel/shezlongi/shezlong-siluet/,/,/,true,true,internal,pass,
/ulichnaya-mebel/shezlongi/shezlong-siluet/,/ulichnaya-mebel/,/ulichnaya-mebel/,true,true,internal,pass,
/ulichnaya-mebel/shezlongi/shezlong-siluet/,/ograzhdeniya-i-zabory/,/ograzhdeniya-i-zabory/,true,true,internal,pass,
/ulichnaya-mebel/shezlongi/shezlong-siluet/,/navesy-i-kozyrki/,/navesy-i-kozyrki/,true,true,internal,pass,
/ulichnaya-mebel/shezlongi/shezlong-siluet/,/metallokonstruktsii-dlya-biznesa/,/metallokonstruktsii-dlya-biznesa/,true,true,internal,pass,
/ulichnaya-mebel/shezlongi/shezlong-siluet/,/topiarii/,/topiarii/,true,true,internal,pass,
/ulichnaya-mebel/shezlongi/shezlong-siluet/,/blagoustroystvo-territoriy/,/blagoustroystvo-territoriy/,true,true,internal,pass,
/ulichnaya-mebel/shezlongi/shezlong-siluet/,/stroitelstvo-i-remonty/,/stroitelstvo-i-remonty/,true,true,internal,pass,
/ulichnaya-mebel/shezlongi/shezlong-siluet/,/ulichnaya-mebel/,/ulichnaya-mebel/,true,true,internal,pass,
/ulichnaya-mebel/shezlongi/shezlong-siluet/,/ograzhdeniya-i-zabory/,/ograzhdeniya-i-zabory/,true,true,internal,pass,
/ulichnaya-mebel/shezlongi/shezlong-siluet/,/navesy-i-kozyrki/,/navesy-i-kozyrki/,true,true,internal,pass,
/ulichnaya-mebel/shezlongi/shezlong-siluet/,/metallokonstruktsii-dlya-biznesa/,/metallokonstruktsii-dlya-biznesa/,true,true,internal,pass,
/ulichnaya-mebel/shezlongi/shezlong-siluet/,/topiarii/,/topiarii/,true,true,internal,pass,
/ulichnaya-mebel/shezlongi/shezlong-siluet/,/blagoustroystvo-territoriy/,/blagoustroystvo-territoriy/,true,true,internal,pass,
/ulichnaya-mebel/shezlongi/shezlong-siluet/,/stroitelstvo-i-remonty/,/stroitelstvo-i-remonty/,true,true,internal,pass,
/ulichnaya-mebel/shezlongi/shezlong-siluet/,/izgotovlenie-na-zakaz/,/izgotovlenie-na-zakaz/,true,true,internal,pass,
/ulichnaya-mebel/shezlongi/shezlong-siluet/,/vypolnennye-obekty/,/vypolnennye-obekty/,true,true,internal,pass,
/ulichnaya-mebel/shezlongi/shezlong-siluet/,/o-nas/,/o-nas/,true,true,internal,pass,
/ulichnaya-mebel/shezlongi/shezlong-siluet/,/kontakty/,/kontakty/,true,true,internal,pass,
/ulichnaya-mebel/shezlongi/shezlong-siluet/,/vakansii/,/vakansii/,true,true,internal,pass,
/ulichnaya-mebel/shezlongi/shezlong-siluet/,/izgotovlenie-na-zakaz/,/izgotovlenie-na-zakaz/,true,true,internal,pass,
/ulichnaya-mebel/shezlongi/shezlong-siluet/,/vypolnennye-obekty/,/vypolnennye-obekty/,true,true,internal,pass,
/ulichnaya-mebel/shezlongi/shezlong-siluet/,/o-nas/,/o-nas/,true,true,internal,pass,
/ulichnaya-mebel/shezlongi/shezlong-siluet/,/kontakty/,/kontakty/,true,true,internal,pass,
/ulichnaya-mebel/shezlongi/shezlong-siluet/,/vakansii/,/vakansii/,true,true,internal,pass,
/ulichnaya-mebel/shezlongi/shezlong-siluet/,#contact,/ulichnaya-mebel/shezlongi/shezlong-siluet/,true,true,anchor,pass,
/ulichnaya-mebel/shezlongi/shezlong-siluet/,tel:+79129735006,,true,true,tel,pass,
/ulichnaya-mebel/shezlongi/shezlong-siluet/,tel:+79125799665,,true,true,tel,pass,
/ulichnaya-mebel/shezlongi/shezlong-siluet/,https://t.me/smu1build,,true,true,external,pass,
/ulichnaya-mebel/shezlongi/shezlong-siluet/,mailto:smu1.kurgan@yandex.ru,,true,true,mailto,pass,
/ulichnaya-mebel/shezlongi/shezlong-siluet/,/politika-konfidencialnosti/,/politika-konfidencialnosti/,true,true,internal,pass,
/ulichnaya-mebel/shezlongi/shezlong-siluet/,/politika-konfidencialnosti/,/politika-konfidencialnosti/,true,true,internal,pass,
/ulichnaya-mebel/shezlongi/shezlong-vitok/,#main-content,/ulichnaya-mebel/shezlongi/shezlong-vitok/,true,true,anchor,pass,
/ulichnaya-mebel/shezlongi/shezlong-vitok/,/,/,true,true,internal,pass,
/ulichnaya-mebel/shezlongi/shezlong-vitok/,/ulichnaya-mebel/,/ulichnaya-mebel/,true,true,internal,pass,
/ulichnaya-mebel/shezlongi/shezlong-vitok/,/ograzhdeniya-i-zabory/,/ograzhdeniya-i-zabory/,true,true,internal,pass,
/ulichnaya-mebel/shezlongi/shezlong-vitok/,/navesy-i-kozyrki/,/navesy-i-kozyrki/,true,true,internal,pass,
/ulichnaya-mebel/shezlongi/shezlong-vitok/,/topiarii/,/topiarii/,true,true,internal,pass,
/ulichnaya-mebel/shezlongi/shezlong-vitok/,/izgotovlenie-na-zakaz/,/izgotovlenie-na-zakaz/,true,true,internal,pass,
/ulichnaya-mebel/shezlongi/shezlong-vitok/,/metallokonstruktsii-dlya-biznesa/,/metallokonstruktsii-dlya-biznesa/,true,true,internal,pass,
/ulichnaya-mebel/shezlongi/shezlong-vitok/,/blagoustroystvo-territoriy/,/blagoustroystvo-territoriy/,true,true,internal,pass,
/ulichnaya-mebel/shezlongi/shezlong-vitok/,/stroitelstvo-i-remonty/,/stroitelstvo-i-remonty/,true,true,internal,pass,
/ulichnaya-mebel/shezlongi/shezlong-vitok/,/vypolnennye-obekty/,/vypolnennye-obekty/,true,true,internal,pass,
/ulichnaya-mebel/shezlongi/shezlong-vitok/,/o-nas/,/o-nas/,true,true,internal,pass,
/ulichnaya-mebel/shezlongi/shezlong-vitok/,/kontakty/,/kontakty/,true,true,internal,pass,
/ulichnaya-mebel/shezlongi/shezlong-vitok/,/vakansii/,/vakansii/,true,true,internal,pass,
/ulichnaya-mebel/shezlongi/shezlong-vitok/,tel:+79129735006,,true,true,tel,pass,
/ulichnaya-mebel/shezlongi/shezlong-vitok/,https://t.me/smu1build,,true,true,external,pass,
/ulichnaya-mebel/shezlongi/shezlong-vitok/,#contact,/ulichnaya-mebel/shezlongi/shezlong-vitok/,true,true,anchor,pass,
/ulichnaya-mebel/shezlongi/shezlong-vitok/,/,/,true,true,internal,pass,
/ulichnaya-mebel/shezlongi/shezlong-vitok/,#contact,/ulichnaya-mebel/shezlongi/shezlong-vitok/,true,true,anchor,pass,
/ulichnaya-mebel/shezlongi/shezlong-vitok/,/ulichnaya-mebel/,/ulichnaya-mebel/,true,true,internal,pass,
/ulichnaya-mebel/shezlongi/shezlong-vitok/,/ograzhdeniya-i-zabory/,/ograzhdeniya-i-zabory/,true,true,internal,pass,
/ulichnaya-mebel/shezlongi/shezlong-vitok/,/navesy-i-kozyrki/,/navesy-i-kozyrki/,true,true,internal,pass,
/ulichnaya-mebel/shezlongi/shezlong-vitok/,/topiarii/,/topiarii/,true,true,internal,pass,
/ulichnaya-mebel/shezlongi/shezlong-vitok/,/metallokonstruktsii-dlya-biznesa/,/metallokonstruktsii-dlya-biznesa/,true,true,internal,pass,
/ulichnaya-mebel/shezlongi/shezlong-vitok/,/blagoustroystvo-territoriy/,/blagoustroystvo-territoriy/,true,true,internal,pass,
/ulichnaya-mebel/shezlongi/shezlong-vitok/,/stroitelstvo-i-remonty/,/stroitelstvo-i-remonty/,true,true,internal,pass,
/ulichnaya-mebel/shezlongi/shezlong-vitok/,/izgotovlenie-na-zakaz/,/izgotovlenie-na-zakaz/,true,true,internal,pass,
/ulichnaya-mebel/shezlongi/shezlong-vitok/,/vypolnennye-obekty/,/vypolnennye-obekty/,true,true,internal,pass,
/ulichnaya-mebel/shezlongi/shezlong-vitok/,/o-nas/,/o-nas/,true,true,internal,pass,
/ulichnaya-mebel/shezlongi/shezlong-vitok/,/kontakty/,/kontakty/,true,true,internal,pass,
/ulichnaya-mebel/shezlongi/shezlong-vitok/,/vakansii/,/vakansii/,true,true,internal,pass,
/ulichnaya-mebel/shezlongi/shezlong-vitok/,tel:+79129735006,,true,true,tel,pass,
/ulichnaya-mebel/shezlongi/shezlong-vitok/,tel:+79125799665,,true,true,tel,pass,
/ulichnaya-mebel/shezlongi/shezlong-vitok/,https://t.me/smu1build,,true,true,external,pass,
/ulichnaya-mebel/shezlongi/shezlong-vitok/,mailto:smu1.kurgan@yandex.ru,,true,true,mailto,pass,
/ulichnaya-mebel/shezlongi/shezlong-vitok/,/,/,true,true,internal,pass,
/ulichnaya-mebel/shezlongi/shezlong-vitok/,/ulichnaya-mebel/,/ulichnaya-mebel/,true,true,internal,pass,
/ulichnaya-mebel/shezlongi/shezlong-vitok/,/ulichnaya-mebel/shezlongi/,/ulichnaya-mebel/shezlongi/,true,true,internal,pass,
/ulichnaya-mebel/shezlongi/shezlong-vitok/,#contact,/ulichnaya-mebel/shezlongi/shezlong-vitok/,true,true,anchor,pass,
/ulichnaya-mebel/shezlongi/shezlong-vitok/,https://t.me/smu1build,,true,true,external,pass,
/ulichnaya-mebel/shezlongi/shezlong-vitok/,#contact,/ulichnaya-mebel/shezlongi/shezlong-vitok/,true,true,anchor,pass,
/ulichnaya-mebel/shezlongi/shezlong-vitok/,/ulichnaya-mebel/shezlongi/,/ulichnaya-mebel/shezlongi/,true,true,internal,pass,
/ulichnaya-mebel/shezlongi/shezlong-vitok/,/ulichnaya-mebel/shezlongi/shezlong-volna/,/ulichnaya-mebel/shezlongi/shezlong-volna/,true,true,internal,pass,
/ulichnaya-mebel/shezlongi/shezlong-vitok/,/ulichnaya-mebel/shezlongi/shezlong-dyuna/,/ulichnaya-mebel/shezlongi/shezlong-dyuna/,true,true,internal,pass,
/ulichnaya-mebel/shezlongi/shezlong-vitok/,/ulichnaya-mebel/shezlongi/shezlong-siluet/,/ulichnaya-mebel/shezlongi/shezlong-siluet/,true,true,internal,pass,
/ulichnaya-mebel/shezlongi/shezlong-vitok/,https://t.me/smu1build,,true,true,external,pass,
/ulichnaya-mebel/shezlongi/shezlong-vitok/,/izgotovlenie-na-zakaz/,/izgotovlenie-na-zakaz/,true,true,internal,pass,
/ulichnaya-mebel/shezlongi/shezlong-vitok/,tel:+79129735006,,true,true,tel,pass,
/ulichnaya-mebel/shezlongi/shezlong-vitok/,https://t.me/smu1build,,true,true,external,pass,
/ulichnaya-mebel/shezlongi/shezlong-vitok/,mailto:smu1.kurgan@yandex.ru,,true,true,mailto,pass,
/ulichnaya-mebel/shezlongi/shezlong-vitok/,/kontakty/,/kontakty/,true,true,internal,pass,
/ulichnaya-mebel/shezlongi/shezlong-vitok/,/,/,true,true,internal,pass,
/ulichnaya-mebel/shezlongi/shezlong-vitok/,/ulichnaya-mebel/,/ulichnaya-mebel/,true,true,internal,pass,
/ulichnaya-mebel/shezlongi/shezlong-vitok/,/ograzhdeniya-i-zabory/,/ograzhdeniya-i-zabory/,true,true,internal,pass,
/ulichnaya-mebel/shezlongi/shezlong-vitok/,/navesy-i-kozyrki/,/navesy-i-kozyrki/,true,true,internal,pass,
/ulichnaya-mebel/shezlongi/shezlong-vitok/,/metallokonstruktsii-dlya-biznesa/,/metallokonstruktsii-dlya-biznesa/,true,true,internal,pass,
/ulichnaya-mebel/shezlongi/shezlong-vitok/,/topiarii/,/topiarii/,true,true,internal,pass,
/ulichnaya-mebel/shezlongi/shezlong-vitok/,/blagoustroystvo-territoriy/,/blagoustroystvo-territoriy/,true,true,internal,pass,
/ulichnaya-mebel/shezlongi/shezlong-vitok/,/stroitelstvo-i-remonty/,/stroitelstvo-i-remonty/,true,true,internal,pass,
/ulichnaya-mebel/shezlongi/shezlong-vitok/,/ulichnaya-mebel/,/ulichnaya-mebel/,true,true,internal,pass,
/ulichnaya-mebel/shezlongi/shezlong-vitok/,/ograzhdeniya-i-zabory/,/ograzhdeniya-i-zabory/,true,true,internal,pass,
/ulichnaya-mebel/shezlongi/shezlong-vitok/,/navesy-i-kozyrki/,/navesy-i-kozyrki/,true,true,internal,pass,
/ulichnaya-mebel/shezlongi/shezlong-vitok/,/metallokonstruktsii-dlya-biznesa/,/metallokonstruktsii-dlya-biznesa/,true,true,internal,pass,
/ulichnaya-mebel/shezlongi/shezlong-vitok/,/topiarii/,/topiarii/,true,true,internal,pass,
/ulichnaya-mebel/shezlongi/shezlong-vitok/,/blagoustroystvo-territoriy/,/blagoustroystvo-territoriy/,true,true,internal,pass,
/ulichnaya-mebel/shezlongi/shezlong-vitok/,/stroitelstvo-i-remonty/,/stroitelstvo-i-remonty/,true,true,internal,pass,
/ulichnaya-mebel/shezlongi/shezlong-vitok/,/izgotovlenie-na-zakaz/,/izgotovlenie-na-zakaz/,true,true,internal,pass,
/ulichnaya-mebel/shezlongi/shezlong-vitok/,/vypolnennye-obekty/,/vypolnennye-obekty/,true,true,internal,pass,
/ulichnaya-mebel/shezlongi/shezlong-vitok/,/o-nas/,/o-nas/,true,true,internal,pass,
/ulichnaya-mebel/shezlongi/shezlong-vitok/,/kontakty/,/kontakty/,true,true,internal,pass,
/ulichnaya-mebel/shezlongi/shezlong-vitok/,/vakansii/,/vakansii/,true,true,internal,pass,
/ulichnaya-mebel/shezlongi/shezlong-vitok/,/izgotovlenie-na-zakaz/,/izgotovlenie-na-zakaz/,true,true,internal,pass,
/ulichnaya-mebel/shezlongi/shezlong-vitok/,/vypolnennye-obekty/,/vypolnennye-obekty/,true,true,internal,pass,
/ulichnaya-mebel/shezlongi/shezlong-vitok/,/o-nas/,/o-nas/,true,true,internal,pass,
/ulichnaya-mebel/shezlongi/shezlong-vitok/,/kontakty/,/kontakty/,true,true,internal,pass,
/ulichnaya-mebel/shezlongi/shezlong-vitok/,/vakansii/,/vakansii/,true,true,internal,pass,
/ulichnaya-mebel/shezlongi/shezlong-vitok/,#contact,/ulichnaya-mebel/shezlongi/shezlong-vitok/,true,true,anchor,pass,
/ulichnaya-mebel/shezlongi/shezlong-vitok/,tel:+79129735006,,true,true,tel,pass,
/ulichnaya-mebel/shezlongi/shezlong-vitok/,tel:+79125799665,,true,true,tel,pass,
/ulichnaya-mebel/shezlongi/shezlong-vitok/,https://t.me/smu1build,,true,true,external,pass,
/ulichnaya-mebel/shezlongi/shezlong-vitok/,mailto:smu1.kurgan@yandex.ru,,true,true,mailto,pass,
/ulichnaya-mebel/shezlongi/shezlong-vitok/,/politika-konfidencialnosti/,/politika-konfidencialnosti/,true,true,internal,pass,
/ulichnaya-mebel/shezlongi/shezlong-vitok/,/politika-konfidencialnosti/,/politika-konfidencialnosti/,true,true,internal,pass,
/ulichnaya-mebel/shezlongi/shezlong-volna/,#main-content,/ulichnaya-mebel/shezlongi/shezlong-volna/,true,true,anchor,pass,
/ulichnaya-mebel/shezlongi/shezlong-volna/,/,/,true,true,internal,pass,
/ulichnaya-mebel/shezlongi/shezlong-volna/,/ulichnaya-mebel/,/ulichnaya-mebel/,true,true,internal,pass,
/ulichnaya-mebel/shezlongi/shezlong-volna/,/ograzhdeniya-i-zabory/,/ograzhdeniya-i-zabory/,true,true,internal,pass,
/ulichnaya-mebel/shezlongi/shezlong-volna/,/navesy-i-kozyrki/,/navesy-i-kozyrki/,true,true,internal,pass,
/ulichnaya-mebel/shezlongi/shezlong-volna/,/topiarii/,/topiarii/,true,true,internal,pass,
/ulichnaya-mebel/shezlongi/shezlong-volna/,/izgotovlenie-na-zakaz/,/izgotovlenie-na-zakaz/,true,true,internal,pass,
/ulichnaya-mebel/shezlongi/shezlong-volna/,/metallokonstruktsii-dlya-biznesa/,/metallokonstruktsii-dlya-biznesa/,true,true,internal,pass,
/ulichnaya-mebel/shezlongi/shezlong-volna/,/blagoustroystvo-territoriy/,/blagoustroystvo-territoriy/,true,true,internal,pass,
/ulichnaya-mebel/shezlongi/shezlong-volna/,/stroitelstvo-i-remonty/,/stroitelstvo-i-remonty/,true,true,internal,pass,
/ulichnaya-mebel/shezlongi/shezlong-volna/,/vypolnennye-obekty/,/vypolnennye-obekty/,true,true,internal,pass,
/ulichnaya-mebel/shezlongi/shezlong-volna/,/o-nas/,/o-nas/,true,true,internal,pass,
/ulichnaya-mebel/shezlongi/shezlong-volna/,/kontakty/,/kontakty/,true,true,internal,pass,
/ulichnaya-mebel/shezlongi/shezlong-volna/,/vakansii/,/vakansii/,true,true,internal,pass,
/ulichnaya-mebel/shezlongi/shezlong-volna/,tel:+79129735006,,true,true,tel,pass,
/ulichnaya-mebel/shezlongi/shezlong-volna/,https://t.me/smu1build,,true,true,external,pass,
/ulichnaya-mebel/shezlongi/shezlong-volna/,#contact,/ulichnaya-mebel/shezlongi/shezlong-volna/,true,true,anchor,pass,
/ulichnaya-mebel/shezlongi/shezlong-volna/,/,/,true,true,internal,pass,
/ulichnaya-mebel/shezlongi/shezlong-volna/,#contact,/ulichnaya-mebel/shezlongi/shezlong-volna/,true,true,anchor,pass,
/ulichnaya-mebel/shezlongi/shezlong-volna/,/ulichnaya-mebel/,/ulichnaya-mebel/,true,true,internal,pass,
/ulichnaya-mebel/shezlongi/shezlong-volna/,/ograzhdeniya-i-zabory/,/ograzhdeniya-i-zabory/,true,true,internal,pass,
/ulichnaya-mebel/shezlongi/shezlong-volna/,/navesy-i-kozyrki/,/navesy-i-kozyrki/,true,true,internal,pass,
/ulichnaya-mebel/shezlongi/shezlong-volna/,/topiarii/,/topiarii/,true,true,internal,pass,
/ulichnaya-mebel/shezlongi/shezlong-volna/,/metallokonstruktsii-dlya-biznesa/,/metallokonstruktsii-dlya-biznesa/,true,true,internal,pass,
/ulichnaya-mebel/shezlongi/shezlong-volna/,/blagoustroystvo-territoriy/,/blagoustroystvo-territoriy/,true,true,internal,pass,
/ulichnaya-mebel/shezlongi/shezlong-volna/,/stroitelstvo-i-remonty/,/stroitelstvo-i-remonty/,true,true,internal,pass,
/ulichnaya-mebel/shezlongi/shezlong-volna/,/izgotovlenie-na-zakaz/,/izgotovlenie-na-zakaz/,true,true,internal,pass,
/ulichnaya-mebel/shezlongi/shezlong-volna/,/vypolnennye-obekty/,/vypolnennye-obekty/,true,true,internal,pass,
/ulichnaya-mebel/shezlongi/shezlong-volna/,/o-nas/,/o-nas/,true,true,internal,pass,
/ulichnaya-mebel/shezlongi/shezlong-volna/,/kontakty/,/kontakty/,true,true,internal,pass,
/ulichnaya-mebel/shezlongi/shezlong-volna/,/vakansii/,/vakansii/,true,true,internal,pass,
/ulichnaya-mebel/shezlongi/shezlong-volna/,tel:+79129735006,,true,true,tel,pass,
/ulichnaya-mebel/shezlongi/shezlong-volna/,tel:+79125799665,,true,true,tel,pass,
/ulichnaya-mebel/shezlongi/shezlong-volna/,https://t.me/smu1build,,true,true,external,pass,
/ulichnaya-mebel/shezlongi/shezlong-volna/,mailto:smu1.kurgan@yandex.ru,,true,true,mailto,pass,
/ulichnaya-mebel/shezlongi/shezlong-volna/,/,/,true,true,internal,pass,
/ulichnaya-mebel/shezlongi/shezlong-volna/,/ulichnaya-mebel/,/ulichnaya-mebel/,true,true,internal,pass,
/ulichnaya-mebel/shezlongi/shezlong-volna/,/ulichnaya-mebel/shezlongi/,/ulichnaya-mebel/shezlongi/,true,true,internal,pass,
/ulichnaya-mebel/shezlongi/shezlong-volna/,#contact,/ulichnaya-mebel/shezlongi/shezlong-volna/,true,true,anchor,pass,
/ulichnaya-mebel/shezlongi/shezlong-volna/,https://t.me/smu1build,,true,true,external,pass,
/ulichnaya-mebel/shezlongi/shezlong-volna/,#contact,/ulichnaya-mebel/shezlongi/shezlong-volna/,true,true,anchor,pass,
/ulichnaya-mebel/shezlongi/shezlong-volna/,/ulichnaya-mebel/shezlongi/,/ulichnaya-mebel/shezlongi/,true,true,internal,pass,
/ulichnaya-mebel/shezlongi/shezlong-volna/,/ulichnaya-mebel/shezlongi/shezlong-dyuna/,/ulichnaya-mebel/shezlongi/shezlong-dyuna/,true,true,internal,pass,
/ulichnaya-mebel/shezlongi/shezlong-volna/,/ulichnaya-mebel/shezlongi/shezlong-vitok/,/ulichnaya-mebel/shezlongi/shezlong-vitok/,true,true,internal,pass,
/ulichnaya-mebel/shezlongi/shezlong-volna/,/ulichnaya-mebel/shezlongi/shezlong-siluet/,/ulichnaya-mebel/shezlongi/shezlong-siluet/,true,true,internal,pass,
/ulichnaya-mebel/shezlongi/shezlong-volna/,https://t.me/smu1build,,true,true,external,pass,
/ulichnaya-mebel/shezlongi/shezlong-volna/,/izgotovlenie-na-zakaz/,/izgotovlenie-na-zakaz/,true,true,internal,pass,
/ulichnaya-mebel/shezlongi/shezlong-volna/,tel:+79129735006,,true,true,tel,pass,
/ulichnaya-mebel/shezlongi/shezlong-volna/,https://t.me/smu1build,,true,true,external,pass,
/ulichnaya-mebel/shezlongi/shezlong-volna/,mailto:smu1.kurgan@yandex.ru,,true,true,mailto,pass,
/ulichnaya-mebel/shezlongi/shezlong-volna/,/kontakty/,/kontakty/,true,true,internal,pass,
/ulichnaya-mebel/shezlongi/shezlong-volna/,/,/,true,true,internal,pass,
/ulichnaya-mebel/shezlongi/shezlong-volna/,/ulichnaya-mebel/,/ulichnaya-mebel/,true,true,internal,pass,
/ulichnaya-mebel/shezlongi/shezlong-volna/,/ograzhdeniya-i-zabory/,/ograzhdeniya-i-zabory/,true,true,internal,pass,
/ulichnaya-mebel/shezlongi/shezlong-volna/,/navesy-i-kozyrki/,/navesy-i-kozyrki/,true,true,internal,pass,
/ulichnaya-mebel/shezlongi/shezlong-volna/,/metallokonstruktsii-dlya-biznesa/,/metallokonstruktsii-dlya-biznesa/,true,true,internal,pass,
/ulichnaya-mebel/shezlongi/shezlong-volna/,/topiarii/,/topiarii/,true,true,internal,pass,
/ulichnaya-mebel/shezlongi/shezlong-volna/,/blagoustroystvo-territoriy/,/blagoustroystvo-territoriy/,true,true,internal,pass,
/ulichnaya-mebel/shezlongi/shezlong-volna/,/stroitelstvo-i-remonty/,/stroitelstvo-i-remonty/,true,true,internal,pass,
/ulichnaya-mebel/shezlongi/shezlong-volna/,/ulichnaya-mebel/,/ulichnaya-mebel/,true,true,internal,pass,
/ulichnaya-mebel/shezlongi/shezlong-volna/,/ograzhdeniya-i-zabory/,/ograzhdeniya-i-zabory/,true,true,internal,pass,
/ulichnaya-mebel/shezlongi/shezlong-volna/,/navesy-i-kozyrki/,/navesy-i-kozyrki/,true,true,internal,pass,
/ulichnaya-mebel/shezlongi/shezlong-volna/,/metallokonstruktsii-dlya-biznesa/,/metallokonstruktsii-dlya-biznesa/,true,true,internal,pass,
/ulichnaya-mebel/shezlongi/shezlong-volna/,/topiarii/,/topiarii/,true,true,internal,pass,
/ulichnaya-mebel/shezlongi/shezlong-volna/,/blagoustroystvo-territoriy/,/blagoustroystvo-territoriy/,true,true,internal,pass,
/ulichnaya-mebel/shezlongi/shezlong-volna/,/stroitelstvo-i-remonty/,/stroitelstvo-i-remonty/,true,true,internal,pass,
/ulichnaya-mebel/shezlongi/shezlong-volna/,/izgotovlenie-na-zakaz/,/izgotovlenie-na-zakaz/,true,true,internal,pass,
/ulichnaya-mebel/shezlongi/shezlong-volna/,/vypolnennye-obekty/,/vypolnennye-obekty/,true,true,internal,pass,
/ulichnaya-mebel/shezlongi/shezlong-volna/,/o-nas/,/o-nas/,true,true,internal,pass,
/ulichnaya-mebel/shezlongi/shezlong-volna/,/kontakty/,/kontakty/,true,true,internal,pass,
/ulichnaya-mebel/shezlongi/shezlong-volna/,/vakansii/,/vakansii/,true,true,internal,pass,
/ulichnaya-mebel/shezlongi/shezlong-volna/,/izgotovlenie-na-zakaz/,/izgotovlenie-na-zakaz/,true,true,internal,pass,
/ulichnaya-mebel/shezlongi/shezlong-volna/,/vypolnennye-obekty/,/vypolnennye-obekty/,true,true,internal,pass,
/ulichnaya-mebel/shezlongi/shezlong-volna/,/o-nas/,/o-nas/,true,true,internal,pass,
/ulichnaya-mebel/shezlongi/shezlong-volna/,/kontakty/,/kontakty/,true,true,internal,pass,
/ulichnaya-mebel/shezlongi/shezlong-volna/,/vakansii/,/vakansii/,true,true,internal,pass,
/ulichnaya-mebel/shezlongi/shezlong-volna/,#contact,/ulichnaya-mebel/shezlongi/shezlong-volna/,true,true,anchor,pass,
/ulichnaya-mebel/shezlongi/shezlong-volna/,tel:+79129735006,,true,true,tel,pass,
/ulichnaya-mebel/shezlongi/shezlong-volna/,tel:+79125799665,,true,true,tel,pass,
/ulichnaya-mebel/shezlongi/shezlong-volna/,https://t.me/smu1build,,true,true,external,pass,
/ulichnaya-mebel/shezlongi/shezlong-volna/,mailto:smu1.kurgan@yandex.ru,,true,true,mailto,pass,
/ulichnaya-mebel/shezlongi/shezlong-volna/,/politika-konfidencialnosti/,/politika-konfidencialnosti/,true,true,internal,pass,
/ulichnaya-mebel/shezlongi/shezlong-volna/,/politika-konfidencialnosti/,/politika-konfidencialnosti/,true,true,internal,pass,
/ulichnaya-mebel/malye-elementy/sidenie-kub/,#main-content,/ulichnaya-mebel/malye-elementy/sidenie-kub/,true,true,anchor,pass,
/ulichnaya-mebel/malye-elementy/sidenie-kub/,/,/,true,true,internal,pass,
/ulichnaya-mebel/malye-elementy/sidenie-kub/,/ulichnaya-mebel/,/ulichnaya-mebel/,true,true,internal,pass,
/ulichnaya-mebel/malye-elementy/sidenie-kub/,/ograzhdeniya-i-zabory/,/ograzhdeniya-i-zabory/,true,true,internal,pass,
/ulichnaya-mebel/malye-elementy/sidenie-kub/,/navesy-i-kozyrki/,/navesy-i-kozyrki/,true,true,internal,pass,
/ulichnaya-mebel/malye-elementy/sidenie-kub/,/topiarii/,/topiarii/,true,true,internal,pass,
/ulichnaya-mebel/malye-elementy/sidenie-kub/,/izgotovlenie-na-zakaz/,/izgotovlenie-na-zakaz/,true,true,internal,pass,
/ulichnaya-mebel/malye-elementy/sidenie-kub/,/metallokonstruktsii-dlya-biznesa/,/metallokonstruktsii-dlya-biznesa/,true,true,internal,pass,
/ulichnaya-mebel/malye-elementy/sidenie-kub/,/blagoustroystvo-territoriy/,/blagoustroystvo-territoriy/,true,true,internal,pass,
/ulichnaya-mebel/malye-elementy/sidenie-kub/,/stroitelstvo-i-remonty/,/stroitelstvo-i-remonty/,true,true,internal,pass,
/ulichnaya-mebel/malye-elementy/sidenie-kub/,/vypolnennye-obekty/,/vypolnennye-obekty/,true,true,internal,pass,
/ulichnaya-mebel/malye-elementy/sidenie-kub/,/o-nas/,/o-nas/,true,true,internal,pass,
/ulichnaya-mebel/malye-elementy/sidenie-kub/,/kontakty/,/kontakty/,true,true,internal,pass,
/ulichnaya-mebel/malye-elementy/sidenie-kub/,/vakansii/,/vakansii/,true,true,internal,pass,
/ulichnaya-mebel/malye-elementy/sidenie-kub/,tel:+79129735006,,true,true,tel,pass,
/ulichnaya-mebel/malye-elementy/sidenie-kub/,https://t.me/smu1build,,true,true,external,pass,
/ulichnaya-mebel/malye-elementy/sidenie-kub/,#contact,/ulichnaya-mebel/malye-elementy/sidenie-kub/,true,true,anchor,pass,
/ulichnaya-mebel/malye-elementy/sidenie-kub/,/,/,true,true,internal,pass,
/ulichnaya-mebel/malye-elementy/sidenie-kub/,#contact,/ulichnaya-mebel/malye-elementy/sidenie-kub/,true,true,anchor,pass,
/ulichnaya-mebel/malye-elementy/sidenie-kub/,/ulichnaya-mebel/,/ulichnaya-mebel/,true,true,internal,pass,
/ulichnaya-mebel/malye-elementy/sidenie-kub/,/ograzhdeniya-i-zabory/,/ograzhdeniya-i-zabory/,true,true,internal,pass,
/ulichnaya-mebel/malye-elementy/sidenie-kub/,/navesy-i-kozyrki/,/navesy-i-kozyrki/,true,true,internal,pass,
/ulichnaya-mebel/malye-elementy/sidenie-kub/,/topiarii/,/topiarii/,true,true,internal,pass,
/ulichnaya-mebel/malye-elementy/sidenie-kub/,/metallokonstruktsii-dlya-biznesa/,/metallokonstruktsii-dlya-biznesa/,true,true,internal,pass,
/ulichnaya-mebel/malye-elementy/sidenie-kub/,/blagoustroystvo-territoriy/,/blagoustroystvo-territoriy/,true,true,internal,pass,
/ulichnaya-mebel/malye-elementy/sidenie-kub/,/stroitelstvo-i-remonty/,/stroitelstvo-i-remonty/,true,true,internal,pass,
/ulichnaya-mebel/malye-elementy/sidenie-kub/,/izgotovlenie-na-zakaz/,/izgotovlenie-na-zakaz/,true,true,internal,pass,
/ulichnaya-mebel/malye-elementy/sidenie-kub/,/vypolnennye-obekty/,/vypolnennye-obekty/,true,true,internal,pass,
/ulichnaya-mebel/malye-elementy/sidenie-kub/,/o-nas/,/o-nas/,true,true,internal,pass,
/ulichnaya-mebel/malye-elementy/sidenie-kub/,/kontakty/,/kontakty/,true,true,internal,pass,
/ulichnaya-mebel/malye-elementy/sidenie-kub/,/vakansii/,/vakansii/,true,true,internal,pass,
/ulichnaya-mebel/malye-elementy/sidenie-kub/,tel:+79129735006,,true,true,tel,pass,
/ulichnaya-mebel/malye-elementy/sidenie-kub/,tel:+79125799665,,true,true,tel,pass,
/ulichnaya-mebel/malye-elementy/sidenie-kub/,https://t.me/smu1build,,true,true,external,pass,
/ulichnaya-mebel/malye-elementy/sidenie-kub/,mailto:smu1.kurgan@yandex.ru,,true,true,mailto,pass,
/ulichnaya-mebel/malye-elementy/sidenie-kub/,/,/,true,true,internal,pass,
/ulichnaya-mebel/malye-elementy/sidenie-kub/,/ulichnaya-mebel/,/ulichnaya-mebel/,true,true,internal,pass,
/ulichnaya-mebel/malye-elementy/sidenie-kub/,/ulichnaya-mebel/malye-elementy/,/ulichnaya-mebel/malye-elementy/,true,true,internal,pass,
/ulichnaya-mebel/malye-elementy/sidenie-kub/,#contact,/ulichnaya-mebel/malye-elementy/sidenie-kub/,true,true,anchor,pass,
/ulichnaya-mebel/malye-elementy/sidenie-kub/,https://t.me/smu1build,,true,true,external,pass,
/ulichnaya-mebel/malye-elementy/sidenie-kub/,#contact,/ulichnaya-mebel/malye-elementy/sidenie-kub/,true,true,anchor,pass,
/ulichnaya-mebel/malye-elementy/sidenie-kub/,/ulichnaya-mebel/malye-elementy/,/ulichnaya-mebel/malye-elementy/,true,true,internal,pass,
/ulichnaya-mebel/malye-elementy/sidenie-kub/,/ulichnaya-mebel/malye-elementy/sidenie-pilon/,/ulichnaya-mebel/malye-elementy/sidenie-pilon/,true,true,internal,pass,
/ulichnaya-mebel/malye-elementy/sidenie-kub/,https://t.me/smu1build,,true,true,external,pass,
/ulichnaya-mebel/malye-elementy/sidenie-kub/,/izgotovlenie-na-zakaz/,/izgotovlenie-na-zakaz/,true,true,internal,pass,
/ulichnaya-mebel/malye-elementy/sidenie-kub/,tel:+79129735006,,true,true,tel,pass,
/ulichnaya-mebel/malye-elementy/sidenie-kub/,https://t.me/smu1build,,true,true,external,pass,
/ulichnaya-mebel/malye-elementy/sidenie-kub/,mailto:smu1.kurgan@yandex.ru,,true,true,mailto,pass,
/ulichnaya-mebel/malye-elementy/sidenie-kub/,/kontakty/,/kontakty/,true,true,internal,pass,
/ulichnaya-mebel/malye-elementy/sidenie-kub/,/,/,true,true,internal,pass,
/ulichnaya-mebel/malye-elementy/sidenie-kub/,/ulichnaya-mebel/,/ulichnaya-mebel/,true,true,internal,pass,
/ulichnaya-mebel/malye-elementy/sidenie-kub/,/ograzhdeniya-i-zabory/,/ograzhdeniya-i-zabory/,true,true,internal,pass,
/ulichnaya-mebel/malye-elementy/sidenie-kub/,/navesy-i-kozyrki/,/navesy-i-kozyrki/,true,true,internal,pass,
/ulichnaya-mebel/malye-elementy/sidenie-kub/,/metallokonstruktsii-dlya-biznesa/,/metallokonstruktsii-dlya-biznesa/,true,true,internal,pass,
/ulichnaya-mebel/malye-elementy/sidenie-kub/,/topiarii/,/topiarii/,true,true,internal,pass,
/ulichnaya-mebel/malye-elementy/sidenie-kub/,/blagoustroystvo-territoriy/,/blagoustroystvo-territoriy/,true,true,internal,pass,
/ulichnaya-mebel/malye-elementy/sidenie-kub/,/stroitelstvo-i-remonty/,/stroitelstvo-i-remonty/,true,true,internal,pass,
/ulichnaya-mebel/malye-elementy/sidenie-kub/,/ulichnaya-mebel/,/ulichnaya-mebel/,true,true,internal,pass,
/ulichnaya-mebel/malye-elementy/sidenie-kub/,/ograzhdeniya-i-zabory/,/ograzhdeniya-i-zabory/,true,true,internal,pass,
/ulichnaya-mebel/malye-elementy/sidenie-kub/,/navesy-i-kozyrki/,/navesy-i-kozyrki/,true,true,internal,pass,
/ulichnaya-mebel/malye-elementy/sidenie-kub/,/metallokonstruktsii-dlya-biznesa/,/metallokonstruktsii-dlya-biznesa/,true,true,internal,pass,
/ulichnaya-mebel/malye-elementy/sidenie-kub/,/topiarii/,/topiarii/,true,true,internal,pass,
/ulichnaya-mebel/malye-elementy/sidenie-kub/,/blagoustroystvo-territoriy/,/blagoustroystvo-territoriy/,true,true,internal,pass,
/ulichnaya-mebel/malye-elementy/sidenie-kub/,/stroitelstvo-i-remonty/,/stroitelstvo-i-remonty/,true,true,internal,pass,
/ulichnaya-mebel/malye-elementy/sidenie-kub/,/izgotovlenie-na-zakaz/,/izgotovlenie-na-zakaz/,true,true,internal,pass,
/ulichnaya-mebel/malye-elementy/sidenie-kub/,/vypolnennye-obekty/,/vypolnennye-obekty/,true,true,internal,pass,
/ulichnaya-mebel/malye-elementy/sidenie-kub/,/o-nas/,/o-nas/,true,true,internal,pass,
/ulichnaya-mebel/malye-elementy/sidenie-kub/,/kontakty/,/kontakty/,true,true,internal,pass,
/ulichnaya-mebel/malye-elementy/sidenie-kub/,/vakansii/,/vakansii/,true,true,internal,pass,
/ulichnaya-mebel/malye-elementy/sidenie-kub/,/izgotovlenie-na-zakaz/,/izgotovlenie-na-zakaz/,true,true,internal,pass,
/ulichnaya-mebel/malye-elementy/sidenie-kub/,/vypolnennye-obekty/,/vypolnennye-obekty/,true,true,internal,pass,
/ulichnaya-mebel/malye-elementy/sidenie-kub/,/o-nas/,/o-nas/,true,true,internal,pass,
/ulichnaya-mebel/malye-elementy/sidenie-kub/,/kontakty/,/kontakty/,true,true,internal,pass,
/ulichnaya-mebel/malye-elementy/sidenie-kub/,/vakansii/,/vakansii/,true,true,internal,pass,
/ulichnaya-mebel/malye-elementy/sidenie-kub/,#contact,/ulichnaya-mebel/malye-elementy/sidenie-kub/,true,true,anchor,pass,
/ulichnaya-mebel/malye-elementy/sidenie-kub/,tel:+79129735006,,true,true,tel,pass,
/ulichnaya-mebel/malye-elementy/sidenie-kub/,tel:+79125799665,,true,true,tel,pass,
/ulichnaya-mebel/malye-elementy/sidenie-kub/,https://t.me/smu1build,,true,true,external,pass,
/ulichnaya-mebel/malye-elementy/sidenie-kub/,mailto:smu1.kurgan@yandex.ru,,true,true,mailto,pass,
/ulichnaya-mebel/malye-elementy/sidenie-kub/,/politika-konfidencialnosti/,/politika-konfidencialnosti/,true,true,internal,pass,
/ulichnaya-mebel/malye-elementy/sidenie-kub/,/politika-konfidencialnosti/,/politika-konfidencialnosti/,true,true,internal,pass,
/ulichnaya-mebel/malye-elementy/sidenie-pilon/,#main-content,/ulichnaya-mebel/malye-elementy/sidenie-pilon/,true,true,anchor,pass,
/ulichnaya-mebel/malye-elementy/sidenie-pilon/,/,/,true,true,internal,pass,
/ulichnaya-mebel/malye-elementy/sidenie-pilon/,/ulichnaya-mebel/,/ulichnaya-mebel/,true,true,internal,pass,
/ulichnaya-mebel/malye-elementy/sidenie-pilon/,/ograzhdeniya-i-zabory/,/ograzhdeniya-i-zabory/,true,true,internal,pass,
/ulichnaya-mebel/malye-elementy/sidenie-pilon/,/navesy-i-kozyrki/,/navesy-i-kozyrki/,true,true,internal,pass,
/ulichnaya-mebel/malye-elementy/sidenie-pilon/,/topiarii/,/topiarii/,true,true,internal,pass,
/ulichnaya-mebel/malye-elementy/sidenie-pilon/,/izgotovlenie-na-zakaz/,/izgotovlenie-na-zakaz/,true,true,internal,pass,
/ulichnaya-mebel/malye-elementy/sidenie-pilon/,/metallokonstruktsii-dlya-biznesa/,/metallokonstruktsii-dlya-biznesa/,true,true,internal,pass,
/ulichnaya-mebel/malye-elementy/sidenie-pilon/,/blagoustroystvo-territoriy/,/blagoustroystvo-territoriy/,true,true,internal,pass,
/ulichnaya-mebel/malye-elementy/sidenie-pilon/,/stroitelstvo-i-remonty/,/stroitelstvo-i-remonty/,true,true,internal,pass,
/ulichnaya-mebel/malye-elementy/sidenie-pilon/,/vypolnennye-obekty/,/vypolnennye-obekty/,true,true,internal,pass,
/ulichnaya-mebel/malye-elementy/sidenie-pilon/,/o-nas/,/o-nas/,true,true,internal,pass,
/ulichnaya-mebel/malye-elementy/sidenie-pilon/,/kontakty/,/kontakty/,true,true,internal,pass,
/ulichnaya-mebel/malye-elementy/sidenie-pilon/,/vakansii/,/vakansii/,true,true,internal,pass,
/ulichnaya-mebel/malye-elementy/sidenie-pilon/,tel:+79129735006,,true,true,tel,pass,
/ulichnaya-mebel/malye-elementy/sidenie-pilon/,https://t.me/smu1build,,true,true,external,pass,
/ulichnaya-mebel/malye-elementy/sidenie-pilon/,#contact,/ulichnaya-mebel/malye-elementy/sidenie-pilon/,true,true,anchor,pass,
/ulichnaya-mebel/malye-elementy/sidenie-pilon/,/,/,true,true,internal,pass,
/ulichnaya-mebel/malye-elementy/sidenie-pilon/,#contact,/ulichnaya-mebel/malye-elementy/sidenie-pilon/,true,true,anchor,pass,
/ulichnaya-mebel/malye-elementy/sidenie-pilon/,/ulichnaya-mebel/,/ulichnaya-mebel/,true,true,internal,pass,
/ulichnaya-mebel/malye-elementy/sidenie-pilon/,/ograzhdeniya-i-zabory/,/ograzhdeniya-i-zabory/,true,true,internal,pass,
/ulichnaya-mebel/malye-elementy/sidenie-pilon/,/navesy-i-kozyrki/,/navesy-i-kozyrki/,true,true,internal,pass,
/ulichnaya-mebel/malye-elementy/sidenie-pilon/,/topiarii/,/topiarii/,true,true,internal,pass,
/ulichnaya-mebel/malye-elementy/sidenie-pilon/,/metallokonstruktsii-dlya-biznesa/,/metallokonstruktsii-dlya-biznesa/,true,true,internal,pass,
/ulichnaya-mebel/malye-elementy/sidenie-pilon/,/blagoustroystvo-territoriy/,/blagoustroystvo-territoriy/,true,true,internal,pass,
/ulichnaya-mebel/malye-elementy/sidenie-pilon/,/stroitelstvo-i-remonty/,/stroitelstvo-i-remonty/,true,true,internal,pass,
/ulichnaya-mebel/malye-elementy/sidenie-pilon/,/izgotovlenie-na-zakaz/,/izgotovlenie-na-zakaz/,true,true,internal,pass,
/ulichnaya-mebel/malye-elementy/sidenie-pilon/,/vypolnennye-obekty/,/vypolnennye-obekty/,true,true,internal,pass,
/ulichnaya-mebel/malye-elementy/sidenie-pilon/,/o-nas/,/o-nas/,true,true,internal,pass,
/ulichnaya-mebel/malye-elementy/sidenie-pilon/,/kontakty/,/kontakty/,true,true,internal,pass,
/ulichnaya-mebel/malye-elementy/sidenie-pilon/,/vakansii/,/vakansii/,true,true,internal,pass,
/ulichnaya-mebel/malye-elementy/sidenie-pilon/,tel:+79129735006,,true,true,tel,pass,
/ulichnaya-mebel/malye-elementy/sidenie-pilon/,tel:+79125799665,,true,true,tel,pass,
/ulichnaya-mebel/malye-elementy/sidenie-pilon/,https://t.me/smu1build,,true,true,external,pass,
/ulichnaya-mebel/malye-elementy/sidenie-pilon/,mailto:smu1.kurgan@yandex.ru,,true,true,mailto,pass,
/ulichnaya-mebel/malye-elementy/sidenie-pilon/,/,/,true,true,internal,pass,
/ulichnaya-mebel/malye-elementy/sidenie-pilon/,/ulichnaya-mebel/,/ulichnaya-mebel/,true,true,internal,pass,
/ulichnaya-mebel/malye-elementy/sidenie-pilon/,/ulichnaya-mebel/malye-elementy/,/ulichnaya-mebel/malye-elementy/,true,true,internal,pass,
/ulichnaya-mebel/malye-elementy/sidenie-pilon/,#contact,/ulichnaya-mebel/malye-elementy/sidenie-pilon/,true,true,anchor,pass,
/ulichnaya-mebel/malye-elementy/sidenie-pilon/,https://t.me/smu1build,,true,true,external,pass,
/ulichnaya-mebel/malye-elementy/sidenie-pilon/,#contact,/ulichnaya-mebel/malye-elementy/sidenie-pilon/,true,true,anchor,pass,
/ulichnaya-mebel/malye-elementy/sidenie-pilon/,/ulichnaya-mebel/malye-elementy/,/ulichnaya-mebel/malye-elementy/,true,true,internal,pass,
/ulichnaya-mebel/malye-elementy/sidenie-pilon/,/ulichnaya-mebel/malye-elementy/sidenie-kub/,/ulichnaya-mebel/malye-elementy/sidenie-kub/,true,true,internal,pass,
/ulichnaya-mebel/malye-elementy/sidenie-pilon/,https://t.me/smu1build,,true,true,external,pass,
/ulichnaya-mebel/malye-elementy/sidenie-pilon/,/izgotovlenie-na-zakaz/,/izgotovlenie-na-zakaz/,true,true,internal,pass,
/ulichnaya-mebel/malye-elementy/sidenie-pilon/,tel:+79129735006,,true,true,tel,pass,
/ulichnaya-mebel/malye-elementy/sidenie-pilon/,https://t.me/smu1build,,true,true,external,pass,
/ulichnaya-mebel/malye-elementy/sidenie-pilon/,mailto:smu1.kurgan@yandex.ru,,true,true,mailto,pass,
/ulichnaya-mebel/malye-elementy/sidenie-pilon/,/kontakty/,/kontakty/,true,true,internal,pass,
/ulichnaya-mebel/malye-elementy/sidenie-pilon/,/,/,true,true,internal,pass,
/ulichnaya-mebel/malye-elementy/sidenie-pilon/,/ulichnaya-mebel/,/ulichnaya-mebel/,true,true,internal,pass,
/ulichnaya-mebel/malye-elementy/sidenie-pilon/,/ograzhdeniya-i-zabory/,/ograzhdeniya-i-zabory/,true,true,internal,pass,
/ulichnaya-mebel/malye-elementy/sidenie-pilon/,/navesy-i-kozyrki/,/navesy-i-kozyrki/,true,true,internal,pass,
/ulichnaya-mebel/malye-elementy/sidenie-pilon/,/metallokonstruktsii-dlya-biznesa/,/metallokonstruktsii-dlya-biznesa/,true,true,internal,pass,
/ulichnaya-mebel/malye-elementy/sidenie-pilon/,/topiarii/,/topiarii/,true,true,internal,pass,
/ulichnaya-mebel/malye-elementy/sidenie-pilon/,/blagoustroystvo-territoriy/,/blagoustroystvo-territoriy/,true,true,internal,pass,
/ulichnaya-mebel/malye-elementy/sidenie-pilon/,/stroitelstvo-i-remonty/,/stroitelstvo-i-remonty/,true,true,internal,pass,
/ulichnaya-mebel/malye-elementy/sidenie-pilon/,/ulichnaya-mebel/,/ulichnaya-mebel/,true,true,internal,pass,
/ulichnaya-mebel/malye-elementy/sidenie-pilon/,/ograzhdeniya-i-zabory/,/ograzhdeniya-i-zabory/,true,true,internal,pass,
/ulichnaya-mebel/malye-elementy/sidenie-pilon/,/navesy-i-kozyrki/,/navesy-i-kozyrki/,true,true,internal,pass,
/ulichnaya-mebel/malye-elementy/sidenie-pilon/,/metallokonstruktsii-dlya-biznesa/,/metallokonstruktsii-dlya-biznesa/,true,true,internal,pass,
/ulichnaya-mebel/malye-elementy/sidenie-pilon/,/topiarii/,/topiarii/,true,true,internal,pass,
/ulichnaya-mebel/malye-elementy/sidenie-pilon/,/blagoustroystvo-territoriy/,/blagoustroystvo-territoriy/,true,true,internal,pass,
/ulichnaya-mebel/malye-elementy/sidenie-pilon/,/stroitelstvo-i-remonty/,/stroitelstvo-i-remonty/,true,true,internal,pass,
/ulichnaya-mebel/malye-elementy/sidenie-pilon/,/izgotovlenie-na-zakaz/,/izgotovlenie-na-zakaz/,true,true,internal,pass,
/ulichnaya-mebel/malye-elementy/sidenie-pilon/,/vypolnennye-obekty/,/vypolnennye-obekty/,true,true,internal,pass,
/ulichnaya-mebel/malye-elementy/sidenie-pilon/,/o-nas/,/o-nas/,true,true,internal,pass,
/ulichnaya-mebel/malye-elementy/sidenie-pilon/,/kontakty/,/kontakty/,true,true,internal,pass,
/ulichnaya-mebel/malye-elementy/sidenie-pilon/,/vakansii/,/vakansii/,true,true,internal,pass,
/ulichnaya-mebel/malye-elementy/sidenie-pilon/,/izgotovlenie-na-zakaz/,/izgotovlenie-na-zakaz/,true,true,internal,pass,
/ulichnaya-mebel/malye-elementy/sidenie-pilon/,/vypolnennye-obekty/,/vypolnennye-obekty/,true,true,internal,pass,
/ulichnaya-mebel/malye-elementy/sidenie-pilon/,/o-nas/,/o-nas/,true,true,internal,pass,
/ulichnaya-mebel/malye-elementy/sidenie-pilon/,/kontakty/,/kontakty/,true,true,internal,pass,
/ulichnaya-mebel/malye-elementy/sidenie-pilon/,/vakansii/,/vakansii/,true,true,internal,pass,
/ulichnaya-mebel/malye-elementy/sidenie-pilon/,#contact,/ulichnaya-mebel/malye-elementy/sidenie-pilon/,true,true,anchor,pass,
/ulichnaya-mebel/malye-elementy/sidenie-pilon/,tel:+79129735006,,true,true,tel,pass,
/ulichnaya-mebel/malye-elementy/sidenie-pilon/,tel:+79125799665,,true,true,tel,pass,
/ulichnaya-mebel/malye-elementy/sidenie-pilon/,https://t.me/smu1build,,true,true,external,pass,
/ulichnaya-mebel/malye-elementy/sidenie-pilon/,mailto:smu1.kurgan@yandex.ru,,true,true,mailto,pass,
/ulichnaya-mebel/malye-elementy/sidenie-pilon/,/politika-konfidencialnosti/,/politika-konfidencialnosti/,true,true,internal,pass,
/ulichnaya-mebel/malye-elementy/sidenie-pilon/,/politika-konfidencialnosti/,/politika-konfidencialnosti/,true,true,internal,pass,
/ulichnaya-mebel/lavochki-i-skameyki/skamya-bulvar/,#main-content,/ulichnaya-mebel/lavochki-i-skameyki/skamya-bulvar/,true,true,anchor,pass,
/ulichnaya-mebel/lavochki-i-skameyki/skamya-bulvar/,/,/,true,true,internal,pass,
/ulichnaya-mebel/lavochki-i-skameyki/skamya-bulvar/,/ulichnaya-mebel/,/ulichnaya-mebel/,true,true,internal,pass,
/ulichnaya-mebel/lavochki-i-skameyki/skamya-bulvar/,/ograzhdeniya-i-zabory/,/ograzhdeniya-i-zabory/,true,true,internal,pass,
/ulichnaya-mebel/lavochki-i-skameyki/skamya-bulvar/,/navesy-i-kozyrki/,/navesy-i-kozyrki/,true,true,internal,pass,
/ulichnaya-mebel/lavochki-i-skameyki/skamya-bulvar/,/topiarii/,/topiarii/,true,true,internal,pass,
/ulichnaya-mebel/lavochki-i-skameyki/skamya-bulvar/,/izgotovlenie-na-zakaz/,/izgotovlenie-na-zakaz/,true,true,internal,pass,
/ulichnaya-mebel/lavochki-i-skameyki/skamya-bulvar/,/metallokonstruktsii-dlya-biznesa/,/metallokonstruktsii-dlya-biznesa/,true,true,internal,pass,
/ulichnaya-mebel/lavochki-i-skameyki/skamya-bulvar/,/blagoustroystvo-territoriy/,/blagoustroystvo-territoriy/,true,true,internal,pass,
/ulichnaya-mebel/lavochki-i-skameyki/skamya-bulvar/,/stroitelstvo-i-remonty/,/stroitelstvo-i-remonty/,true,true,internal,pass,
/ulichnaya-mebel/lavochki-i-skameyki/skamya-bulvar/,/vypolnennye-obekty/,/vypolnennye-obekty/,true,true,internal,pass,
/ulichnaya-mebel/lavochki-i-skameyki/skamya-bulvar/,/o-nas/,/o-nas/,true,true,internal,pass,
/ulichnaya-mebel/lavochki-i-skameyki/skamya-bulvar/,/kontakty/,/kontakty/,true,true,internal,pass,
/ulichnaya-mebel/lavochki-i-skameyki/skamya-bulvar/,/vakansii/,/vakansii/,true,true,internal,pass,
/ulichnaya-mebel/lavochki-i-skameyki/skamya-bulvar/,tel:+79129735006,,true,true,tel,pass,
/ulichnaya-mebel/lavochki-i-skameyki/skamya-bulvar/,https://t.me/smu1build,,true,true,external,pass,
/ulichnaya-mebel/lavochki-i-skameyki/skamya-bulvar/,#contact,/ulichnaya-mebel/lavochki-i-skameyki/skamya-bulvar/,true,true,anchor,pass,
/ulichnaya-mebel/lavochki-i-skameyki/skamya-bulvar/,/,/,true,true,internal,pass,
/ulichnaya-mebel/lavochki-i-skameyki/skamya-bulvar/,#contact,/ulichnaya-mebel/lavochki-i-skameyki/skamya-bulvar/,true,true,anchor,pass,
/ulichnaya-mebel/lavochki-i-skameyki/skamya-bulvar/,/ulichnaya-mebel/,/ulichnaya-mebel/,true,true,internal,pass,
/ulichnaya-mebel/lavochki-i-skameyki/skamya-bulvar/,/ograzhdeniya-i-zabory/,/ograzhdeniya-i-zabory/,true,true,internal,pass,
/ulichnaya-mebel/lavochki-i-skameyki/skamya-bulvar/,/navesy-i-kozyrki/,/navesy-i-kozyrki/,true,true,internal,pass,
/ulichnaya-mebel/lavochki-i-skameyki/skamya-bulvar/,/topiarii/,/topiarii/,true,true,internal,pass,
/ulichnaya-mebel/lavochki-i-skameyki/skamya-bulvar/,/metallokonstruktsii-dlya-biznesa/,/metallokonstruktsii-dlya-biznesa/,true,true,internal,pass,
/ulichnaya-mebel/lavochki-i-skameyki/skamya-bulvar/,/blagoustroystvo-territoriy/,/blagoustroystvo-territoriy/,true,true,internal,pass,
/ulichnaya-mebel/lavochki-i-skameyki/skamya-bulvar/,/stroitelstvo-i-remonty/,/stroitelstvo-i-remonty/,true,true,internal,pass,
/ulichnaya-mebel/lavochki-i-skameyki/skamya-bulvar/,/izgotovlenie-na-zakaz/,/izgotovlenie-na-zakaz/,true,true,internal,pass,
/ulichnaya-mebel/lavochki-i-skameyki/skamya-bulvar/,/vypolnennye-obekty/,/vypolnennye-obekty/,true,true,internal,pass,
/ulichnaya-mebel/lavochki-i-skameyki/skamya-bulvar/,/o-nas/,/o-nas/,true,true,internal,pass,
/ulichnaya-mebel/lavochki-i-skameyki/skamya-bulvar/,/kontakty/,/kontakty/,true,true,internal,pass,
/ulichnaya-mebel/lavochki-i-skameyki/skamya-bulvar/,/vakansii/,/vakansii/,true,true,internal,pass,
/ulichnaya-mebel/lavochki-i-skameyki/skamya-bulvar/,tel:+79129735006,,true,true,tel,pass,
/ulichnaya-mebel/lavochki-i-skameyki/skamya-bulvar/,tel:+79125799665,,true,true,tel,pass,
/ulichnaya-mebel/lavochki-i-skameyki/skamya-bulvar/,https://t.me/smu1build,,true,true,external,pass,
/ulichnaya-mebel/lavochki-i-skameyki/skamya-bulvar/,mailto:smu1.kurgan@yandex.ru,,true,true,mailto,pass,
/ulichnaya-mebel/lavochki-i-skameyki/skamya-bulvar/,/,/,true,true,internal,pass,
/ulichnaya-mebel/lavochki-i-skameyki/skamya-bulvar/,/ulichnaya-mebel/,/ulichnaya-mebel/,true,true,internal,pass,
/ulichnaya-mebel/lavochki-i-skameyki/skamya-bulvar/,/ulichnaya-mebel/lavochki-i-skameyki/,/ulichnaya-mebel/lavochki-i-skameyki/,true,true,internal,pass,
/ulichnaya-mebel/lavochki-i-skameyki/skamya-bulvar/,#contact,/ulichnaya-mebel/lavochki-i-skameyki/skamya-bulvar/,true,true,anchor,pass,
/ulichnaya-mebel/lavochki-i-skameyki/skamya-bulvar/,https://t.me/smu1build,,true,true,external,pass,
/ulichnaya-mebel/lavochki-i-skameyki/skamya-bulvar/,#contact,/ulichnaya-mebel/lavochki-i-skameyki/skamya-bulvar/,true,true,anchor,pass,
/ulichnaya-mebel/lavochki-i-skameyki/skamya-bulvar/,/ulichnaya-mebel/lavochki-i-skameyki/,/ulichnaya-mebel/lavochki-i-skameyki/,true,true,internal,pass,
/ulichnaya-mebel/lavochki-i-skameyki/skamya-bulvar/,/ulichnaya-mebel/lavochki-i-skameyki/skamya-smu1-bazovaya/,/ulichnaya-mebel/lavochki-i-skameyki/skamya-smu1-bazovaya/,true,true,internal,pass,
/ulichnaya-mebel/lavochki-i-skameyki/skamya-bulvar/,/ulichnaya-mebel/lavochki-i-skameyki/skamya-loft/,/ulichnaya-mebel/lavochki-i-skameyki/skamya-loft/,true,true,internal,pass,
/ulichnaya-mebel/lavochki-i-skameyki/skamya-bulvar/,/ulichnaya-mebel/lavochki-i-skameyki/skamya-volna/,/ulichnaya-mebel/lavochki-i-skameyki/skamya-volna/,true,true,internal,pass,
/ulichnaya-mebel/lavochki-i-skameyki/skamya-bulvar/,/ulichnaya-mebel/lavochki-i-skameyki/skamya-liniya/,/ulichnaya-mebel/lavochki-i-skameyki/skamya-liniya/,true,true,internal,pass,
/ulichnaya-mebel/lavochki-i-skameyki/skamya-bulvar/,https://t.me/smu1build,,true,true,external,pass,
/ulichnaya-mebel/lavochki-i-skameyki/skamya-bulvar/,/izgotovlenie-na-zakaz/,/izgotovlenie-na-zakaz/,true,true,internal,pass,
/ulichnaya-mebel/lavochki-i-skameyki/skamya-bulvar/,tel:+79129735006,,true,true,tel,pass,
/ulichnaya-mebel/lavochki-i-skameyki/skamya-bulvar/,https://t.me/smu1build,,true,true,external,pass,
/ulichnaya-mebel/lavochki-i-skameyki/skamya-bulvar/,mailto:smu1.kurgan@yandex.ru,,true,true,mailto,pass,
/ulichnaya-mebel/lavochki-i-skameyki/skamya-bulvar/,/kontakty/,/kontakty/,true,true,internal,pass,
/ulichnaya-mebel/lavochki-i-skameyki/skamya-bulvar/,/,/,true,true,internal,pass,
/ulichnaya-mebel/lavochki-i-skameyki/skamya-bulvar/,/ulichnaya-mebel/,/ulichnaya-mebel/,true,true,internal,pass,
/ulichnaya-mebel/lavochki-i-skameyki/skamya-bulvar/,/ograzhdeniya-i-zabory/,/ograzhdeniya-i-zabory/,true,true,internal,pass,
/ulichnaya-mebel/lavochki-i-skameyki/skamya-bulvar/,/navesy-i-kozyrki/,/navesy-i-kozyrki/,true,true,internal,pass,
/ulichnaya-mebel/lavochki-i-skameyki/skamya-bulvar/,/metallokonstruktsii-dlya-biznesa/,/metallokonstruktsii-dlya-biznesa/,true,true,internal,pass,
/ulichnaya-mebel/lavochki-i-skameyki/skamya-bulvar/,/topiarii/,/topiarii/,true,true,internal,pass,
/ulichnaya-mebel/lavochki-i-skameyki/skamya-bulvar/,/blagoustroystvo-territoriy/,/blagoustroystvo-territoriy/,true,true,internal,pass,
/ulichnaya-mebel/lavochki-i-skameyki/skamya-bulvar/,/stroitelstvo-i-remonty/,/stroitelstvo-i-remonty/,true,true,internal,pass,
/ulichnaya-mebel/lavochki-i-skameyki/skamya-bulvar/,/ulichnaya-mebel/,/ulichnaya-mebel/,true,true,internal,pass,
/ulichnaya-mebel/lavochki-i-skameyki/skamya-bulvar/,/ograzhdeniya-i-zabory/,/ograzhdeniya-i-zabory/,true,true,internal,pass,
/ulichnaya-mebel/lavochki-i-skameyki/skamya-bulvar/,/navesy-i-kozyrki/,/navesy-i-kozyrki/,true,true,internal,pass,
/ulichnaya-mebel/lavochki-i-skameyki/skamya-bulvar/,/metallokonstruktsii-dlya-biznesa/,/metallokonstruktsii-dlya-biznesa/,true,true,internal,pass,
/ulichnaya-mebel/lavochki-i-skameyki/skamya-bulvar/,/topiarii/,/topiarii/,true,true,internal,pass,
/ulichnaya-mebel/lavochki-i-skameyki/skamya-bulvar/,/blagoustroystvo-territoriy/,/blagoustroystvo-territoriy/,true,true,internal,pass,
/ulichnaya-mebel/lavochki-i-skameyki/skamya-bulvar/,/stroitelstvo-i-remonty/,/stroitelstvo-i-remonty/,true,true,internal,pass,
/ulichnaya-mebel/lavochki-i-skameyki/skamya-bulvar/,/izgotovlenie-na-zakaz/,/izgotovlenie-na-zakaz/,true,true,internal,pass,
/ulichnaya-mebel/lavochki-i-skameyki/skamya-bulvar/,/vypolnennye-obekty/,/vypolnennye-obekty/,true,true,internal,pass,
/ulichnaya-mebel/lavochki-i-skameyki/skamya-bulvar/,/o-nas/,/o-nas/,true,true,internal,pass,
/ulichnaya-mebel/lavochki-i-skameyki/skamya-bulvar/,/kontakty/,/kontakty/,true,true,internal,pass,
/ulichnaya-mebel/lavochki-i-skameyki/skamya-bulvar/,/vakansii/,/vakansii/,true,true,internal,pass,
/ulichnaya-mebel/lavochki-i-skameyki/skamya-bulvar/,/izgotovlenie-na-zakaz/,/izgotovlenie-na-zakaz/,true,true,internal,pass,
/ulichnaya-mebel/lavochki-i-skameyki/skamya-bulvar/,/vypolnennye-obekty/,/vypolnennye-obekty/,true,true,internal,pass,
/ulichnaya-mebel/lavochki-i-skameyki/skamya-bulvar/,/o-nas/,/o-nas/,true,true,internal,pass,
/ulichnaya-mebel/lavochki-i-skameyki/skamya-bulvar/,/kontakty/,/kontakty/,true,true,internal,pass,
/ulichnaya-mebel/lavochki-i-skameyki/skamya-bulvar/,/vakansii/,/vakansii/,true,true,internal,pass,
/ulichnaya-mebel/lavochki-i-skameyki/skamya-bulvar/,#contact,/ulichnaya-mebel/lavochki-i-skameyki/skamya-bulvar/,true,true,anchor,pass,
/ulichnaya-mebel/lavochki-i-skameyki/skamya-bulvar/,tel:+79129735006,,true,true,tel,pass,
/ulichnaya-mebel/lavochki-i-skameyki/skamya-bulvar/,tel:+79125799665,,true,true,tel,pass,
/ulichnaya-mebel/lavochki-i-skameyki/skamya-bulvar/,https://t.me/smu1build,,true,true,external,pass,
/ulichnaya-mebel/lavochki-i-skameyki/skamya-bulvar/,mailto:smu1.kurgan@yandex.ru,,true,true,mailto,pass,
/ulichnaya-mebel/lavochki-i-skameyki/skamya-bulvar/,/politika-konfidencialnosti/,/politika-konfidencialnosti/,true,true,internal,pass,
/ulichnaya-mebel/lavochki-i-skameyki/skamya-bulvar/,/politika-konfidencialnosti/,/politika-konfidencialnosti/,true,true,internal,pass,
/ulichnaya-mebel/lavochki-i-skameyki/skamya-kapsula/,#main-content,/ulichnaya-mebel/lavochki-i-skameyki/skamya-kapsula/,true,true,anchor,pass,
/ulichnaya-mebel/lavochki-i-skameyki/skamya-kapsula/,/,/,true,true,internal,pass,
/ulichnaya-mebel/lavochki-i-skameyki/skamya-kapsula/,/ulichnaya-mebel/,/ulichnaya-mebel/,true,true,internal,pass,
/ulichnaya-mebel/lavochki-i-skameyki/skamya-kapsula/,/ograzhdeniya-i-zabory/,/ograzhdeniya-i-zabory/,true,true,internal,pass,
/ulichnaya-mebel/lavochki-i-skameyki/skamya-kapsula/,/navesy-i-kozyrki/,/navesy-i-kozyrki/,true,true,internal,pass,
/ulichnaya-mebel/lavochki-i-skameyki/skamya-kapsula/,/topiarii/,/topiarii/,true,true,internal,pass,
/ulichnaya-mebel/lavochki-i-skameyki/skamya-kapsula/,/izgotovlenie-na-zakaz/,/izgotovlenie-na-zakaz/,true,true,internal,pass,
/ulichnaya-mebel/lavochki-i-skameyki/skamya-kapsula/,/metallokonstruktsii-dlya-biznesa/,/metallokonstruktsii-dlya-biznesa/,true,true,internal,pass,
/ulichnaya-mebel/lavochki-i-skameyki/skamya-kapsula/,/blagoustroystvo-territoriy/,/blagoustroystvo-territoriy/,true,true,internal,pass,
/ulichnaya-mebel/lavochki-i-skameyki/skamya-kapsula/,/stroitelstvo-i-remonty/,/stroitelstvo-i-remonty/,true,true,internal,pass,
/ulichnaya-mebel/lavochki-i-skameyki/skamya-kapsula/,/vypolnennye-obekty/,/vypolnennye-obekty/,true,true,internal,pass,
/ulichnaya-mebel/lavochki-i-skameyki/skamya-kapsula/,/o-nas/,/o-nas/,true,true,internal,pass,
/ulichnaya-mebel/lavochki-i-skameyki/skamya-kapsula/,/kontakty/,/kontakty/,true,true,internal,pass,
/ulichnaya-mebel/lavochki-i-skameyki/skamya-kapsula/,/vakansii/,/vakansii/,true,true,internal,pass,
/ulichnaya-mebel/lavochki-i-skameyki/skamya-kapsula/,tel:+79129735006,,true,true,tel,pass,
/ulichnaya-mebel/lavochki-i-skameyki/skamya-kapsula/,https://t.me/smu1build,,true,true,external,pass,
/ulichnaya-mebel/lavochki-i-skameyki/skamya-kapsula/,#contact,/ulichnaya-mebel/lavochki-i-skameyki/skamya-kapsula/,true,true,anchor,pass,
/ulichnaya-mebel/lavochki-i-skameyki/skamya-kapsula/,/,/,true,true,internal,pass,
/ulichnaya-mebel/lavochki-i-skameyki/skamya-kapsula/,#contact,/ulichnaya-mebel/lavochki-i-skameyki/skamya-kapsula/,true,true,anchor,pass,
/ulichnaya-mebel/lavochki-i-skameyki/skamya-kapsula/,/ulichnaya-mebel/,/ulichnaya-mebel/,true,true,internal,pass,
/ulichnaya-mebel/lavochki-i-skameyki/skamya-kapsula/,/ograzhdeniya-i-zabory/,/ograzhdeniya-i-zabory/,true,true,internal,pass,
/ulichnaya-mebel/lavochki-i-skameyki/skamya-kapsula/,/navesy-i-kozyrki/,/navesy-i-kozyrki/,true,true,internal,pass,
/ulichnaya-mebel/lavochki-i-skameyki/skamya-kapsula/,/topiarii/,/topiarii/,true,true,internal,pass,
/ulichnaya-mebel/lavochki-i-skameyki/skamya-kapsula/,/metallokonstruktsii-dlya-biznesa/,/metallokonstruktsii-dlya-biznesa/,true,true,internal,pass,
/ulichnaya-mebel/lavochki-i-skameyki/skamya-kapsula/,/blagoustroystvo-territoriy/,/blagoustroystvo-territoriy/,true,true,internal,pass,
/ulichnaya-mebel/lavochki-i-skameyki/skamya-kapsula/,/stroitelstvo-i-remonty/,/stroitelstvo-i-remonty/,true,true,internal,pass,
/ulichnaya-mebel/lavochki-i-skameyki/skamya-kapsula/,/izgotovlenie-na-zakaz/,/izgotovlenie-na-zakaz/,true,true,internal,pass,
/ulichnaya-mebel/lavochki-i-skameyki/skamya-kapsula/,/vypolnennye-obekty/,/vypolnennye-obekty/,true,true,internal,pass,
/ulichnaya-mebel/lavochki-i-skameyki/skamya-kapsula/,/o-nas/,/o-nas/,true,true,internal,pass,
/ulichnaya-mebel/lavochki-i-skameyki/skamya-kapsula/,/kontakty/,/kontakty/,true,true,internal,pass,
/ulichnaya-mebel/lavochki-i-skameyki/skamya-kapsula/,/vakansii/,/vakansii/,true,true,internal,pass,
/ulichnaya-mebel/lavochki-i-skameyki/skamya-kapsula/,tel:+79129735006,,true,true,tel,pass,
/ulichnaya-mebel/lavochki-i-skameyki/skamya-kapsula/,tel:+79125799665,,true,true,tel,pass,
/ulichnaya-mebel/lavochki-i-skameyki/skamya-kapsula/,https://t.me/smu1build,,true,true,external,pass,
/ulichnaya-mebel/lavochki-i-skameyki/skamya-kapsula/,mailto:smu1.kurgan@yandex.ru,,true,true,mailto,pass,
/ulichnaya-mebel/lavochki-i-skameyki/skamya-kapsula/,/,/,true,true,internal,pass,
/ulichnaya-mebel/lavochki-i-skameyki/skamya-kapsula/,/ulichnaya-mebel/,/ulichnaya-mebel/,true,true,internal,pass,
/ulichnaya-mebel/lavochki-i-skameyki/skamya-kapsula/,/ulichnaya-mebel/lavochki-i-skameyki/,/ulichnaya-mebel/lavochki-i-skameyki/,true,true,internal,pass,
/ulichnaya-mebel/lavochki-i-skameyki/skamya-kapsula/,#contact,/ulichnaya-mebel/lavochki-i-skameyki/skamya-kapsula/,true,true,anchor,pass,
/ulichnaya-mebel/lavochki-i-skameyki/skamya-kapsula/,https://t.me/smu1build,,true,true,external,pass,
/ulichnaya-mebel/lavochki-i-skameyki/skamya-kapsula/,#contact,/ulichnaya-mebel/lavochki-i-skameyki/skamya-kapsula/,true,true,anchor,pass,
/ulichnaya-mebel/lavochki-i-skameyki/skamya-kapsula/,/ulichnaya-mebel/lavochki-i-skameyki/,/ulichnaya-mebel/lavochki-i-skameyki/,true,true,internal,pass,
/ulichnaya-mebel/lavochki-i-skameyki/skamya-kapsula/,/ulichnaya-mebel/lavochki-i-skameyki/skamya-smu1-bazovaya/,/ulichnaya-mebel/lavochki-i-skameyki/skamya-smu1-bazovaya/,true,true,internal,pass,
/ulichnaya-mebel/lavochki-i-skameyki/skamya-kapsula/,/ulichnaya-mebel/lavochki-i-skameyki/skamya-loft/,/ulichnaya-mebel/lavochki-i-skameyki/skamya-loft/,true,true,internal,pass,
/ulichnaya-mebel/lavochki-i-skameyki/skamya-kapsula/,/ulichnaya-mebel/lavochki-i-skameyki/skamya-volna/,/ulichnaya-mebel/lavochki-i-skameyki/skamya-volna/,true,true,internal,pass,
/ulichnaya-mebel/lavochki-i-skameyki/skamya-kapsula/,/ulichnaya-mebel/lavochki-i-skameyki/skamya-liniya/,/ulichnaya-mebel/lavochki-i-skameyki/skamya-liniya/,true,true,internal,pass,
/ulichnaya-mebel/lavochki-i-skameyki/skamya-kapsula/,https://t.me/smu1build,,true,true,external,pass,
/ulichnaya-mebel/lavochki-i-skameyki/skamya-kapsula/,/izgotovlenie-na-zakaz/,/izgotovlenie-na-zakaz/,true,true,internal,pass,
/ulichnaya-mebel/lavochki-i-skameyki/skamya-kapsula/,tel:+79129735006,,true,true,tel,pass,
/ulichnaya-mebel/lavochki-i-skameyki/skamya-kapsula/,https://t.me/smu1build,,true,true,external,pass,
/ulichnaya-mebel/lavochki-i-skameyki/skamya-kapsula/,mailto:smu1.kurgan@yandex.ru,,true,true,mailto,pass,
/ulichnaya-mebel/lavochki-i-skameyki/skamya-kapsula/,/kontakty/,/kontakty/,true,true,internal,pass,
/ulichnaya-mebel/lavochki-i-skameyki/skamya-kapsula/,/,/,true,true,internal,pass,
/ulichnaya-mebel/lavochki-i-skameyki/skamya-kapsula/,/ulichnaya-mebel/,/ulichnaya-mebel/,true,true,internal,pass,
/ulichnaya-mebel/lavochki-i-skameyki/skamya-kapsula/,/ograzhdeniya-i-zabory/,/ograzhdeniya-i-zabory/,true,true,internal,pass,
/ulichnaya-mebel/lavochki-i-skameyki/skamya-kapsula/,/navesy-i-kozyrki/,/navesy-i-kozyrki/,true,true,internal,pass,
/ulichnaya-mebel/lavochki-i-skameyki/skamya-kapsula/,/metallokonstruktsii-dlya-biznesa/,/metallokonstruktsii-dlya-biznesa/,true,true,internal,pass,
/ulichnaya-mebel/lavochki-i-skameyki/skamya-kapsula/,/topiarii/,/topiarii/,true,true,internal,pass,
/ulichnaya-mebel/lavochki-i-skameyki/skamya-kapsula/,/blagoustroystvo-territoriy/,/blagoustroystvo-territoriy/,true,true,internal,pass,
/ulichnaya-mebel/lavochki-i-skameyki/skamya-kapsula/,/stroitelstvo-i-remonty/,/stroitelstvo-i-remonty/,true,true,internal,pass,
/ulichnaya-mebel/lavochki-i-skameyki/skamya-kapsula/,/ulichnaya-mebel/,/ulichnaya-mebel/,true,true,internal,pass,
/ulichnaya-mebel/lavochki-i-skameyki/skamya-kapsula/,/ograzhdeniya-i-zabory/,/ograzhdeniya-i-zabory/,true,true,internal,pass,
/ulichnaya-mebel/lavochki-i-skameyki/skamya-kapsula/,/navesy-i-kozyrki/,/navesy-i-kozyrki/,true,true,internal,pass,
/ulichnaya-mebel/lavochki-i-skameyki/skamya-kapsula/,/metallokonstruktsii-dlya-biznesa/,/metallokonstruktsii-dlya-biznesa/,true,true,internal,pass,
/ulichnaya-mebel/lavochki-i-skameyki/skamya-kapsula/,/topiarii/,/topiarii/,true,true,internal,pass,
/ulichnaya-mebel/lavochki-i-skameyki/skamya-kapsula/,/blagoustroystvo-territoriy/,/blagoustroystvo-territoriy/,true,true,internal,pass,
/ulichnaya-mebel/lavochki-i-skameyki/skamya-kapsula/,/stroitelstvo-i-remonty/,/stroitelstvo-i-remonty/,true,true,internal,pass,
/ulichnaya-mebel/lavochki-i-skameyki/skamya-kapsula/,/izgotovlenie-na-zakaz/,/izgotovlenie-na-zakaz/,true,true,internal,pass,
/ulichnaya-mebel/lavochki-i-skameyki/skamya-kapsula/,/vypolnennye-obekty/,/vypolnennye-obekty/,true,true,internal,pass,
/ulichnaya-mebel/lavochki-i-skameyki/skamya-kapsula/,/o-nas/,/o-nas/,true,true,internal,pass,
/ulichnaya-mebel/lavochki-i-skameyki/skamya-kapsula/,/kontakty/,/kontakty/,true,true,internal,pass,
/ulichnaya-mebel/lavochki-i-skameyki/skamya-kapsula/,/vakansii/,/vakansii/,true,true,internal,pass,
/ulichnaya-mebel/lavochki-i-skameyki/skamya-kapsula/,/izgotovlenie-na-zakaz/,/izgotovlenie-na-zakaz/,true,true,internal,pass,
/ulichnaya-mebel/lavochki-i-skameyki/skamya-kapsula/,/vypolnennye-obekty/,/vypolnennye-obekty/,true,true,internal,pass,
/ulichnaya-mebel/lavochki-i-skameyki/skamya-kapsula/,/o-nas/,/o-nas/,true,true,internal,pass,
/ulichnaya-mebel/lavochki-i-skameyki/skamya-kapsula/,/kontakty/,/kontakty/,true,true,internal,pass,
/ulichnaya-mebel/lavochki-i-skameyki/skamya-kapsula/,/vakansii/,/vakansii/,true,true,internal,pass,
/ulichnaya-mebel/lavochki-i-skameyki/skamya-kapsula/,#contact,/ulichnaya-mebel/lavochki-i-skameyki/skamya-kapsula/,true,true,anchor,pass,
/ulichnaya-mebel/lavochki-i-skameyki/skamya-kapsula/,tel:+79129735006,,true,true,tel,pass,
/ulichnaya-mebel/lavochki-i-skameyki/skamya-kapsula/,tel:+79125799665,,true,true,tel,pass,
/ulichnaya-mebel/lavochki-i-skameyki/skamya-kapsula/,https://t.me/smu1build,,true,true,external,pass,
/ulichnaya-mebel/lavochki-i-skameyki/skamya-kapsula/,mailto:smu1.kurgan@yandex.ru,,true,true,mailto,pass,
/ulichnaya-mebel/lavochki-i-skameyki/skamya-kapsula/,/politika-konfidencialnosti/,/politika-konfidencialnosti/,true,true,internal,pass,
/ulichnaya-mebel/lavochki-i-skameyki/skamya-kapsula/,/politika-konfidencialnosti/,/politika-konfidencialnosti/,true,true,internal,pass,
/ulichnaya-mebel/lavochki-i-skameyki/skamya-kontur/,#main-content,/ulichnaya-mebel/lavochki-i-skameyki/skamya-kontur/,true,true,anchor,pass,
/ulichnaya-mebel/lavochki-i-skameyki/skamya-kontur/,/,/,true,true,internal,pass,
/ulichnaya-mebel/lavochki-i-skameyki/skamya-kontur/,/ulichnaya-mebel/,/ulichnaya-mebel/,true,true,internal,pass,
/ulichnaya-mebel/lavochki-i-skameyki/skamya-kontur/,/ograzhdeniya-i-zabory/,/ograzhdeniya-i-zabory/,true,true,internal,pass,
/ulichnaya-mebel/lavochki-i-skameyki/skamya-kontur/,/navesy-i-kozyrki/,/navesy-i-kozyrki/,true,true,internal,pass,
/ulichnaya-mebel/lavochki-i-skameyki/skamya-kontur/,/topiarii/,/topiarii/,true,true,internal,pass,
/ulichnaya-mebel/lavochki-i-skameyki/skamya-kontur/,/izgotovlenie-na-zakaz/,/izgotovlenie-na-zakaz/,true,true,internal,pass,
/ulichnaya-mebel/lavochki-i-skameyki/skamya-kontur/,/metallokonstruktsii-dlya-biznesa/,/metallokonstruktsii-dlya-biznesa/,true,true,internal,pass,
/ulichnaya-mebel/lavochki-i-skameyki/skamya-kontur/,/blagoustroystvo-territoriy/,/blagoustroystvo-territoriy/,true,true,internal,pass,
/ulichnaya-mebel/lavochki-i-skameyki/skamya-kontur/,/stroitelstvo-i-remonty/,/stroitelstvo-i-remonty/,true,true,internal,pass,
/ulichnaya-mebel/lavochki-i-skameyki/skamya-kontur/,/vypolnennye-obekty/,/vypolnennye-obekty/,true,true,internal,pass,
/ulichnaya-mebel/lavochki-i-skameyki/skamya-kontur/,/o-nas/,/o-nas/,true,true,internal,pass,
/ulichnaya-mebel/lavochki-i-skameyki/skamya-kontur/,/kontakty/,/kontakty/,true,true,internal,pass,
/ulichnaya-mebel/lavochki-i-skameyki/skamya-kontur/,/vakansii/,/vakansii/,true,true,internal,pass,
/ulichnaya-mebel/lavochki-i-skameyki/skamya-kontur/,tel:+79129735006,,true,true,tel,pass,
/ulichnaya-mebel/lavochki-i-skameyki/skamya-kontur/,https://t.me/smu1build,,true,true,external,pass,
/ulichnaya-mebel/lavochki-i-skameyki/skamya-kontur/,#contact,/ulichnaya-mebel/lavochki-i-skameyki/skamya-kontur/,true,true,anchor,pass,
/ulichnaya-mebel/lavochki-i-skameyki/skamya-kontur/,/,/,true,true,internal,pass,
/ulichnaya-mebel/lavochki-i-skameyki/skamya-kontur/,#contact,/ulichnaya-mebel/lavochki-i-skameyki/skamya-kontur/,true,true,anchor,pass,
/ulichnaya-mebel/lavochki-i-skameyki/skamya-kontur/,/ulichnaya-mebel/,/ulichnaya-mebel/,true,true,internal,pass,
/ulichnaya-mebel/lavochki-i-skameyki/skamya-kontur/,/ograzhdeniya-i-zabory/,/ograzhdeniya-i-zabory/,true,true,internal,pass,
/ulichnaya-mebel/lavochki-i-skameyki/skamya-kontur/,/navesy-i-kozyrki/,/navesy-i-kozyrki/,true,true,internal,pass,
/ulichnaya-mebel/lavochki-i-skameyki/skamya-kontur/,/topiarii/,/topiarii/,true,true,internal,pass,
/ulichnaya-mebel/lavochki-i-skameyki/skamya-kontur/,/metallokonstruktsii-dlya-biznesa/,/metallokonstruktsii-dlya-biznesa/,true,true,internal,pass,
/ulichnaya-mebel/lavochki-i-skameyki/skamya-kontur/,/blagoustroystvo-territoriy/,/blagoustroystvo-territoriy/,true,true,internal,pass,
/ulichnaya-mebel/lavochki-i-skameyki/skamya-kontur/,/stroitelstvo-i-remonty/,/stroitelstvo-i-remonty/,true,true,internal,pass,
/ulichnaya-mebel/lavochki-i-skameyki/skamya-kontur/,/izgotovlenie-na-zakaz/,/izgotovlenie-na-zakaz/,true,true,internal,pass,
/ulichnaya-mebel/lavochki-i-skameyki/skamya-kontur/,/vypolnennye-obekty/,/vypolnennye-obekty/,true,true,internal,pass,
/ulichnaya-mebel/lavochki-i-skameyki/skamya-kontur/,/o-nas/,/o-nas/,true,true,internal,pass,
/ulichnaya-mebel/lavochki-i-skameyki/skamya-kontur/,/kontakty/,/kontakty/,true,true,internal,pass,
/ulichnaya-mebel/lavochki-i-skameyki/skamya-kontur/,/vakansii/,/vakansii/,true,true,internal,pass,
/ulichnaya-mebel/lavochki-i-skameyki/skamya-kontur/,tel:+79129735006,,true,true,tel,pass,
/ulichnaya-mebel/lavochki-i-skameyki/skamya-kontur/,tel:+79125799665,,true,true,tel,pass,
/ulichnaya-mebel/lavochki-i-skameyki/skamya-kontur/,https://t.me/smu1build,,true,true,external,pass,
/ulichnaya-mebel/lavochki-i-skameyki/skamya-kontur/,mailto:smu1.kurgan@yandex.ru,,true,true,mailto,pass,
/ulichnaya-mebel/lavochki-i-skameyki/skamya-kontur/,/,/,true,true,internal,pass,
/ulichnaya-mebel/lavochki-i-skameyki/skamya-kontur/,/ulichnaya-mebel/,/ulichnaya-mebel/,true,true,internal,pass,
/ulichnaya-mebel/lavochki-i-skameyki/skamya-kontur/,/ulichnaya-mebel/lavochki-i-skameyki/,/ulichnaya-mebel/lavochki-i-skameyki/,true,true,internal,pass,
/ulichnaya-mebel/lavochki-i-skameyki/skamya-kontur/,#contact,/ulichnaya-mebel/lavochki-i-skameyki/skamya-kontur/,true,true,anchor,pass,
/ulichnaya-mebel/lavochki-i-skameyki/skamya-kontur/,https://t.me/smu1build,,true,true,external,pass,
/ulichnaya-mebel/lavochki-i-skameyki/skamya-kontur/,#contact,/ulichnaya-mebel/lavochki-i-skameyki/skamya-kontur/,true,true,anchor,pass,
/ulichnaya-mebel/lavochki-i-skameyki/skamya-kontur/,/ulichnaya-mebel/lavochki-i-skameyki/,/ulichnaya-mebel/lavochki-i-skameyki/,true,true,internal,pass,
/ulichnaya-mebel/lavochki-i-skameyki/skamya-kontur/,/ulichnaya-mebel/lavochki-i-skameyki/skamya-smu1-bazovaya/,/ulichnaya-mebel/lavochki-i-skameyki/skamya-smu1-bazovaya/,true,true,internal,pass,
/ulichnaya-mebel/lavochki-i-skameyki/skamya-kontur/,/ulichnaya-mebel/lavochki-i-skameyki/skamya-loft/,/ulichnaya-mebel/lavochki-i-skameyki/skamya-loft/,true,true,internal,pass,
/ulichnaya-mebel/lavochki-i-skameyki/skamya-kontur/,/ulichnaya-mebel/lavochki-i-skameyki/skamya-volna/,/ulichnaya-mebel/lavochki-i-skameyki/skamya-volna/,true,true,internal,pass,
/ulichnaya-mebel/lavochki-i-skameyki/skamya-kontur/,/ulichnaya-mebel/lavochki-i-skameyki/skamya-liniya/,/ulichnaya-mebel/lavochki-i-skameyki/skamya-liniya/,true,true,internal,pass,
/ulichnaya-mebel/lavochki-i-skameyki/skamya-kontur/,https://t.me/smu1build,,true,true,external,pass,
/ulichnaya-mebel/lavochki-i-skameyki/skamya-kontur/,/izgotovlenie-na-zakaz/,/izgotovlenie-na-zakaz/,true,true,internal,pass,
/ulichnaya-mebel/lavochki-i-skameyki/skamya-kontur/,tel:+79129735006,,true,true,tel,pass,
/ulichnaya-mebel/lavochki-i-skameyki/skamya-kontur/,https://t.me/smu1build,,true,true,external,pass,
/ulichnaya-mebel/lavochki-i-skameyki/skamya-kontur/,mailto:smu1.kurgan@yandex.ru,,true,true,mailto,pass,
/ulichnaya-mebel/lavochki-i-skameyki/skamya-kontur/,/kontakty/,/kontakty/,true,true,internal,pass,
/ulichnaya-mebel/lavochki-i-skameyki/skamya-kontur/,/,/,true,true,internal,pass,
/ulichnaya-mebel/lavochki-i-skameyki/skamya-kontur/,/ulichnaya-mebel/,/ulichnaya-mebel/,true,true,internal,pass,
/ulichnaya-mebel/lavochki-i-skameyki/skamya-kontur/,/ograzhdeniya-i-zabory/,/ograzhdeniya-i-zabory/,true,true,internal,pass,
/ulichnaya-mebel/lavochki-i-skameyki/skamya-kontur/,/navesy-i-kozyrki/,/navesy-i-kozyrki/,true,true,internal,pass,
/ulichnaya-mebel/lavochki-i-skameyki/skamya-kontur/,/metallokonstruktsii-dlya-biznesa/,/metallokonstruktsii-dlya-biznesa/,true,true,internal,pass,
/ulichnaya-mebel/lavochki-i-skameyki/skamya-kontur/,/topiarii/,/topiarii/,true,true,internal,pass,
/ulichnaya-mebel/lavochki-i-skameyki/skamya-kontur/,/blagoustroystvo-territoriy/,/blagoustroystvo-territoriy/,true,true,internal,pass,
/ulichnaya-mebel/lavochki-i-skameyki/skamya-kontur/,/stroitelstvo-i-remonty/,/stroitelstvo-i-remonty/,true,true,internal,pass,
/ulichnaya-mebel/lavochki-i-skameyki/skamya-kontur/,/ulichnaya-mebel/,/ulichnaya-mebel/,true,true,internal,pass,
/ulichnaya-mebel/lavochki-i-skameyki/skamya-kontur/,/ograzhdeniya-i-zabory/,/ograzhdeniya-i-zabory/,true,true,internal,pass,
/ulichnaya-mebel/lavochki-i-skameyki/skamya-kontur/,/navesy-i-kozyrki/,/navesy-i-kozyrki/,true,true,internal,pass,
/ulichnaya-mebel/lavochki-i-skameyki/skamya-kontur/,/metallokonstruktsii-dlya-biznesa/,/metallokonstruktsii-dlya-biznesa/,true,true,internal,pass,
/ulichnaya-mebel/lavochki-i-skameyki/skamya-kontur/,/topiarii/,/topiarii/,true,true,internal,pass,
/ulichnaya-mebel/lavochki-i-skameyki/skamya-kontur/,/blagoustroystvo-territoriy/,/blagoustroystvo-territoriy/,true,true,internal,pass,
/ulichnaya-mebel/lavochki-i-skameyki/skamya-kontur/,/stroitelstvo-i-remonty/,/stroitelstvo-i-remonty/,true,true,internal,pass,
/ulichnaya-mebel/lavochki-i-skameyki/skamya-kontur/,/izgotovlenie-na-zakaz/,/izgotovlenie-na-zakaz/,true,true,internal,pass,
/ulichnaya-mebel/lavochki-i-skameyki/skamya-kontur/,/vypolnennye-obekty/,/vypolnennye-obekty/,true,true,internal,pass,
/ulichnaya-mebel/lavochki-i-skameyki/skamya-kontur/,/o-nas/,/o-nas/,true,true,internal,pass,
/ulichnaya-mebel/lavochki-i-skameyki/skamya-kontur/,/kontakty/,/kontakty/,true,true,internal,pass,
/ulichnaya-mebel/lavochki-i-skameyki/skamya-kontur/,/vakansii/,/vakansii/,true,true,internal,pass,
/ulichnaya-mebel/lavochki-i-skameyki/skamya-kontur/,/izgotovlenie-na-zakaz/,/izgotovlenie-na-zakaz/,true,true,internal,pass,
/ulichnaya-mebel/lavochki-i-skameyki/skamya-kontur/,/vypolnennye-obekty/,/vypolnennye-obekty/,true,true,internal,pass,
/ulichnaya-mebel/lavochki-i-skameyki/skamya-kontur/,/o-nas/,/o-nas/,true,true,internal,pass,
/ulichnaya-mebel/lavochki-i-skameyki/skamya-kontur/,/kontakty/,/kontakty/,true,true,internal,pass,
/ulichnaya-mebel/lavochki-i-skameyki/skamya-kontur/,/vakansii/,/vakansii/,true,true,internal,pass,
/ulichnaya-mebel/lavochki-i-skameyki/skamya-kontur/,#contact,/ulichnaya-mebel/lavochki-i-skameyki/skamya-kontur/,true,true,anchor,pass,
/ulichnaya-mebel/lavochki-i-skameyki/skamya-kontur/,tel:+79129735006,,true,true,tel,pass,
/ulichnaya-mebel/lavochki-i-skameyki/skamya-kontur/,tel:+79125799665,,true,true,tel,pass,
/ulichnaya-mebel/lavochki-i-skameyki/skamya-kontur/,https://t.me/smu1build,,true,true,external,pass,
/ulichnaya-mebel/lavochki-i-skameyki/skamya-kontur/,mailto:smu1.kurgan@yandex.ru,,true,true,mailto,pass,
/ulichnaya-mebel/lavochki-i-skameyki/skamya-kontur/,/politika-konfidencialnosti/,/politika-konfidencialnosti/,true,true,internal,pass,
/ulichnaya-mebel/lavochki-i-skameyki/skamya-kontur/,/politika-konfidencialnosti/,/politika-konfidencialnosti/,true,true,internal,pass,
/ulichnaya-mebel/lavochki-i-skameyki/skamya-liniya-so-spinkami/,#main-content,/ulichnaya-mebel/lavochki-i-skameyki/skamya-liniya-so-spinkami/,true,true,anchor,pass,
/ulichnaya-mebel/lavochki-i-skameyki/skamya-liniya-so-spinkami/,/,/,true,true,internal,pass,
/ulichnaya-mebel/lavochki-i-skameyki/skamya-liniya-so-spinkami/,/ulichnaya-mebel/,/ulichnaya-mebel/,true,true,internal,pass,
/ulichnaya-mebel/lavochki-i-skameyki/skamya-liniya-so-spinkami/,/ograzhdeniya-i-zabory/,/ograzhdeniya-i-zabory/,true,true,internal,pass,
/ulichnaya-mebel/lavochki-i-skameyki/skamya-liniya-so-spinkami/,/navesy-i-kozyrki/,/navesy-i-kozyrki/,true,true,internal,pass,
/ulichnaya-mebel/lavochki-i-skameyki/skamya-liniya-so-spinkami/,/topiarii/,/topiarii/,true,true,internal,pass,
/ulichnaya-mebel/lavochki-i-skameyki/skamya-liniya-so-spinkami/,/izgotovlenie-na-zakaz/,/izgotovlenie-na-zakaz/,true,true,internal,pass,
/ulichnaya-mebel/lavochki-i-skameyki/skamya-liniya-so-spinkami/,/metallokonstruktsii-dlya-biznesa/,/metallokonstruktsii-dlya-biznesa/,true,true,internal,pass,
/ulichnaya-mebel/lavochki-i-skameyki/skamya-liniya-so-spinkami/,/blagoustroystvo-territoriy/,/blagoustroystvo-territoriy/,true,true,internal,pass,
/ulichnaya-mebel/lavochki-i-skameyki/skamya-liniya-so-spinkami/,/stroitelstvo-i-remonty/,/stroitelstvo-i-remonty/,true,true,internal,pass,
/ulichnaya-mebel/lavochki-i-skameyki/skamya-liniya-so-spinkami/,/vypolnennye-obekty/,/vypolnennye-obekty/,true,true,internal,pass,
/ulichnaya-mebel/lavochki-i-skameyki/skamya-liniya-so-spinkami/,/o-nas/,/o-nas/,true,true,internal,pass,
/ulichnaya-mebel/lavochki-i-skameyki/skamya-liniya-so-spinkami/,/kontakty/,/kontakty/,true,true,internal,pass,
/ulichnaya-mebel/lavochki-i-skameyki/skamya-liniya-so-spinkami/,/vakansii/,/vakansii/,true,true,internal,pass,
/ulichnaya-mebel/lavochki-i-skameyki/skamya-liniya-so-spinkami/,tel:+79129735006,,true,true,tel,pass,
/ulichnaya-mebel/lavochki-i-skameyki/skamya-liniya-so-spinkami/,https://t.me/smu1build,,true,true,external,pass,
/ulichnaya-mebel/lavochki-i-skameyki/skamya-liniya-so-spinkami/,#contact,/ulichnaya-mebel/lavochki-i-skameyki/skamya-liniya-so-spinkami/,true,true,anchor,pass,
/ulichnaya-mebel/lavochki-i-skameyki/skamya-liniya-so-spinkami/,/,/,true,true,internal,pass,
/ulichnaya-mebel/lavochki-i-skameyki/skamya-liniya-so-spinkami/,#contact,/ulichnaya-mebel/lavochki-i-skameyki/skamya-liniya-so-spinkami/,true,true,anchor,pass,
/ulichnaya-mebel/lavochki-i-skameyki/skamya-liniya-so-spinkami/,/ulichnaya-mebel/,/ulichnaya-mebel/,true,true,internal,pass,
/ulichnaya-mebel/lavochki-i-skameyki/skamya-liniya-so-spinkami/,/ograzhdeniya-i-zabory/,/ograzhdeniya-i-zabory/,true,true,internal,pass,
/ulichnaya-mebel/lavochki-i-skameyki/skamya-liniya-so-spinkami/,/navesy-i-kozyrki/,/navesy-i-kozyrki/,true,true,internal,pass,
/ulichnaya-mebel/lavochki-i-skameyki/skamya-liniya-so-spinkami/,/topiarii/,/topiarii/,true,true,internal,pass,
/ulichnaya-mebel/lavochki-i-skameyki/skamya-liniya-so-spinkami/,/metallokonstruktsii-dlya-biznesa/,/metallokonstruktsii-dlya-biznesa/,true,true,internal,pass,
/ulichnaya-mebel/lavochki-i-skameyki/skamya-liniya-so-spinkami/,/blagoustroystvo-territoriy/,/blagoustroystvo-territoriy/,true,true,internal,pass,
/ulichnaya-mebel/lavochki-i-skameyki/skamya-liniya-so-spinkami/,/stroitelstvo-i-remonty/,/stroitelstvo-i-remonty/,true,true,internal,pass,
/ulichnaya-mebel/lavochki-i-skameyki/skamya-liniya-so-spinkami/,/izgotovlenie-na-zakaz/,/izgotovlenie-na-zakaz/,true,true,internal,pass,
/ulichnaya-mebel/lavochki-i-skameyki/skamya-liniya-so-spinkami/,/vypolnennye-obekty/,/vypolnennye-obekty/,true,true,internal,pass,
/ulichnaya-mebel/lavochki-i-skameyki/skamya-liniya-so-spinkami/,/o-nas/,/o-nas/,true,true,internal,pass,
/ulichnaya-mebel/lavochki-i-skameyki/skamya-liniya-so-spinkami/,/kontakty/,/kontakty/,true,true,internal,pass,
/ulichnaya-mebel/lavochki-i-skameyki/skamya-liniya-so-spinkami/,/vakansii/,/vakansii/,true,true,internal,pass,
/ulichnaya-mebel/lavochki-i-skameyki/skamya-liniya-so-spinkami/,tel:+79129735006,,true,true,tel,pass,
/ulichnaya-mebel/lavochki-i-skameyki/skamya-liniya-so-spinkami/,tel:+79125799665,,true,true,tel,pass,
/ulichnaya-mebel/lavochki-i-skameyki/skamya-liniya-so-spinkami/,https://t.me/smu1build,,true,true,external,pass,
/ulichnaya-mebel/lavochki-i-skameyki/skamya-liniya-so-spinkami/,mailto:smu1.kurgan@yandex.ru,,true,true,mailto,pass,
/ulichnaya-mebel/lavochki-i-skameyki/skamya-liniya-so-spinkami/,/,/,true,true,internal,pass,
/ulichnaya-mebel/lavochki-i-skameyki/skamya-liniya-so-spinkami/,/ulichnaya-mebel/,/ulichnaya-mebel/,true,true,internal,pass,
/ulichnaya-mebel/lavochki-i-skameyki/skamya-liniya-so-spinkami/,/ulichnaya-mebel/lavochki-i-skameyki/,/ulichnaya-mebel/lavochki-i-skameyki/,true,true,internal,pass,
/ulichnaya-mebel/lavochki-i-skameyki/skamya-liniya-so-spinkami/,#contact,/ulichnaya-mebel/lavochki-i-skameyki/skamya-liniya-so-spinkami/,true,true,anchor,pass,
/ulichnaya-mebel/lavochki-i-skameyki/skamya-liniya-so-spinkami/,https://t.me/smu1build,,true,true,external,pass,
/ulichnaya-mebel/lavochki-i-skameyki/skamya-liniya-so-spinkami/,#contact,/ulichnaya-mebel/lavochki-i-skameyki/skamya-liniya-so-spinkami/,true,true,anchor,pass,
/ulichnaya-mebel/lavochki-i-skameyki/skamya-liniya-so-spinkami/,/ulichnaya-mebel/lavochki-i-skameyki/,/ulichnaya-mebel/lavochki-i-skameyki/,true,true,internal,pass,
/ulichnaya-mebel/lavochki-i-skameyki/skamya-liniya-so-spinkami/,/ulichnaya-mebel/lavochki-i-skameyki/skamya-smu1-bazovaya/,/ulichnaya-mebel/lavochki-i-skameyki/skamya-smu1-bazovaya/,true,true,internal,pass,
/ulichnaya-mebel/lavochki-i-skameyki/skamya-liniya-so-spinkami/,/ulichnaya-mebel/lavochki-i-skameyki/skamya-loft/,/ulichnaya-mebel/lavochki-i-skameyki/skamya-loft/,true,true,internal,pass,
/ulichnaya-mebel/lavochki-i-skameyki/skamya-liniya-so-spinkami/,/ulichnaya-mebel/lavochki-i-skameyki/skamya-volna/,/ulichnaya-mebel/lavochki-i-skameyki/skamya-volna/,true,true,internal,pass,
/ulichnaya-mebel/lavochki-i-skameyki/skamya-liniya-so-spinkami/,/ulichnaya-mebel/lavochki-i-skameyki/skamya-liniya/,/ulichnaya-mebel/lavochki-i-skameyki/skamya-liniya/,true,true,internal,pass,
/ulichnaya-mebel/lavochki-i-skameyki/skamya-liniya-so-spinkami/,https://t.me/smu1build,,true,true,external,pass,
/ulichnaya-mebel/lavochki-i-skameyki/skamya-liniya-so-spinkami/,/izgotovlenie-na-zakaz/,/izgotovlenie-na-zakaz/,true,true,internal,pass,
/ulichnaya-mebel/lavochki-i-skameyki/skamya-liniya-so-spinkami/,tel:+79129735006,,true,true,tel,pass,
/ulichnaya-mebel/lavochki-i-skameyki/skamya-liniya-so-spinkami/,https://t.me/smu1build,,true,true,external,pass,
/ulichnaya-mebel/lavochki-i-skameyki/skamya-liniya-so-spinkami/,mailto:smu1.kurgan@yandex.ru,,true,true,mailto,pass,
/ulichnaya-mebel/lavochki-i-skameyki/skamya-liniya-so-spinkami/,/kontakty/,/kontakty/,true,true,internal,pass,
/ulichnaya-mebel/lavochki-i-skameyki/skamya-liniya-so-spinkami/,/,/,true,true,internal,pass,
/ulichnaya-mebel/lavochki-i-skameyki/skamya-liniya-so-spinkami/,/ulichnaya-mebel/,/ulichnaya-mebel/,true,true,internal,pass,
/ulichnaya-mebel/lavochki-i-skameyki/skamya-liniya-so-spinkami/,/ograzhdeniya-i-zabory/,/ograzhdeniya-i-zabory/,true,true,internal,pass,
/ulichnaya-mebel/lavochki-i-skameyki/skamya-liniya-so-spinkami/,/navesy-i-kozyrki/,/navesy-i-kozyrki/,true,true,internal,pass,
/ulichnaya-mebel/lavochki-i-skameyki/skamya-liniya-so-spinkami/,/metallokonstruktsii-dlya-biznesa/,/metallokonstruktsii-dlya-biznesa/,true,true,internal,pass,
/ulichnaya-mebel/lavochki-i-skameyki/skamya-liniya-so-spinkami/,/topiarii/,/topiarii/,true,true,internal,pass,
/ulichnaya-mebel/lavochki-i-skameyki/skamya-liniya-so-spinkami/,/blagoustroystvo-territoriy/,/blagoustroystvo-territoriy/,true,true,internal,pass,
/ulichnaya-mebel/lavochki-i-skameyki/skamya-liniya-so-spinkami/,/stroitelstvo-i-remonty/,/stroitelstvo-i-remonty/,true,true,internal,pass,
/ulichnaya-mebel/lavochki-i-skameyki/skamya-liniya-so-spinkami/,/ulichnaya-mebel/,/ulichnaya-mebel/,true,true,internal,pass,
/ulichnaya-mebel/lavochki-i-skameyki/skamya-liniya-so-spinkami/,/ograzhdeniya-i-zabory/,/ograzhdeniya-i-zabory/,true,true,internal,pass,
/ulichnaya-mebel/lavochki-i-skameyki/skamya-liniya-so-spinkami/,/navesy-i-kozyrki/,/navesy-i-kozyrki/,true,true,internal,pass,
/ulichnaya-mebel/lavochki-i-skameyki/skamya-liniya-so-spinkami/,/metallokonstruktsii-dlya-biznesa/,/metallokonstruktsii-dlya-biznesa/,true,true,internal,pass,
/ulichnaya-mebel/lavochki-i-skameyki/skamya-liniya-so-spinkami/,/topiarii/,/topiarii/,true,true,internal,pass,
/ulichnaya-mebel/lavochki-i-skameyki/skamya-liniya-so-spinkami/,/blagoustroystvo-territoriy/,/blagoustroystvo-territoriy/,true,true,internal,pass,
/ulichnaya-mebel/lavochki-i-skameyki/skamya-liniya-so-spinkami/,/stroitelstvo-i-remonty/,/stroitelstvo-i-remonty/,true,true,internal,pass,
/ulichnaya-mebel/lavochki-i-skameyki/skamya-liniya-so-spinkami/,/izgotovlenie-na-zakaz/,/izgotovlenie-na-zakaz/,true,true,internal,pass,
/ulichnaya-mebel/lavochki-i-skameyki/skamya-liniya-so-spinkami/,/vypolnennye-obekty/,/vypolnennye-obekty/,true,true,internal,pass,
/ulichnaya-mebel/lavochki-i-skameyki/skamya-liniya-so-spinkami/,/o-nas/,/o-nas/,true,true,internal,pass,
/ulichnaya-mebel/lavochki-i-skameyki/skamya-liniya-so-spinkami/,/kontakty/,/kontakty/,true,true,internal,pass,
/ulichnaya-mebel/lavochki-i-skameyki/skamya-liniya-so-spinkami/,/vakansii/,/vakansii/,true,true,internal,pass,
/ulichnaya-mebel/lavochki-i-skameyki/skamya-liniya-so-spinkami/,/izgotovlenie-na-zakaz/,/izgotovlenie-na-zakaz/,true,true,internal,pass,
/ulichnaya-mebel/lavochki-i-skameyki/skamya-liniya-so-spinkami/,/vypolnennye-obekty/,/vypolnennye-obekty/,true,true,internal,pass,
/ulichnaya-mebel/lavochki-i-skameyki/skamya-liniya-so-spinkami/,/o-nas/,/o-nas/,true,true,internal,pass,
/ulichnaya-mebel/lavochki-i-skameyki/skamya-liniya-so-spinkami/,/kontakty/,/kontakty/,true,true,internal,pass,
/ulichnaya-mebel/lavochki-i-skameyki/skamya-liniya-so-spinkami/,/vakansii/,/vakansii/,true,true,internal,pass,
/ulichnaya-mebel/lavochki-i-skameyki/skamya-liniya-so-spinkami/,#contact,/ulichnaya-mebel/lavochki-i-skameyki/skamya-liniya-so-spinkami/,true,true,anchor,pass,
/ulichnaya-mebel/lavochki-i-skameyki/skamya-liniya-so-spinkami/,tel:+79129735006,,true,true,tel,pass,
/ulichnaya-mebel/lavochki-i-skameyki/skamya-liniya-so-spinkami/,tel:+79125799665,,true,true,tel,pass,
/ulichnaya-mebel/lavochki-i-skameyki/skamya-liniya-so-spinkami/,https://t.me/smu1build,,true,true,external,pass,
/ulichnaya-mebel/lavochki-i-skameyki/skamya-liniya-so-spinkami/,mailto:smu1.kurgan@yandex.ru,,true,true,mailto,pass,
/ulichnaya-mebel/lavochki-i-skameyki/skamya-liniya-so-spinkami/,/politika-konfidencialnosti/,/politika-konfidencialnosti/,true,true,internal,pass,
/ulichnaya-mebel/lavochki-i-skameyki/skamya-liniya-so-spinkami/,/politika-konfidencialnosti/,/politika-konfidencialnosti/,true,true,internal,pass,
/ulichnaya-mebel/lavochki-i-skameyki/skamya-liniya/,#main-content,/ulichnaya-mebel/lavochki-i-skameyki/skamya-liniya/,true,true,anchor,pass,
/ulichnaya-mebel/lavochki-i-skameyki/skamya-liniya/,/,/,true,true,internal,pass,
/ulichnaya-mebel/lavochki-i-skameyki/skamya-liniya/,/ulichnaya-mebel/,/ulichnaya-mebel/,true,true,internal,pass,
/ulichnaya-mebel/lavochki-i-skameyki/skamya-liniya/,/ograzhdeniya-i-zabory/,/ograzhdeniya-i-zabory/,true,true,internal,pass,
/ulichnaya-mebel/lavochki-i-skameyki/skamya-liniya/,/navesy-i-kozyrki/,/navesy-i-kozyrki/,true,true,internal,pass,
/ulichnaya-mebel/lavochki-i-skameyki/skamya-liniya/,/topiarii/,/topiarii/,true,true,internal,pass,
/ulichnaya-mebel/lavochki-i-skameyki/skamya-liniya/,/izgotovlenie-na-zakaz/,/izgotovlenie-na-zakaz/,true,true,internal,pass,
/ulichnaya-mebel/lavochki-i-skameyki/skamya-liniya/,/metallokonstruktsii-dlya-biznesa/,/metallokonstruktsii-dlya-biznesa/,true,true,internal,pass,
/ulichnaya-mebel/lavochki-i-skameyki/skamya-liniya/,/blagoustroystvo-territoriy/,/blagoustroystvo-territoriy/,true,true,internal,pass,
/ulichnaya-mebel/lavochki-i-skameyki/skamya-liniya/,/stroitelstvo-i-remonty/,/stroitelstvo-i-remonty/,true,true,internal,pass,
/ulichnaya-mebel/lavochki-i-skameyki/skamya-liniya/,/vypolnennye-obekty/,/vypolnennye-obekty/,true,true,internal,pass,
/ulichnaya-mebel/lavochki-i-skameyki/skamya-liniya/,/o-nas/,/o-nas/,true,true,internal,pass,
/ulichnaya-mebel/lavochki-i-skameyki/skamya-liniya/,/kontakty/,/kontakty/,true,true,internal,pass,
/ulichnaya-mebel/lavochki-i-skameyki/skamya-liniya/,/vakansii/,/vakansii/,true,true,internal,pass,
/ulichnaya-mebel/lavochki-i-skameyki/skamya-liniya/,tel:+79129735006,,true,true,tel,pass,
/ulichnaya-mebel/lavochki-i-skameyki/skamya-liniya/,https://t.me/smu1build,,true,true,external,pass,
/ulichnaya-mebel/lavochki-i-skameyki/skamya-liniya/,#contact,/ulichnaya-mebel/lavochki-i-skameyki/skamya-liniya/,true,true,anchor,pass,
/ulichnaya-mebel/lavochki-i-skameyki/skamya-liniya/,/,/,true,true,internal,pass,
/ulichnaya-mebel/lavochki-i-skameyki/skamya-liniya/,#contact,/ulichnaya-mebel/lavochki-i-skameyki/skamya-liniya/,true,true,anchor,pass,
/ulichnaya-mebel/lavochki-i-skameyki/skamya-liniya/,/ulichnaya-mebel/,/ulichnaya-mebel/,true,true,internal,pass,
/ulichnaya-mebel/lavochki-i-skameyki/skamya-liniya/,/ograzhdeniya-i-zabory/,/ograzhdeniya-i-zabory/,true,true,internal,pass,
/ulichnaya-mebel/lavochki-i-skameyki/skamya-liniya/,/navesy-i-kozyrki/,/navesy-i-kozyrki/,true,true,internal,pass,
/ulichnaya-mebel/lavochki-i-skameyki/skamya-liniya/,/topiarii/,/topiarii/,true,true,internal,pass,
/ulichnaya-mebel/lavochki-i-skameyki/skamya-liniya/,/metallokonstruktsii-dlya-biznesa/,/metallokonstruktsii-dlya-biznesa/,true,true,internal,pass,
/ulichnaya-mebel/lavochki-i-skameyki/skamya-liniya/,/blagoustroystvo-territoriy/,/blagoustroystvo-territoriy/,true,true,internal,pass,
/ulichnaya-mebel/lavochki-i-skameyki/skamya-liniya/,/stroitelstvo-i-remonty/,/stroitelstvo-i-remonty/,true,true,internal,pass,
/ulichnaya-mebel/lavochki-i-skameyki/skamya-liniya/,/izgotovlenie-na-zakaz/,/izgotovlenie-na-zakaz/,true,true,internal,pass,
/ulichnaya-mebel/lavochki-i-skameyki/skamya-liniya/,/vypolnennye-obekty/,/vypolnennye-obekty/,true,true,internal,pass,
/ulichnaya-mebel/lavochki-i-skameyki/skamya-liniya/,/o-nas/,/o-nas/,true,true,internal,pass,
/ulichnaya-mebel/lavochki-i-skameyki/skamya-liniya/,/kontakty/,/kontakty/,true,true,internal,pass,
/ulichnaya-mebel/lavochki-i-skameyki/skamya-liniya/,/vakansii/,/vakansii/,true,true,internal,pass,
/ulichnaya-mebel/lavochki-i-skameyki/skamya-liniya/,tel:+79129735006,,true,true,tel,pass,
/ulichnaya-mebel/lavochki-i-skameyki/skamya-liniya/,tel:+79125799665,,true,true,tel,pass,
/ulichnaya-mebel/lavochki-i-skameyki/skamya-liniya/,https://t.me/smu1build,,true,true,external,pass,
/ulichnaya-mebel/lavochki-i-skameyki/skamya-liniya/,mailto:smu1.kurgan@yandex.ru,,true,true,mailto,pass,
/ulichnaya-mebel/lavochki-i-skameyki/skamya-liniya/,/,/,true,true,internal,pass,
/ulichnaya-mebel/lavochki-i-skameyki/skamya-liniya/,/ulichnaya-mebel/,/ulichnaya-mebel/,true,true,internal,pass,
/ulichnaya-mebel/lavochki-i-skameyki/skamya-liniya/,/ulichnaya-mebel/lavochki-i-skameyki/,/ulichnaya-mebel/lavochki-i-skameyki/,true,true,internal,pass,
/ulichnaya-mebel/lavochki-i-skameyki/skamya-liniya/,#contact,/ulichnaya-mebel/lavochki-i-skameyki/skamya-liniya/,true,true,anchor,pass,
/ulichnaya-mebel/lavochki-i-skameyki/skamya-liniya/,https://t.me/smu1build,,true,true,external,pass,
/ulichnaya-mebel/lavochki-i-skameyki/skamya-liniya/,#contact,/ulichnaya-mebel/lavochki-i-skameyki/skamya-liniya/,true,true,anchor,pass,
/ulichnaya-mebel/lavochki-i-skameyki/skamya-liniya/,/ulichnaya-mebel/lavochki-i-skameyki/,/ulichnaya-mebel/lavochki-i-skameyki/,true,true,internal,pass,
/ulichnaya-mebel/lavochki-i-skameyki/skamya-liniya/,/ulichnaya-mebel/lavochki-i-skameyki/skamya-smu1-bazovaya/,/ulichnaya-mebel/lavochki-i-skameyki/skamya-smu1-bazovaya/,true,true,internal,pass,
/ulichnaya-mebel/lavochki-i-skameyki/skamya-liniya/,/ulichnaya-mebel/lavochki-i-skameyki/skamya-loft/,/ulichnaya-mebel/lavochki-i-skameyki/skamya-loft/,true,true,internal,pass,
/ulichnaya-mebel/lavochki-i-skameyki/skamya-liniya/,/ulichnaya-mebel/lavochki-i-skameyki/skamya-volna/,/ulichnaya-mebel/lavochki-i-skameyki/skamya-volna/,true,true,internal,pass,
/ulichnaya-mebel/lavochki-i-skameyki/skamya-liniya/,/ulichnaya-mebel/lavochki-i-skameyki/skamya-radius/,/ulichnaya-mebel/lavochki-i-skameyki/skamya-radius/,true,true,internal,pass,
/ulichnaya-mebel/lavochki-i-skameyki/skamya-liniya/,https://t.me/smu1build,,true,true,external,pass,
/ulichnaya-mebel/lavochki-i-skameyki/skamya-liniya/,/izgotovlenie-na-zakaz/,/izgotovlenie-na-zakaz/,true,true,internal,pass,
/ulichnaya-mebel/lavochki-i-skameyki/skamya-liniya/,tel:+79129735006,,true,true,tel,pass,
/ulichnaya-mebel/lavochki-i-skameyki/skamya-liniya/,https://t.me/smu1build,,true,true,external,pass,
/ulichnaya-mebel/lavochki-i-skameyki/skamya-liniya/,mailto:smu1.kurgan@yandex.ru,,true,true,mailto,pass,
/ulichnaya-mebel/lavochki-i-skameyki/skamya-liniya/,/kontakty/,/kontakty/,true,true,internal,pass,
/ulichnaya-mebel/lavochki-i-skameyki/skamya-liniya/,/,/,true,true,internal,pass,
/ulichnaya-mebel/lavochki-i-skameyki/skamya-liniya/,/ulichnaya-mebel/,/ulichnaya-mebel/,true,true,internal,pass,
/ulichnaya-mebel/lavochki-i-skameyki/skamya-liniya/,/ograzhdeniya-i-zabory/,/ograzhdeniya-i-zabory/,true,true,internal,pass,
/ulichnaya-mebel/lavochki-i-skameyki/skamya-liniya/,/navesy-i-kozyrki/,/navesy-i-kozyrki/,true,true,internal,pass,
/ulichnaya-mebel/lavochki-i-skameyki/skamya-liniya/,/metallokonstruktsii-dlya-biznesa/,/metallokonstruktsii-dlya-biznesa/,true,true,internal,pass,
/ulichnaya-mebel/lavochki-i-skameyki/skamya-liniya/,/topiarii/,/topiarii/,true,true,internal,pass,
/ulichnaya-mebel/lavochki-i-skameyki/skamya-liniya/,/blagoustroystvo-territoriy/,/blagoustroystvo-territoriy/,true,true,internal,pass,
/ulichnaya-mebel/lavochki-i-skameyki/skamya-liniya/,/stroitelstvo-i-remonty/,/stroitelstvo-i-remonty/,true,true,internal,pass,
/ulichnaya-mebel/lavochki-i-skameyki/skamya-liniya/,/ulichnaya-mebel/,/ulichnaya-mebel/,true,true,internal,pass,
/ulichnaya-mebel/lavochki-i-skameyki/skamya-liniya/,/ograzhdeniya-i-zabory/,/ograzhdeniya-i-zabory/,true,true,internal,pass,
/ulichnaya-mebel/lavochki-i-skameyki/skamya-liniya/,/navesy-i-kozyrki/,/navesy-i-kozyrki/,true,true,internal,pass,
/ulichnaya-mebel/lavochki-i-skameyki/skamya-liniya/,/metallokonstruktsii-dlya-biznesa/,/metallokonstruktsii-dlya-biznesa/,true,true,internal,pass,
/ulichnaya-mebel/lavochki-i-skameyki/skamya-liniya/,/topiarii/,/topiarii/,true,true,internal,pass,
/ulichnaya-mebel/lavochki-i-skameyki/skamya-liniya/,/blagoustroystvo-territoriy/,/blagoustroystvo-territoriy/,true,true,internal,pass,
/ulichnaya-mebel/lavochki-i-skameyki/skamya-liniya/,/stroitelstvo-i-remonty/,/stroitelstvo-i-remonty/,true,true,internal,pass,
/ulichnaya-mebel/lavochki-i-skameyki/skamya-liniya/,/izgotovlenie-na-zakaz/,/izgotovlenie-na-zakaz/,true,true,internal,pass,
/ulichnaya-mebel/lavochki-i-skameyki/skamya-liniya/,/vypolnennye-obekty/,/vypolnennye-obekty/,true,true,internal,pass,
/ulichnaya-mebel/lavochki-i-skameyki/skamya-liniya/,/o-nas/,/o-nas/,true,true,internal,pass,
/ulichnaya-mebel/lavochki-i-skameyki/skamya-liniya/,/kontakty/,/kontakty/,true,true,internal,pass,
/ulichnaya-mebel/lavochki-i-skameyki/skamya-liniya/,/vakansii/,/vakansii/,true,true,internal,pass,
/ulichnaya-mebel/lavochki-i-skameyki/skamya-liniya/,/izgotovlenie-na-zakaz/,/izgotovlenie-na-zakaz/,true,true,internal,pass,
/ulichnaya-mebel/lavochki-i-skameyki/skamya-liniya/,/vypolnennye-obekty/,/vypolnennye-obekty/,true,true,internal,pass,
/ulichnaya-mebel/lavochki-i-skameyki/skamya-liniya/,/o-nas/,/o-nas/,true,true,internal,pass,
/ulichnaya-mebel/lavochki-i-skameyki/skamya-liniya/,/kontakty/,/kontakty/,true,true,internal,pass,
/ulichnaya-mebel/lavochki-i-skameyki/skamya-liniya/,/vakansii/,/vakansii/,true,true,internal,pass,
/ulichnaya-mebel/lavochki-i-skameyki/skamya-liniya/,#contact,/ulichnaya-mebel/lavochki-i-skameyki/skamya-liniya/,true,true,anchor,pass,
/ulichnaya-mebel/lavochki-i-skameyki/skamya-liniya/,tel:+79129735006,,true,true,tel,pass,
/ulichnaya-mebel/lavochki-i-skameyki/skamya-liniya/,tel:+79125799665,,true,true,tel,pass,
/ulichnaya-mebel/lavochki-i-skameyki/skamya-liniya/,https://t.me/smu1build,,true,true,external,pass,
/ulichnaya-mebel/lavochki-i-skameyki/skamya-liniya/,mailto:smu1.kurgan@yandex.ru,,true,true,mailto,pass,
/ulichnaya-mebel/lavochki-i-skameyki/skamya-liniya/,/politika-konfidencialnosti/,/politika-konfidencialnosti/,true,true,internal,pass,
/ulichnaya-mebel/lavochki-i-skameyki/skamya-liniya/,/politika-konfidencialnosti/,/politika-konfidencialnosti/,true,true,internal,pass,
/ulichnaya-mebel/lavochki-i-skameyki/skamya-loft/,#main-content,/ulichnaya-mebel/lavochki-i-skameyki/skamya-loft/,true,true,anchor,pass,
/ulichnaya-mebel/lavochki-i-skameyki/skamya-loft/,/,/,true,true,internal,pass,
/ulichnaya-mebel/lavochki-i-skameyki/skamya-loft/,/ulichnaya-mebel/,/ulichnaya-mebel/,true,true,internal,pass,
/ulichnaya-mebel/lavochki-i-skameyki/skamya-loft/,/ograzhdeniya-i-zabory/,/ograzhdeniya-i-zabory/,true,true,internal,pass,
/ulichnaya-mebel/lavochki-i-skameyki/skamya-loft/,/navesy-i-kozyrki/,/navesy-i-kozyrki/,true,true,internal,pass,
/ulichnaya-mebel/lavochki-i-skameyki/skamya-loft/,/topiarii/,/topiarii/,true,true,internal,pass,
/ulichnaya-mebel/lavochki-i-skameyki/skamya-loft/,/izgotovlenie-na-zakaz/,/izgotovlenie-na-zakaz/,true,true,internal,pass,
/ulichnaya-mebel/lavochki-i-skameyki/skamya-loft/,/metallokonstruktsii-dlya-biznesa/,/metallokonstruktsii-dlya-biznesa/,true,true,internal,pass,
/ulichnaya-mebel/lavochki-i-skameyki/skamya-loft/,/blagoustroystvo-territoriy/,/blagoustroystvo-territoriy/,true,true,internal,pass,
/ulichnaya-mebel/lavochki-i-skameyki/skamya-loft/,/stroitelstvo-i-remonty/,/stroitelstvo-i-remonty/,true,true,internal,pass,
/ulichnaya-mebel/lavochki-i-skameyki/skamya-loft/,/vypolnennye-obekty/,/vypolnennye-obekty/,true,true,internal,pass,
/ulichnaya-mebel/lavochki-i-skameyki/skamya-loft/,/o-nas/,/o-nas/,true,true,internal,pass,
/ulichnaya-mebel/lavochki-i-skameyki/skamya-loft/,/kontakty/,/kontakty/,true,true,internal,pass,
/ulichnaya-mebel/lavochki-i-skameyki/skamya-loft/,/vakansii/,/vakansii/,true,true,internal,pass,
/ulichnaya-mebel/lavochki-i-skameyki/skamya-loft/,tel:+79129735006,,true,true,tel,pass,
/ulichnaya-mebel/lavochki-i-skameyki/skamya-loft/,https://t.me/smu1build,,true,true,external,pass,
/ulichnaya-mebel/lavochki-i-skameyki/skamya-loft/,#contact,/ulichnaya-mebel/lavochki-i-skameyki/skamya-loft/,true,true,anchor,pass,
/ulichnaya-mebel/lavochki-i-skameyki/skamya-loft/,/,/,true,true,internal,pass,
/ulichnaya-mebel/lavochki-i-skameyki/skamya-loft/,#contact,/ulichnaya-mebel/lavochki-i-skameyki/skamya-loft/,true,true,anchor,pass,
/ulichnaya-mebel/lavochki-i-skameyki/skamya-loft/,/ulichnaya-mebel/,/ulichnaya-mebel/,true,true,internal,pass,
/ulichnaya-mebel/lavochki-i-skameyki/skamya-loft/,/ograzhdeniya-i-zabory/,/ograzhdeniya-i-zabory/,true,true,internal,pass,
/ulichnaya-mebel/lavochki-i-skameyki/skamya-loft/,/navesy-i-kozyrki/,/navesy-i-kozyrki/,true,true,internal,pass,
/ulichnaya-mebel/lavochki-i-skameyki/skamya-loft/,/topiarii/,/topiarii/,true,true,internal,pass,
/ulichnaya-mebel/lavochki-i-skameyki/skamya-loft/,/metallokonstruktsii-dlya-biznesa/,/metallokonstruktsii-dlya-biznesa/,true,true,internal,pass,
/ulichnaya-mebel/lavochki-i-skameyki/skamya-loft/,/blagoustroystvo-territoriy/,/blagoustroystvo-territoriy/,true,true,internal,pass,
/ulichnaya-mebel/lavochki-i-skameyki/skamya-loft/,/stroitelstvo-i-remonty/,/stroitelstvo-i-remonty/,true,true,internal,pass,
/ulichnaya-mebel/lavochki-i-skameyki/skamya-loft/,/izgotovlenie-na-zakaz/,/izgotovlenie-na-zakaz/,true,true,internal,pass,
/ulichnaya-mebel/lavochki-i-skameyki/skamya-loft/,/vypolnennye-obekty/,/vypolnennye-obekty/,true,true,internal,pass,
/ulichnaya-mebel/lavochki-i-skameyki/skamya-loft/,/o-nas/,/o-nas/,true,true,internal,pass,
/ulichnaya-mebel/lavochki-i-skameyki/skamya-loft/,/kontakty/,/kontakty/,true,true,internal,pass,
/ulichnaya-mebel/lavochki-i-skameyki/skamya-loft/,/vakansii/,/vakansii/,true,true,internal,pass,
/ulichnaya-mebel/lavochki-i-skameyki/skamya-loft/,tel:+79129735006,,true,true,tel,pass,
/ulichnaya-mebel/lavochki-i-skameyki/skamya-loft/,tel:+79125799665,,true,true,tel,pass,
/ulichnaya-mebel/lavochki-i-skameyki/skamya-loft/,https://t.me/smu1build,,true,true,external,pass,
/ulichnaya-mebel/lavochki-i-skameyki/skamya-loft/,mailto:smu1.kurgan@yandex.ru,,true,true,mailto,pass,
/ulichnaya-mebel/lavochki-i-skameyki/skamya-loft/,/,/,true,true,internal,pass,
/ulichnaya-mebel/lavochki-i-skameyki/skamya-loft/,/ulichnaya-mebel/,/ulichnaya-mebel/,true,true,internal,pass,
/ulichnaya-mebel/lavochki-i-skameyki/skamya-loft/,/ulichnaya-mebel/lavochki-i-skameyki/,/ulichnaya-mebel/lavochki-i-skameyki/,true,true,internal,pass,
/ulichnaya-mebel/lavochki-i-skameyki/skamya-loft/,#contact,/ulichnaya-mebel/lavochki-i-skameyki/skamya-loft/,true,true,anchor,pass,
/ulichnaya-mebel/lavochki-i-skameyki/skamya-loft/,https://t.me/smu1build,,true,true,external,pass,
/ulichnaya-mebel/lavochki-i-skameyki/skamya-loft/,#contact,/ulichnaya-mebel/lavochki-i-skameyki/skamya-loft/,true,true,anchor,pass,
/ulichnaya-mebel/lavochki-i-skameyki/skamya-loft/,/ulichnaya-mebel/lavochki-i-skameyki/,/ulichnaya-mebel/lavochki-i-skameyki/,true,true,internal,pass,
/ulichnaya-mebel/lavochki-i-skameyki/skamya-loft/,/ulichnaya-mebel/lavochki-i-skameyki/skamya-smu1-bazovaya/,/ulichnaya-mebel/lavochki-i-skameyki/skamya-smu1-bazovaya/,true,true,internal,pass,
/ulichnaya-mebel/lavochki-i-skameyki/skamya-loft/,/ulichnaya-mebel/lavochki-i-skameyki/skamya-volna/,/ulichnaya-mebel/lavochki-i-skameyki/skamya-volna/,true,true,internal,pass,
/ulichnaya-mebel/lavochki-i-skameyki/skamya-loft/,/ulichnaya-mebel/lavochki-i-skameyki/skamya-liniya/,/ulichnaya-mebel/lavochki-i-skameyki/skamya-liniya/,true,true,internal,pass,
/ulichnaya-mebel/lavochki-i-skameyki/skamya-loft/,/ulichnaya-mebel/lavochki-i-skameyki/skamya-radius/,/ulichnaya-mebel/lavochki-i-skameyki/skamya-radius/,true,true,internal,pass,
/ulichnaya-mebel/lavochki-i-skameyki/skamya-loft/,https://t.me/smu1build,,true,true,external,pass,
/ulichnaya-mebel/lavochki-i-skameyki/skamya-loft/,/izgotovlenie-na-zakaz/,/izgotovlenie-na-zakaz/,true,true,internal,pass,
/ulichnaya-mebel/lavochki-i-skameyki/skamya-loft/,tel:+79129735006,,true,true,tel,pass,
/ulichnaya-mebel/lavochki-i-skameyki/skamya-loft/,https://t.me/smu1build,,true,true,external,pass,
/ulichnaya-mebel/lavochki-i-skameyki/skamya-loft/,mailto:smu1.kurgan@yandex.ru,,true,true,mailto,pass,
/ulichnaya-mebel/lavochki-i-skameyki/skamya-loft/,/kontakty/,/kontakty/,true,true,internal,pass,
/ulichnaya-mebel/lavochki-i-skameyki/skamya-loft/,/,/,true,true,internal,pass,
/ulichnaya-mebel/lavochki-i-skameyki/skamya-loft/,/ulichnaya-mebel/,/ulichnaya-mebel/,true,true,internal,pass,
/ulichnaya-mebel/lavochki-i-skameyki/skamya-loft/,/ograzhdeniya-i-zabory/,/ograzhdeniya-i-zabory/,true,true,internal,pass,
/ulichnaya-mebel/lavochki-i-skameyki/skamya-loft/,/navesy-i-kozyrki/,/navesy-i-kozyrki/,true,true,internal,pass,
/ulichnaya-mebel/lavochki-i-skameyki/skamya-loft/,/metallokonstruktsii-dlya-biznesa/,/metallokonstruktsii-dlya-biznesa/,true,true,internal,pass,
/ulichnaya-mebel/lavochki-i-skameyki/skamya-loft/,/topiarii/,/topiarii/,true,true,internal,pass,
/ulichnaya-mebel/lavochki-i-skameyki/skamya-loft/,/blagoustroystvo-territoriy/,/blagoustroystvo-territoriy/,true,true,internal,pass,
/ulichnaya-mebel/lavochki-i-skameyki/skamya-loft/,/stroitelstvo-i-remonty/,/stroitelstvo-i-remonty/,true,true,internal,pass,
/ulichnaya-mebel/lavochki-i-skameyki/skamya-loft/,/ulichnaya-mebel/,/ulichnaya-mebel/,true,true,internal,pass,
/ulichnaya-mebel/lavochki-i-skameyki/skamya-loft/,/ograzhdeniya-i-zabory/,/ograzhdeniya-i-zabory/,true,true,internal,pass,
/ulichnaya-mebel/lavochki-i-skameyki/skamya-loft/,/navesy-i-kozyrki/,/navesy-i-kozyrki/,true,true,internal,pass,
/ulichnaya-mebel/lavochki-i-skameyki/skamya-loft/,/metallokonstruktsii-dlya-biznesa/,/metallokonstruktsii-dlya-biznesa/,true,true,internal,pass,
/ulichnaya-mebel/lavochki-i-skameyki/skamya-loft/,/topiarii/,/topiarii/,true,true,internal,pass,
/ulichnaya-mebel/lavochki-i-skameyki/skamya-loft/,/blagoustroystvo-territoriy/,/blagoustroystvo-territoriy/,true,true,internal,pass,
/ulichnaya-mebel/lavochki-i-skameyki/skamya-loft/,/stroitelstvo-i-remonty/,/stroitelstvo-i-remonty/,true,true,internal,pass,
/ulichnaya-mebel/lavochki-i-skameyki/skamya-loft/,/izgotovlenie-na-zakaz/,/izgotovlenie-na-zakaz/,true,true,internal,pass,
/ulichnaya-mebel/lavochki-i-skameyki/skamya-loft/,/vypolnennye-obekty/,/vypolnennye-obekty/,true,true,internal,pass,
/ulichnaya-mebel/lavochki-i-skameyki/skamya-loft/,/o-nas/,/o-nas/,true,true,internal,pass,
/ulichnaya-mebel/lavochki-i-skameyki/skamya-loft/,/kontakty/,/kontakty/,true,true,internal,pass,
/ulichnaya-mebel/lavochki-i-skameyki/skamya-loft/,/vakansii/,/vakansii/,true,true,internal,pass,
/ulichnaya-mebel/lavochki-i-skameyki/skamya-loft/,/izgotovlenie-na-zakaz/,/izgotovlenie-na-zakaz/,true,true,internal,pass,
/ulichnaya-mebel/lavochki-i-skameyki/skamya-loft/,/vypolnennye-obekty/,/vypolnennye-obekty/,true,true,internal,pass,
/ulichnaya-mebel/lavochki-i-skameyki/skamya-loft/,/o-nas/,/o-nas/,true,true,internal,pass,
/ulichnaya-mebel/lavochki-i-skameyki/skamya-loft/,/kontakty/,/kontakty/,true,true,internal,pass,
/ulichnaya-mebel/lavochki-i-skameyki/skamya-loft/,/vakansii/,/vakansii/,true,true,internal,pass,
/ulichnaya-mebel/lavochki-i-skameyki/skamya-loft/,#contact,/ulichnaya-mebel/lavochki-i-skameyki/skamya-loft/,true,true,anchor,pass,
/ulichnaya-mebel/lavochki-i-skameyki/skamya-loft/,tel:+79129735006,,true,true,tel,pass,
/ulichnaya-mebel/lavochki-i-skameyki/skamya-loft/,tel:+79125799665,,true,true,tel,pass,
/ulichnaya-mebel/lavochki-i-skameyki/skamya-loft/,https://t.me/smu1build,,true,true,external,pass,
/ulichnaya-mebel/lavochki-i-skameyki/skamya-loft/,mailto:smu1.kurgan@yandex.ru,,true,true,mailto,pass,
/ulichnaya-mebel/lavochki-i-skameyki/skamya-loft/,/politika-konfidencialnosti/,/politika-konfidencialnosti/,true,true,internal,pass,
/ulichnaya-mebel/lavochki-i-skameyki/skamya-loft/,/politika-konfidencialnosti/,/politika-konfidencialnosti/,true,true,internal,pass,
/ulichnaya-mebel/lavochki-i-skameyki/skamya-park/,#main-content,/ulichnaya-mebel/lavochki-i-skameyki/skamya-park/,true,true,anchor,pass,
/ulichnaya-mebel/lavochki-i-skameyki/skamya-park/,/,/,true,true,internal,pass,
/ulichnaya-mebel/lavochki-i-skameyki/skamya-park/,/ulichnaya-mebel/,/ulichnaya-mebel/,true,true,internal,pass,
/ulichnaya-mebel/lavochki-i-skameyki/skamya-park/,/ograzhdeniya-i-zabory/,/ograzhdeniya-i-zabory/,true,true,internal,pass,
/ulichnaya-mebel/lavochki-i-skameyki/skamya-park/,/navesy-i-kozyrki/,/navesy-i-kozyrki/,true,true,internal,pass,
/ulichnaya-mebel/lavochki-i-skameyki/skamya-park/,/topiarii/,/topiarii/,true,true,internal,pass,
/ulichnaya-mebel/lavochki-i-skameyki/skamya-park/,/izgotovlenie-na-zakaz/,/izgotovlenie-na-zakaz/,true,true,internal,pass,
/ulichnaya-mebel/lavochki-i-skameyki/skamya-park/,/metallokonstruktsii-dlya-biznesa/,/metallokonstruktsii-dlya-biznesa/,true,true,internal,pass,
/ulichnaya-mebel/lavochki-i-skameyki/skamya-park/,/blagoustroystvo-territoriy/,/blagoustroystvo-territoriy/,true,true,internal,pass,
/ulichnaya-mebel/lavochki-i-skameyki/skamya-park/,/stroitelstvo-i-remonty/,/stroitelstvo-i-remonty/,true,true,internal,pass,
/ulichnaya-mebel/lavochki-i-skameyki/skamya-park/,/vypolnennye-obekty/,/vypolnennye-obekty/,true,true,internal,pass,
/ulichnaya-mebel/lavochki-i-skameyki/skamya-park/,/o-nas/,/o-nas/,true,true,internal,pass,
/ulichnaya-mebel/lavochki-i-skameyki/skamya-park/,/kontakty/,/kontakty/,true,true,internal,pass,
/ulichnaya-mebel/lavochki-i-skameyki/skamya-park/,/vakansii/,/vakansii/,true,true,internal,pass,
/ulichnaya-mebel/lavochki-i-skameyki/skamya-park/,tel:+79129735006,,true,true,tel,pass,
/ulichnaya-mebel/lavochki-i-skameyki/skamya-park/,https://t.me/smu1build,,true,true,external,pass,
/ulichnaya-mebel/lavochki-i-skameyki/skamya-park/,#contact,/ulichnaya-mebel/lavochki-i-skameyki/skamya-park/,true,true,anchor,pass,
/ulichnaya-mebel/lavochki-i-skameyki/skamya-park/,/,/,true,true,internal,pass,
/ulichnaya-mebel/lavochki-i-skameyki/skamya-park/,#contact,/ulichnaya-mebel/lavochki-i-skameyki/skamya-park/,true,true,anchor,pass,
/ulichnaya-mebel/lavochki-i-skameyki/skamya-park/,/ulichnaya-mebel/,/ulichnaya-mebel/,true,true,internal,pass,
/ulichnaya-mebel/lavochki-i-skameyki/skamya-park/,/ograzhdeniya-i-zabory/,/ograzhdeniya-i-zabory/,true,true,internal,pass,
/ulichnaya-mebel/lavochki-i-skameyki/skamya-park/,/navesy-i-kozyrki/,/navesy-i-kozyrki/,true,true,internal,pass,
/ulichnaya-mebel/lavochki-i-skameyki/skamya-park/,/topiarii/,/topiarii/,true,true,internal,pass,
/ulichnaya-mebel/lavochki-i-skameyki/skamya-park/,/metallokonstruktsii-dlya-biznesa/,/metallokonstruktsii-dlya-biznesa/,true,true,internal,pass,
/ulichnaya-mebel/lavochki-i-skameyki/skamya-park/,/blagoustroystvo-territoriy/,/blagoustroystvo-territoriy/,true,true,internal,pass,
/ulichnaya-mebel/lavochki-i-skameyki/skamya-park/,/stroitelstvo-i-remonty/,/stroitelstvo-i-remonty/,true,true,internal,pass,
/ulichnaya-mebel/lavochki-i-skameyki/skamya-park/,/izgotovlenie-na-zakaz/,/izgotovlenie-na-zakaz/,true,true,internal,pass,
/ulichnaya-mebel/lavochki-i-skameyki/skamya-park/,/vypolnennye-obekty/,/vypolnennye-obekty/,true,true,internal,pass,
/ulichnaya-mebel/lavochki-i-skameyki/skamya-park/,/o-nas/,/o-nas/,true,true,internal,pass,
/ulichnaya-mebel/lavochki-i-skameyki/skamya-park/,/kontakty/,/kontakty/,true,true,internal,pass,
/ulichnaya-mebel/lavochki-i-skameyki/skamya-park/,/vakansii/,/vakansii/,true,true,internal,pass,
/ulichnaya-mebel/lavochki-i-skameyki/skamya-park/,tel:+79129735006,,true,true,tel,pass,
/ulichnaya-mebel/lavochki-i-skameyki/skamya-park/,tel:+79125799665,,true,true,tel,pass,
/ulichnaya-mebel/lavochki-i-skameyki/skamya-park/,https://t.me/smu1build,,true,true,external,pass,
/ulichnaya-mebel/lavochki-i-skameyki/skamya-park/,mailto:smu1.kurgan@yandex.ru,,true,true,mailto,pass,
/ulichnaya-mebel/lavochki-i-skameyki/skamya-park/,/,/,true,true,internal,pass,
/ulichnaya-mebel/lavochki-i-skameyki/skamya-park/,/ulichnaya-mebel/,/ulichnaya-mebel/,true,true,internal,pass,
/ulichnaya-mebel/lavochki-i-skameyki/skamya-park/,/ulichnaya-mebel/lavochki-i-skameyki/,/ulichnaya-mebel/lavochki-i-skameyki/,true,true,internal,pass,
/ulichnaya-mebel/lavochki-i-skameyki/skamya-park/,#contact,/ulichnaya-mebel/lavochki-i-skameyki/skamya-park/,true,true,anchor,pass,
/ulichnaya-mebel/lavochki-i-skameyki/skamya-park/,https://t.me/smu1build,,true,true,external,pass,
/ulichnaya-mebel/lavochki-i-skameyki/skamya-park/,#contact,/ulichnaya-mebel/lavochki-i-skameyki/skamya-park/,true,true,anchor,pass,
/ulichnaya-mebel/lavochki-i-skameyki/skamya-park/,/ulichnaya-mebel/lavochki-i-skameyki/,/ulichnaya-mebel/lavochki-i-skameyki/,true,true,internal,pass,
/ulichnaya-mebel/lavochki-i-skameyki/skamya-park/,/ulichnaya-mebel/lavochki-i-skameyki/skamya-smu1-bazovaya/,/ulichnaya-mebel/lavochki-i-skameyki/skamya-smu1-bazovaya/,true,true,internal,pass,
/ulichnaya-mebel/lavochki-i-skameyki/skamya-park/,/ulichnaya-mebel/lavochki-i-skameyki/skamya-loft/,/ulichnaya-mebel/lavochki-i-skameyki/skamya-loft/,true,true,internal,pass,
/ulichnaya-mebel/lavochki-i-skameyki/skamya-park/,/ulichnaya-mebel/lavochki-i-skameyki/skamya-volna/,/ulichnaya-mebel/lavochki-i-skameyki/skamya-volna/,true,true,internal,pass,
/ulichnaya-mebel/lavochki-i-skameyki/skamya-park/,/ulichnaya-mebel/lavochki-i-skameyki/skamya-liniya/,/ulichnaya-mebel/lavochki-i-skameyki/skamya-liniya/,true,true,internal,pass,
/ulichnaya-mebel/lavochki-i-skameyki/skamya-park/,https://t.me/smu1build,,true,true,external,pass,
/ulichnaya-mebel/lavochki-i-skameyki/skamya-park/,/izgotovlenie-na-zakaz/,/izgotovlenie-na-zakaz/,true,true,internal,pass,
/ulichnaya-mebel/lavochki-i-skameyki/skamya-park/,tel:+79129735006,,true,true,tel,pass,
/ulichnaya-mebel/lavochki-i-skameyki/skamya-park/,https://t.me/smu1build,,true,true,external,pass,
/ulichnaya-mebel/lavochki-i-skameyki/skamya-park/,mailto:smu1.kurgan@yandex.ru,,true,true,mailto,pass,
/ulichnaya-mebel/lavochki-i-skameyki/skamya-park/,/kontakty/,/kontakty/,true,true,internal,pass,
/ulichnaya-mebel/lavochki-i-skameyki/skamya-park/,/,/,true,true,internal,pass,
/ulichnaya-mebel/lavochki-i-skameyki/skamya-park/,/ulichnaya-mebel/,/ulichnaya-mebel/,true,true,internal,pass,
/ulichnaya-mebel/lavochki-i-skameyki/skamya-park/,/ograzhdeniya-i-zabory/,/ograzhdeniya-i-zabory/,true,true,internal,pass,
/ulichnaya-mebel/lavochki-i-skameyki/skamya-park/,/navesy-i-kozyrki/,/navesy-i-kozyrki/,true,true,internal,pass,
/ulichnaya-mebel/lavochki-i-skameyki/skamya-park/,/metallokonstruktsii-dlya-biznesa/,/metallokonstruktsii-dlya-biznesa/,true,true,internal,pass,
/ulichnaya-mebel/lavochki-i-skameyki/skamya-park/,/topiarii/,/topiarii/,true,true,internal,pass,
/ulichnaya-mebel/lavochki-i-skameyki/skamya-park/,/blagoustroystvo-territoriy/,/blagoustroystvo-territoriy/,true,true,internal,pass,
/ulichnaya-mebel/lavochki-i-skameyki/skamya-park/,/stroitelstvo-i-remonty/,/stroitelstvo-i-remonty/,true,true,internal,pass,
/ulichnaya-mebel/lavochki-i-skameyki/skamya-park/,/ulichnaya-mebel/,/ulichnaya-mebel/,true,true,internal,pass,
/ulichnaya-mebel/lavochki-i-skameyki/skamya-park/,/ograzhdeniya-i-zabory/,/ograzhdeniya-i-zabory/,true,true,internal,pass,
/ulichnaya-mebel/lavochki-i-skameyki/skamya-park/,/navesy-i-kozyrki/,/navesy-i-kozyrki/,true,true,internal,pass,
/ulichnaya-mebel/lavochki-i-skameyki/skamya-park/,/metallokonstruktsii-dlya-biznesa/,/metallokonstruktsii-dlya-biznesa/,true,true,internal,pass,
/ulichnaya-mebel/lavochki-i-skameyki/skamya-park/,/topiarii/,/topiarii/,true,true,internal,pass,
/ulichnaya-mebel/lavochki-i-skameyki/skamya-park/,/blagoustroystvo-territoriy/,/blagoustroystvo-territoriy/,true,true,internal,pass,
/ulichnaya-mebel/lavochki-i-skameyki/skamya-park/,/stroitelstvo-i-remonty/,/stroitelstvo-i-remonty/,true,true,internal,pass,
/ulichnaya-mebel/lavochki-i-skameyki/skamya-park/,/izgotovlenie-na-zakaz/,/izgotovlenie-na-zakaz/,true,true,internal,pass,
/ulichnaya-mebel/lavochki-i-skameyki/skamya-park/,/vypolnennye-obekty/,/vypolnennye-obekty/,true,true,internal,pass,
/ulichnaya-mebel/lavochki-i-skameyki/skamya-park/,/o-nas/,/o-nas/,true,true,internal,pass,
/ulichnaya-mebel/lavochki-i-skameyki/skamya-park/,/kontakty/,/kontakty/,true,true,internal,pass,
/ulichnaya-mebel/lavochki-i-skameyki/skamya-park/,/vakansii/,/vakansii/,true,true,internal,pass,
/ulichnaya-mebel/lavochki-i-skameyki/skamya-park/,/izgotovlenie-na-zakaz/,/izgotovlenie-na-zakaz/,true,true,internal,pass,
/ulichnaya-mebel/lavochki-i-skameyki/skamya-park/,/vypolnennye-obekty/,/vypolnennye-obekty/,true,true,internal,pass,
/ulichnaya-mebel/lavochki-i-skameyki/skamya-park/,/o-nas/,/o-nas/,true,true,internal,pass,
/ulichnaya-mebel/lavochki-i-skameyki/skamya-park/,/kontakty/,/kontakty/,true,true,internal,pass,
/ulichnaya-mebel/lavochki-i-skameyki/skamya-park/,/vakansii/,/vakansii/,true,true,internal,pass,
/ulichnaya-mebel/lavochki-i-skameyki/skamya-park/,#contact,/ulichnaya-mebel/lavochki-i-skameyki/skamya-park/,true,true,anchor,pass,
/ulichnaya-mebel/lavochki-i-skameyki/skamya-park/,tel:+79129735006,,true,true,tel,pass,
/ulichnaya-mebel/lavochki-i-skameyki/skamya-park/,tel:+79125799665,,true,true,tel,pass,
/ulichnaya-mebel/lavochki-i-skameyki/skamya-park/,https://t.me/smu1build,,true,true,external,pass,
/ulichnaya-mebel/lavochki-i-skameyki/skamya-park/,mailto:smu1.kurgan@yandex.ru,,true,true,mailto,pass,
/ulichnaya-mebel/lavochki-i-skameyki/skamya-park/,/politika-konfidencialnosti/,/politika-konfidencialnosti/,true,true,internal,pass,
/ulichnaya-mebel/lavochki-i-skameyki/skamya-park/,/politika-konfidencialnosti/,/politika-konfidencialnosti/,true,true,internal,pass,
/ulichnaya-mebel/lavochki-i-skameyki/skamya-plato/,#main-content,/ulichnaya-mebel/lavochki-i-skameyki/skamya-plato/,true,true,anchor,pass,
/ulichnaya-mebel/lavochki-i-skameyki/skamya-plato/,/,/,true,true,internal,pass,
/ulichnaya-mebel/lavochki-i-skameyki/skamya-plato/,/ulichnaya-mebel/,/ulichnaya-mebel/,true,true,internal,pass,
/ulichnaya-mebel/lavochki-i-skameyki/skamya-plato/,/ograzhdeniya-i-zabory/,/ograzhdeniya-i-zabory/,true,true,internal,pass,
/ulichnaya-mebel/lavochki-i-skameyki/skamya-plato/,/navesy-i-kozyrki/,/navesy-i-kozyrki/,true,true,internal,pass,
/ulichnaya-mebel/lavochki-i-skameyki/skamya-plato/,/topiarii/,/topiarii/,true,true,internal,pass,
/ulichnaya-mebel/lavochki-i-skameyki/skamya-plato/,/izgotovlenie-na-zakaz/,/izgotovlenie-na-zakaz/,true,true,internal,pass,
/ulichnaya-mebel/lavochki-i-skameyki/skamya-plato/,/metallokonstruktsii-dlya-biznesa/,/metallokonstruktsii-dlya-biznesa/,true,true,internal,pass,
/ulichnaya-mebel/lavochki-i-skameyki/skamya-plato/,/blagoustroystvo-territoriy/,/blagoustroystvo-territoriy/,true,true,internal,pass,
/ulichnaya-mebel/lavochki-i-skameyki/skamya-plato/,/stroitelstvo-i-remonty/,/stroitelstvo-i-remonty/,true,true,internal,pass,
/ulichnaya-mebel/lavochki-i-skameyki/skamya-plato/,/vypolnennye-obekty/,/vypolnennye-obekty/,true,true,internal,pass,
/ulichnaya-mebel/lavochki-i-skameyki/skamya-plato/,/o-nas/,/o-nas/,true,true,internal,pass,
/ulichnaya-mebel/lavochki-i-skameyki/skamya-plato/,/kontakty/,/kontakty/,true,true,internal,pass,
/ulichnaya-mebel/lavochki-i-skameyki/skamya-plato/,/vakansii/,/vakansii/,true,true,internal,pass,
/ulichnaya-mebel/lavochki-i-skameyki/skamya-plato/,tel:+79129735006,,true,true,tel,pass,
/ulichnaya-mebel/lavochki-i-skameyki/skamya-plato/,https://t.me/smu1build,,true,true,external,pass,
/ulichnaya-mebel/lavochki-i-skameyki/skamya-plato/,#contact,/ulichnaya-mebel/lavochki-i-skameyki/skamya-plato/,true,true,anchor,pass,
/ulichnaya-mebel/lavochki-i-skameyki/skamya-plato/,/,/,true,true,internal,pass,
/ulichnaya-mebel/lavochki-i-skameyki/skamya-plato/,#contact,/ulichnaya-mebel/lavochki-i-skameyki/skamya-plato/,true,true,anchor,pass,
/ulichnaya-mebel/lavochki-i-skameyki/skamya-plato/,/ulichnaya-mebel/,/ulichnaya-mebel/,true,true,internal,pass,
/ulichnaya-mebel/lavochki-i-skameyki/skamya-plato/,/ograzhdeniya-i-zabory/,/ograzhdeniya-i-zabory/,true,true,internal,pass,
/ulichnaya-mebel/lavochki-i-skameyki/skamya-plato/,/navesy-i-kozyrki/,/navesy-i-kozyrki/,true,true,internal,pass,
/ulichnaya-mebel/lavochki-i-skameyki/skamya-plato/,/topiarii/,/topiarii/,true,true,internal,pass,
/ulichnaya-mebel/lavochki-i-skameyki/skamya-plato/,/metallokonstruktsii-dlya-biznesa/,/metallokonstruktsii-dlya-biznesa/,true,true,internal,pass,
/ulichnaya-mebel/lavochki-i-skameyki/skamya-plato/,/blagoustroystvo-territoriy/,/blagoustroystvo-territoriy/,true,true,internal,pass,
/ulichnaya-mebel/lavochki-i-skameyki/skamya-plato/,/stroitelstvo-i-remonty/,/stroitelstvo-i-remonty/,true,true,internal,pass,
/ulichnaya-mebel/lavochki-i-skameyki/skamya-plato/,/izgotovlenie-na-zakaz/,/izgotovlenie-na-zakaz/,true,true,internal,pass,
/ulichnaya-mebel/lavochki-i-skameyki/skamya-plato/,/vypolnennye-obekty/,/vypolnennye-obekty/,true,true,internal,pass,
/ulichnaya-mebel/lavochki-i-skameyki/skamya-plato/,/o-nas/,/o-nas/,true,true,internal,pass,
/ulichnaya-mebel/lavochki-i-skameyki/skamya-plato/,/kontakty/,/kontakty/,true,true,internal,pass,
/ulichnaya-mebel/lavochki-i-skameyki/skamya-plato/,/vakansii/,/vakansii/,true,true,internal,pass,
/ulichnaya-mebel/lavochki-i-skameyki/skamya-plato/,tel:+79129735006,,true,true,tel,pass,
/ulichnaya-mebel/lavochki-i-skameyki/skamya-plato/,tel:+79125799665,,true,true,tel,pass,
/ulichnaya-mebel/lavochki-i-skameyki/skamya-plato/,https://t.me/smu1build,,true,true,external,pass,
/ulichnaya-mebel/lavochki-i-skameyki/skamya-plato/,mailto:smu1.kurgan@yandex.ru,,true,true,mailto,pass,
/ulichnaya-mebel/lavochki-i-skameyki/skamya-plato/,/,/,true,true,internal,pass,
/ulichnaya-mebel/lavochki-i-skameyki/skamya-plato/,/ulichnaya-mebel/,/ulichnaya-mebel/,true,true,internal,pass,
/ulichnaya-mebel/lavochki-i-skameyki/skamya-plato/,/ulichnaya-mebel/lavochki-i-skameyki/,/ulichnaya-mebel/lavochki-i-skameyki/,true,true,internal,pass,
/ulichnaya-mebel/lavochki-i-skameyki/skamya-plato/,#contact,/ulichnaya-mebel/lavochki-i-skameyki/skamya-plato/,true,true,anchor,pass,
/ulichnaya-mebel/lavochki-i-skameyki/skamya-plato/,https://t.me/smu1build,,true,true,external,pass,
/ulichnaya-mebel/lavochki-i-skameyki/skamya-plato/,#contact,/ulichnaya-mebel/lavochki-i-skameyki/skamya-plato/,true,true,anchor,pass,
/ulichnaya-mebel/lavochki-i-skameyki/skamya-plato/,/ulichnaya-mebel/lavochki-i-skameyki/,/ulichnaya-mebel/lavochki-i-skameyki/,true,true,internal,pass,
/ulichnaya-mebel/lavochki-i-skameyki/skamya-plato/,/ulichnaya-mebel/lavochki-i-skameyki/skamya-smu1-bazovaya/,/ulichnaya-mebel/lavochki-i-skameyki/skamya-smu1-bazovaya/,true,true,internal,pass,
/ulichnaya-mebel/lavochki-i-skameyki/skamya-plato/,/ulichnaya-mebel/lavochki-i-skameyki/skamya-loft/,/ulichnaya-mebel/lavochki-i-skameyki/skamya-loft/,true,true,internal,pass,
/ulichnaya-mebel/lavochki-i-skameyki/skamya-plato/,/ulichnaya-mebel/lavochki-i-skameyki/skamya-volna/,/ulichnaya-mebel/lavochki-i-skameyki/skamya-volna/,true,true,internal,pass,
/ulichnaya-mebel/lavochki-i-skameyki/skamya-plato/,/ulichnaya-mebel/lavochki-i-skameyki/skamya-liniya/,/ulichnaya-mebel/lavochki-i-skameyki/skamya-liniya/,true,true,internal,pass,
/ulichnaya-mebel/lavochki-i-skameyki/skamya-plato/,https://t.me/smu1build,,true,true,external,pass,
/ulichnaya-mebel/lavochki-i-skameyki/skamya-plato/,/izgotovlenie-na-zakaz/,/izgotovlenie-na-zakaz/,true,true,internal,pass,
/ulichnaya-mebel/lavochki-i-skameyki/skamya-plato/,tel:+79129735006,,true,true,tel,pass,
/ulichnaya-mebel/lavochki-i-skameyki/skamya-plato/,https://t.me/smu1build,,true,true,external,pass,
/ulichnaya-mebel/lavochki-i-skameyki/skamya-plato/,mailto:smu1.kurgan@yandex.ru,,true,true,mailto,pass,
/ulichnaya-mebel/lavochki-i-skameyki/skamya-plato/,/kontakty/,/kontakty/,true,true,internal,pass,
/ulichnaya-mebel/lavochki-i-skameyki/skamya-plato/,/,/,true,true,internal,pass,
/ulichnaya-mebel/lavochki-i-skameyki/skamya-plato/,/ulichnaya-mebel/,/ulichnaya-mebel/,true,true,internal,pass,
/ulichnaya-mebel/lavochki-i-skameyki/skamya-plato/,/ograzhdeniya-i-zabory/,/ograzhdeniya-i-zabory/,true,true,internal,pass,
/ulichnaya-mebel/lavochki-i-skameyki/skamya-plato/,/navesy-i-kozyrki/,/navesy-i-kozyrki/,true,true,internal,pass,
/ulichnaya-mebel/lavochki-i-skameyki/skamya-plato/,/metallokonstruktsii-dlya-biznesa/,/metallokonstruktsii-dlya-biznesa/,true,true,internal,pass,
/ulichnaya-mebel/lavochki-i-skameyki/skamya-plato/,/topiarii/,/topiarii/,true,true,internal,pass,
/ulichnaya-mebel/lavochki-i-skameyki/skamya-plato/,/blagoustroystvo-territoriy/,/blagoustroystvo-territoriy/,true,true,internal,pass,
/ulichnaya-mebel/lavochki-i-skameyki/skamya-plato/,/stroitelstvo-i-remonty/,/stroitelstvo-i-remonty/,true,true,internal,pass,
/ulichnaya-mebel/lavochki-i-skameyki/skamya-plato/,/ulichnaya-mebel/,/ulichnaya-mebel/,true,true,internal,pass,
/ulichnaya-mebel/lavochki-i-skameyki/skamya-plato/,/ograzhdeniya-i-zabory/,/ograzhdeniya-i-zabory/,true,true,internal,pass,
/ulichnaya-mebel/lavochki-i-skameyki/skamya-plato/,/navesy-i-kozyrki/,/navesy-i-kozyrki/,true,true,internal,pass,
/ulichnaya-mebel/lavochki-i-skameyki/skamya-plato/,/metallokonstruktsii-dlya-biznesa/,/metallokonstruktsii-dlya-biznesa/,true,true,internal,pass,
/ulichnaya-mebel/lavochki-i-skameyki/skamya-plato/,/topiarii/,/topiarii/,true,true,internal,pass,
/ulichnaya-mebel/lavochki-i-skameyki/skamya-plato/,/blagoustroystvo-territoriy/,/blagoustroystvo-territoriy/,true,true,internal,pass,
/ulichnaya-mebel/lavochki-i-skameyki/skamya-plato/,/stroitelstvo-i-remonty/,/stroitelstvo-i-remonty/,true,true,internal,pass,
/ulichnaya-mebel/lavochki-i-skameyki/skamya-plato/,/izgotovlenie-na-zakaz/,/izgotovlenie-na-zakaz/,true,true,internal,pass,
/ulichnaya-mebel/lavochki-i-skameyki/skamya-plato/,/vypolnennye-obekty/,/vypolnennye-obekty/,true,true,internal,pass,
/ulichnaya-mebel/lavochki-i-skameyki/skamya-plato/,/o-nas/,/o-nas/,true,true,internal,pass,
/ulichnaya-mebel/lavochki-i-skameyki/skamya-plato/,/kontakty/,/kontakty/,true,true,internal,pass,
/ulichnaya-mebel/lavochki-i-skameyki/skamya-plato/,/vakansii/,/vakansii/,true,true,internal,pass,
/ulichnaya-mebel/lavochki-i-skameyki/skamya-plato/,/izgotovlenie-na-zakaz/,/izgotovlenie-na-zakaz/,true,true,internal,pass,
/ulichnaya-mebel/lavochki-i-skameyki/skamya-plato/,/vypolnennye-obekty/,/vypolnennye-obekty/,true,true,internal,pass,
/ulichnaya-mebel/lavochki-i-skameyki/skamya-plato/,/o-nas/,/o-nas/,true,true,internal,pass,
/ulichnaya-mebel/lavochki-i-skameyki/skamya-plato/,/kontakty/,/kontakty/,true,true,internal,pass,
/ulichnaya-mebel/lavochki-i-skameyki/skamya-plato/,/vakansii/,/vakansii/,true,true,internal,pass,
/ulichnaya-mebel/lavochki-i-skameyki/skamya-plato/,#contact,/ulichnaya-mebel/lavochki-i-skameyki/skamya-plato/,true,true,anchor,pass,
/ulichnaya-mebel/lavochki-i-skameyki/skamya-plato/,tel:+79129735006,,true,true,tel,pass,
/ulichnaya-mebel/lavochki-i-skameyki/skamya-plato/,tel:+79125799665,,true,true,tel,pass,
/ulichnaya-mebel/lavochki-i-skameyki/skamya-plato/,https://t.me/smu1build,,true,true,external,pass,
/ulichnaya-mebel/lavochki-i-skameyki/skamya-plato/,mailto:smu1.kurgan@yandex.ru,,true,true,mailto,pass,
/ulichnaya-mebel/lavochki-i-skameyki/skamya-plato/,/politika-konfidencialnosti/,/politika-konfidencialnosti/,true,true,internal,pass,
/ulichnaya-mebel/lavochki-i-skameyki/skamya-plato/,/politika-konfidencialnosti/,/politika-konfidencialnosti/,true,true,internal,pass,
/ulichnaya-mebel/lavochki-i-skameyki/skamya-podium/,#main-content,/ulichnaya-mebel/lavochki-i-skameyki/skamya-podium/,true,true,anchor,pass,
/ulichnaya-mebel/lavochki-i-skameyki/skamya-podium/,/,/,true,true,internal,pass,
/ulichnaya-mebel/lavochki-i-skameyki/skamya-podium/,/ulichnaya-mebel/,/ulichnaya-mebel/,true,true,internal,pass,
/ulichnaya-mebel/lavochki-i-skameyki/skamya-podium/,/ograzhdeniya-i-zabory/,/ograzhdeniya-i-zabory/,true,true,internal,pass,
/ulichnaya-mebel/lavochki-i-skameyki/skamya-podium/,/navesy-i-kozyrki/,/navesy-i-kozyrki/,true,true,internal,pass,
/ulichnaya-mebel/lavochki-i-skameyki/skamya-podium/,/topiarii/,/topiarii/,true,true,internal,pass,
/ulichnaya-mebel/lavochki-i-skameyki/skamya-podium/,/izgotovlenie-na-zakaz/,/izgotovlenie-na-zakaz/,true,true,internal,pass,
/ulichnaya-mebel/lavochki-i-skameyki/skamya-podium/,/metallokonstruktsii-dlya-biznesa/,/metallokonstruktsii-dlya-biznesa/,true,true,internal,pass,
/ulichnaya-mebel/lavochki-i-skameyki/skamya-podium/,/blagoustroystvo-territoriy/,/blagoustroystvo-territoriy/,true,true,internal,pass,
/ulichnaya-mebel/lavochki-i-skameyki/skamya-podium/,/stroitelstvo-i-remonty/,/stroitelstvo-i-remonty/,true,true,internal,pass,
/ulichnaya-mebel/lavochki-i-skameyki/skamya-podium/,/vypolnennye-obekty/,/vypolnennye-obekty/,true,true,internal,pass,
/ulichnaya-mebel/lavochki-i-skameyki/skamya-podium/,/o-nas/,/o-nas/,true,true,internal,pass,
/ulichnaya-mebel/lavochki-i-skameyki/skamya-podium/,/kontakty/,/kontakty/,true,true,internal,pass,
/ulichnaya-mebel/lavochki-i-skameyki/skamya-podium/,/vakansii/,/vakansii/,true,true,internal,pass,
/ulichnaya-mebel/lavochki-i-skameyki/skamya-podium/,tel:+79129735006,,true,true,tel,pass,
/ulichnaya-mebel/lavochki-i-skameyki/skamya-podium/,https://t.me/smu1build,,true,true,external,pass,
/ulichnaya-mebel/lavochki-i-skameyki/skamya-podium/,#contact,/ulichnaya-mebel/lavochki-i-skameyki/skamya-podium/,true,true,anchor,pass,
/ulichnaya-mebel/lavochki-i-skameyki/skamya-podium/,/,/,true,true,internal,pass,
/ulichnaya-mebel/lavochki-i-skameyki/skamya-podium/,#contact,/ulichnaya-mebel/lavochki-i-skameyki/skamya-podium/,true,true,anchor,pass,
/ulichnaya-mebel/lavochki-i-skameyki/skamya-podium/,/ulichnaya-mebel/,/ulichnaya-mebel/,true,true,internal,pass,
/ulichnaya-mebel/lavochki-i-skameyki/skamya-podium/,/ograzhdeniya-i-zabory/,/ograzhdeniya-i-zabory/,true,true,internal,pass,
/ulichnaya-mebel/lavochki-i-skameyki/skamya-podium/,/navesy-i-kozyrki/,/navesy-i-kozyrki/,true,true,internal,pass,
/ulichnaya-mebel/lavochki-i-skameyki/skamya-podium/,/topiarii/,/topiarii/,true,true,internal,pass,
/ulichnaya-mebel/lavochki-i-skameyki/skamya-podium/,/metallokonstruktsii-dlya-biznesa/,/metallokonstruktsii-dlya-biznesa/,true,true,internal,pass,
/ulichnaya-mebel/lavochki-i-skameyki/skamya-podium/,/blagoustroystvo-territoriy/,/blagoustroystvo-territoriy/,true,true,internal,pass,
/ulichnaya-mebel/lavochki-i-skameyki/skamya-podium/,/stroitelstvo-i-remonty/,/stroitelstvo-i-remonty/,true,true,internal,pass,
/ulichnaya-mebel/lavochki-i-skameyki/skamya-podium/,/izgotovlenie-na-zakaz/,/izgotovlenie-na-zakaz/,true,true,internal,pass,
/ulichnaya-mebel/lavochki-i-skameyki/skamya-podium/,/vypolnennye-obekty/,/vypolnennye-obekty/,true,true,internal,pass,
/ulichnaya-mebel/lavochki-i-skameyki/skamya-podium/,/o-nas/,/o-nas/,true,true,internal,pass,
/ulichnaya-mebel/lavochki-i-skameyki/skamya-podium/,/kontakty/,/kontakty/,true,true,internal,pass,
/ulichnaya-mebel/lavochki-i-skameyki/skamya-podium/,/vakansii/,/vakansii/,true,true,internal,pass,
/ulichnaya-mebel/lavochki-i-skameyki/skamya-podium/,tel:+79129735006,,true,true,tel,pass,
/ulichnaya-mebel/lavochki-i-skameyki/skamya-podium/,tel:+79125799665,,true,true,tel,pass,
/ulichnaya-mebel/lavochki-i-skameyki/skamya-podium/,https://t.me/smu1build,,true,true,external,pass,
/ulichnaya-mebel/lavochki-i-skameyki/skamya-podium/,mailto:smu1.kurgan@yandex.ru,,true,true,mailto,pass,
/ulichnaya-mebel/lavochki-i-skameyki/skamya-podium/,/,/,true,true,internal,pass,
/ulichnaya-mebel/lavochki-i-skameyki/skamya-podium/,/ulichnaya-mebel/,/ulichnaya-mebel/,true,true,internal,pass,
/ulichnaya-mebel/lavochki-i-skameyki/skamya-podium/,/ulichnaya-mebel/lavochki-i-skameyki/,/ulichnaya-mebel/lavochki-i-skameyki/,true,true,internal,pass,
/ulichnaya-mebel/lavochki-i-skameyki/skamya-podium/,#contact,/ulichnaya-mebel/lavochki-i-skameyki/skamya-podium/,true,true,anchor,pass,
/ulichnaya-mebel/lavochki-i-skameyki/skamya-podium/,https://t.me/smu1build,,true,true,external,pass,
/ulichnaya-mebel/lavochki-i-skameyki/skamya-podium/,#contact,/ulichnaya-mebel/lavochki-i-skameyki/skamya-podium/,true,true,anchor,pass,
/ulichnaya-mebel/lavochki-i-skameyki/skamya-podium/,/ulichnaya-mebel/lavochki-i-skameyki/,/ulichnaya-mebel/lavochki-i-skameyki/,true,true,internal,pass,
/ulichnaya-mebel/lavochki-i-skameyki/skamya-podium/,/ulichnaya-mebel/lavochki-i-skameyki/skamya-smu1-bazovaya/,/ulichnaya-mebel/lavochki-i-skameyki/skamya-smu1-bazovaya/,true,true,internal,pass,
/ulichnaya-mebel/lavochki-i-skameyki/skamya-podium/,/ulichnaya-mebel/lavochki-i-skameyki/skamya-loft/,/ulichnaya-mebel/lavochki-i-skameyki/skamya-loft/,true,true,internal,pass,
/ulichnaya-mebel/lavochki-i-skameyki/skamya-podium/,/ulichnaya-mebel/lavochki-i-skameyki/skamya-volna/,/ulichnaya-mebel/lavochki-i-skameyki/skamya-volna/,true,true,internal,pass,
/ulichnaya-mebel/lavochki-i-skameyki/skamya-podium/,/ulichnaya-mebel/lavochki-i-skameyki/skamya-liniya/,/ulichnaya-mebel/lavochki-i-skameyki/skamya-liniya/,true,true,internal,pass,
/ulichnaya-mebel/lavochki-i-skameyki/skamya-podium/,https://t.me/smu1build,,true,true,external,pass,
/ulichnaya-mebel/lavochki-i-skameyki/skamya-podium/,/izgotovlenie-na-zakaz/,/izgotovlenie-na-zakaz/,true,true,internal,pass,
/ulichnaya-mebel/lavochki-i-skameyki/skamya-podium/,tel:+79129735006,,true,true,tel,pass,
/ulichnaya-mebel/lavochki-i-skameyki/skamya-podium/,https://t.me/smu1build,,true,true,external,pass,
/ulichnaya-mebel/lavochki-i-skameyki/skamya-podium/,mailto:smu1.kurgan@yandex.ru,,true,true,mailto,pass,
/ulichnaya-mebel/lavochki-i-skameyki/skamya-podium/,/kontakty/,/kontakty/,true,true,internal,pass,
/ulichnaya-mebel/lavochki-i-skameyki/skamya-podium/,/,/,true,true,internal,pass,
/ulichnaya-mebel/lavochki-i-skameyki/skamya-podium/,/ulichnaya-mebel/,/ulichnaya-mebel/,true,true,internal,pass,
/ulichnaya-mebel/lavochki-i-skameyki/skamya-podium/,/ograzhdeniya-i-zabory/,/ograzhdeniya-i-zabory/,true,true,internal,pass,
/ulichnaya-mebel/lavochki-i-skameyki/skamya-podium/,/navesy-i-kozyrki/,/navesy-i-kozyrki/,true,true,internal,pass,
/ulichnaya-mebel/lavochki-i-skameyki/skamya-podium/,/metallokonstruktsii-dlya-biznesa/,/metallokonstruktsii-dlya-biznesa/,true,true,internal,pass,
/ulichnaya-mebel/lavochki-i-skameyki/skamya-podium/,/topiarii/,/topiarii/,true,true,internal,pass,
/ulichnaya-mebel/lavochki-i-skameyki/skamya-podium/,/blagoustroystvo-territoriy/,/blagoustroystvo-territoriy/,true,true,internal,pass,
/ulichnaya-mebel/lavochki-i-skameyki/skamya-podium/,/stroitelstvo-i-remonty/,/stroitelstvo-i-remonty/,true,true,internal,pass,
/ulichnaya-mebel/lavochki-i-skameyki/skamya-podium/,/ulichnaya-mebel/,/ulichnaya-mebel/,true,true,internal,pass,
/ulichnaya-mebel/lavochki-i-skameyki/skamya-podium/,/ograzhdeniya-i-zabory/,/ograzhdeniya-i-zabory/,true,true,internal,pass,
/ulichnaya-mebel/lavochki-i-skameyki/skamya-podium/,/navesy-i-kozyrki/,/navesy-i-kozyrki/,true,true,internal,pass,
/ulichnaya-mebel/lavochki-i-skameyki/skamya-podium/,/metallokonstruktsii-dlya-biznesa/,/metallokonstruktsii-dlya-biznesa/,true,true,internal,pass,
/ulichnaya-mebel/lavochki-i-skameyki/skamya-podium/,/topiarii/,/topiarii/,true,true,internal,pass,
/ulichnaya-mebel/lavochki-i-skameyki/skamya-podium/,/blagoustroystvo-territoriy/,/blagoustroystvo-territoriy/,true,true,internal,pass,
/ulichnaya-mebel/lavochki-i-skameyki/skamya-podium/,/stroitelstvo-i-remonty/,/stroitelstvo-i-remonty/,true,true,internal,pass,
/ulichnaya-mebel/lavochki-i-skameyki/skamya-podium/,/izgotovlenie-na-zakaz/,/izgotovlenie-na-zakaz/,true,true,internal,pass,
/ulichnaya-mebel/lavochki-i-skameyki/skamya-podium/,/vypolnennye-obekty/,/vypolnennye-obekty/,true,true,internal,pass,
/ulichnaya-mebel/lavochki-i-skameyki/skamya-podium/,/o-nas/,/o-nas/,true,true,internal,pass,
/ulichnaya-mebel/lavochki-i-skameyki/skamya-podium/,/kontakty/,/kontakty/,true,true,internal,pass,
/ulichnaya-mebel/lavochki-i-skameyki/skamya-podium/,/vakansii/,/vakansii/,true,true,internal,pass,
/ulichnaya-mebel/lavochki-i-skameyki/skamya-podium/,/izgotovlenie-na-zakaz/,/izgotovlenie-na-zakaz/,true,true,internal,pass,
/ulichnaya-mebel/lavochki-i-skameyki/skamya-podium/,/vypolnennye-obekty/,/vypolnennye-obekty/,true,true,internal,pass,
/ulichnaya-mebel/lavochki-i-skameyki/skamya-podium/,/o-nas/,/o-nas/,true,true,internal,pass,
/ulichnaya-mebel/lavochki-i-skameyki/skamya-podium/,/kontakty/,/kontakty/,true,true,internal,pass,
/ulichnaya-mebel/lavochki-i-skameyki/skamya-podium/,/vakansii/,/vakansii/,true,true,internal,pass,
/ulichnaya-mebel/lavochki-i-skameyki/skamya-podium/,#contact,/ulichnaya-mebel/lavochki-i-skameyki/skamya-podium/,true,true,anchor,pass,
/ulichnaya-mebel/lavochki-i-skameyki/skamya-podium/,tel:+79129735006,,true,true,tel,pass,
/ulichnaya-mebel/lavochki-i-skameyki/skamya-podium/,tel:+79125799665,,true,true,tel,pass,
/ulichnaya-mebel/lavochki-i-skameyki/skamya-podium/,https://t.me/smu1build,,true,true,external,pass,
/ulichnaya-mebel/lavochki-i-skameyki/skamya-podium/,mailto:smu1.kurgan@yandex.ru,,true,true,mailto,pass,
/ulichnaya-mebel/lavochki-i-skameyki/skamya-podium/,/politika-konfidencialnosti/,/politika-konfidencialnosti/,true,true,internal,pass,
/ulichnaya-mebel/lavochki-i-skameyki/skamya-podium/,/politika-konfidencialnosti/,/politika-konfidencialnosti/,true,true,internal,pass,
/ulichnaya-mebel/lavochki-i-skameyki/skamya-radius-so-spinkami/,#main-content,/ulichnaya-mebel/lavochki-i-skameyki/skamya-radius-so-spinkami/,true,true,anchor,pass,
/ulichnaya-mebel/lavochki-i-skameyki/skamya-radius-so-spinkami/,/,/,true,true,internal,pass,
/ulichnaya-mebel/lavochki-i-skameyki/skamya-radius-so-spinkami/,/ulichnaya-mebel/,/ulichnaya-mebel/,true,true,internal,pass,
/ulichnaya-mebel/lavochki-i-skameyki/skamya-radius-so-spinkami/,/ograzhdeniya-i-zabory/,/ograzhdeniya-i-zabory/,true,true,internal,pass,
/ulichnaya-mebel/lavochki-i-skameyki/skamya-radius-so-spinkami/,/navesy-i-kozyrki/,/navesy-i-kozyrki/,true,true,internal,pass,
/ulichnaya-mebel/lavochki-i-skameyki/skamya-radius-so-spinkami/,/topiarii/,/topiarii/,true,true,internal,pass,
/ulichnaya-mebel/lavochki-i-skameyki/skamya-radius-so-spinkami/,/izgotovlenie-na-zakaz/,/izgotovlenie-na-zakaz/,true,true,internal,pass,
/ulichnaya-mebel/lavochki-i-skameyki/skamya-radius-so-spinkami/,/metallokonstruktsii-dlya-biznesa/,/metallokonstruktsii-dlya-biznesa/,true,true,internal,pass,
/ulichnaya-mebel/lavochki-i-skameyki/skamya-radius-so-spinkami/,/blagoustroystvo-territoriy/,/blagoustroystvo-territoriy/,true,true,internal,pass,
/ulichnaya-mebel/lavochki-i-skameyki/skamya-radius-so-spinkami/,/stroitelstvo-i-remonty/,/stroitelstvo-i-remonty/,true,true,internal,pass,
/ulichnaya-mebel/lavochki-i-skameyki/skamya-radius-so-spinkami/,/vypolnennye-obekty/,/vypolnennye-obekty/,true,true,internal,pass,
/ulichnaya-mebel/lavochki-i-skameyki/skamya-radius-so-spinkami/,/o-nas/,/o-nas/,true,true,internal,pass,
/ulichnaya-mebel/lavochki-i-skameyki/skamya-radius-so-spinkami/,/kontakty/,/kontakty/,true,true,internal,pass,
/ulichnaya-mebel/lavochki-i-skameyki/skamya-radius-so-spinkami/,/vakansii/,/vakansii/,true,true,internal,pass,
/ulichnaya-mebel/lavochki-i-skameyki/skamya-radius-so-spinkami/,tel:+79129735006,,true,true,tel,pass,
/ulichnaya-mebel/lavochki-i-skameyki/skamya-radius-so-spinkami/,https://t.me/smu1build,,true,true,external,pass,
/ulichnaya-mebel/lavochki-i-skameyki/skamya-radius-so-spinkami/,#contact,/ulichnaya-mebel/lavochki-i-skameyki/skamya-radius-so-spinkami/,true,true,anchor,pass,
/ulichnaya-mebel/lavochki-i-skameyki/skamya-radius-so-spinkami/,/,/,true,true,internal,pass,
/ulichnaya-mebel/lavochki-i-skameyki/skamya-radius-so-spinkami/,#contact,/ulichnaya-mebel/lavochki-i-skameyki/skamya-radius-so-spinkami/,true,true,anchor,pass,
/ulichnaya-mebel/lavochki-i-skameyki/skamya-radius-so-spinkami/,/ulichnaya-mebel/,/ulichnaya-mebel/,true,true,internal,pass,
/ulichnaya-mebel/lavochki-i-skameyki/skamya-radius-so-spinkami/,/ograzhdeniya-i-zabory/,/ograzhdeniya-i-zabory/,true,true,internal,pass,
/ulichnaya-mebel/lavochki-i-skameyki/skamya-radius-so-spinkami/,/navesy-i-kozyrki/,/navesy-i-kozyrki/,true,true,internal,pass,
/ulichnaya-mebel/lavochki-i-skameyki/skamya-radius-so-spinkami/,/topiarii/,/topiarii/,true,true,internal,pass,
/ulichnaya-mebel/lavochki-i-skameyki/skamya-radius-so-spinkami/,/metallokonstruktsii-dlya-biznesa/,/metallokonstruktsii-dlya-biznesa/,true,true,internal,pass,
/ulichnaya-mebel/lavochki-i-skameyki/skamya-radius-so-spinkami/,/blagoustroystvo-territoriy/,/blagoustroystvo-territoriy/,true,true,internal,pass,
/ulichnaya-mebel/lavochki-i-skameyki/skamya-radius-so-spinkami/,/stroitelstvo-i-remonty/,/stroitelstvo-i-remonty/,true,true,internal,pass,
/ulichnaya-mebel/lavochki-i-skameyki/skamya-radius-so-spinkami/,/izgotovlenie-na-zakaz/,/izgotovlenie-na-zakaz/,true,true,internal,pass,
/ulichnaya-mebel/lavochki-i-skameyki/skamya-radius-so-spinkami/,/vypolnennye-obekty/,/vypolnennye-obekty/,true,true,internal,pass,
/ulichnaya-mebel/lavochki-i-skameyki/skamya-radius-so-spinkami/,/o-nas/,/o-nas/,true,true,internal,pass,
/ulichnaya-mebel/lavochki-i-skameyki/skamya-radius-so-spinkami/,/kontakty/,/kontakty/,true,true,internal,pass,
/ulichnaya-mebel/lavochki-i-skameyki/skamya-radius-so-spinkami/,/vakansii/,/vakansii/,true,true,internal,pass,
/ulichnaya-mebel/lavochki-i-skameyki/skamya-radius-so-spinkami/,tel:+79129735006,,true,true,tel,pass,
/ulichnaya-mebel/lavochki-i-skameyki/skamya-radius-so-spinkami/,tel:+79125799665,,true,true,tel,pass,
/ulichnaya-mebel/lavochki-i-skameyki/skamya-radius-so-spinkami/,https://t.me/smu1build,,true,true,external,pass,
/ulichnaya-mebel/lavochki-i-skameyki/skamya-radius-so-spinkami/,mailto:smu1.kurgan@yandex.ru,,true,true,mailto,pass,
/ulichnaya-mebel/lavochki-i-skameyki/skamya-radius-so-spinkami/,/,/,true,true,internal,pass,
/ulichnaya-mebel/lavochki-i-skameyki/skamya-radius-so-spinkami/,/ulichnaya-mebel/,/ulichnaya-mebel/,true,true,internal,pass,
/ulichnaya-mebel/lavochki-i-skameyki/skamya-radius-so-spinkami/,/ulichnaya-mebel/lavochki-i-skameyki/,/ulichnaya-mebel/lavochki-i-skameyki/,true,true,internal,pass,
/ulichnaya-mebel/lavochki-i-skameyki/skamya-radius-so-spinkami/,#contact,/ulichnaya-mebel/lavochki-i-skameyki/skamya-radius-so-spinkami/,true,true,anchor,pass,
/ulichnaya-mebel/lavochki-i-skameyki/skamya-radius-so-spinkami/,https://t.me/smu1build,,true,true,external,pass,
/ulichnaya-mebel/lavochki-i-skameyki/skamya-radius-so-spinkami/,#contact,/ulichnaya-mebel/lavochki-i-skameyki/skamya-radius-so-spinkami/,true,true,anchor,pass,
/ulichnaya-mebel/lavochki-i-skameyki/skamya-radius-so-spinkami/,/ulichnaya-mebel/lavochki-i-skameyki/,/ulichnaya-mebel/lavochki-i-skameyki/,true,true,internal,pass,
/ulichnaya-mebel/lavochki-i-skameyki/skamya-radius-so-spinkami/,/ulichnaya-mebel/lavochki-i-skameyki/skamya-smu1-bazovaya/,/ulichnaya-mebel/lavochki-i-skameyki/skamya-smu1-bazovaya/,true,true,internal,pass,
/ulichnaya-mebel/lavochki-i-skameyki/skamya-radius-so-spinkami/,/ulichnaya-mebel/lavochki-i-skameyki/skamya-loft/,/ulichnaya-mebel/lavochki-i-skameyki/skamya-loft/,true,true,internal,pass,
/ulichnaya-mebel/lavochki-i-skameyki/skamya-radius-so-spinkami/,/ulichnaya-mebel/lavochki-i-skameyki/skamya-volna/,/ulichnaya-mebel/lavochki-i-skameyki/skamya-volna/,true,true,internal,pass,
/ulichnaya-mebel/lavochki-i-skameyki/skamya-radius-so-spinkami/,/ulichnaya-mebel/lavochki-i-skameyki/skamya-liniya/,/ulichnaya-mebel/lavochki-i-skameyki/skamya-liniya/,true,true,internal,pass,
/ulichnaya-mebel/lavochki-i-skameyki/skamya-radius-so-spinkami/,https://t.me/smu1build,,true,true,external,pass,
/ulichnaya-mebel/lavochki-i-skameyki/skamya-radius-so-spinkami/,/izgotovlenie-na-zakaz/,/izgotovlenie-na-zakaz/,true,true,internal,pass,
/ulichnaya-mebel/lavochki-i-skameyki/skamya-radius-so-spinkami/,tel:+79129735006,,true,true,tel,pass,
/ulichnaya-mebel/lavochki-i-skameyki/skamya-radius-so-spinkami/,https://t.me/smu1build,,true,true,external,pass,
/ulichnaya-mebel/lavochki-i-skameyki/skamya-radius-so-spinkami/,mailto:smu1.kurgan@yandex.ru,,true,true,mailto,pass,
/ulichnaya-mebel/lavochki-i-skameyki/skamya-radius-so-spinkami/,/kontakty/,/kontakty/,true,true,internal,pass,
/ulichnaya-mebel/lavochki-i-skameyki/skamya-radius-so-spinkami/,/,/,true,true,internal,pass,
/ulichnaya-mebel/lavochki-i-skameyki/skamya-radius-so-spinkami/,/ulichnaya-mebel/,/ulichnaya-mebel/,true,true,internal,pass,
/ulichnaya-mebel/lavochki-i-skameyki/skamya-radius-so-spinkami/,/ograzhdeniya-i-zabory/,/ograzhdeniya-i-zabory/,true,true,internal,pass,
/ulichnaya-mebel/lavochki-i-skameyki/skamya-radius-so-spinkami/,/navesy-i-kozyrki/,/navesy-i-kozyrki/,true,true,internal,pass,
/ulichnaya-mebel/lavochki-i-skameyki/skamya-radius-so-spinkami/,/metallokonstruktsii-dlya-biznesa/,/metallokonstruktsii-dlya-biznesa/,true,true,internal,pass,
/ulichnaya-mebel/lavochki-i-skameyki/skamya-radius-so-spinkami/,/topiarii/,/topiarii/,true,true,internal,pass,
/ulichnaya-mebel/lavochki-i-skameyki/skamya-radius-so-spinkami/,/blagoustroystvo-territoriy/,/blagoustroystvo-territoriy/,true,true,internal,pass,
/ulichnaya-mebel/lavochki-i-skameyki/skamya-radius-so-spinkami/,/stroitelstvo-i-remonty/,/stroitelstvo-i-remonty/,true,true,internal,pass,
/ulichnaya-mebel/lavochki-i-skameyki/skamya-radius-so-spinkami/,/ulichnaya-mebel/,/ulichnaya-mebel/,true,true,internal,pass,
/ulichnaya-mebel/lavochki-i-skameyki/skamya-radius-so-spinkami/,/ograzhdeniya-i-zabory/,/ograzhdeniya-i-zabory/,true,true,internal,pass,
/ulichnaya-mebel/lavochki-i-skameyki/skamya-radius-so-spinkami/,/navesy-i-kozyrki/,/navesy-i-kozyrki/,true,true,internal,pass,
/ulichnaya-mebel/lavochki-i-skameyki/skamya-radius-so-spinkami/,/metallokonstruktsii-dlya-biznesa/,/metallokonstruktsii-dlya-biznesa/,true,true,internal,pass,
/ulichnaya-mebel/lavochki-i-skameyki/skamya-radius-so-spinkami/,/topiarii/,/topiarii/,true,true,internal,pass,
/ulichnaya-mebel/lavochki-i-skameyki/skamya-radius-so-spinkami/,/blagoustroystvo-territoriy/,/blagoustroystvo-territoriy/,true,true,internal,pass,
/ulichnaya-mebel/lavochki-i-skameyki/skamya-radius-so-spinkami/,/stroitelstvo-i-remonty/,/stroitelstvo-i-remonty/,true,true,internal,pass,
/ulichnaya-mebel/lavochki-i-skameyki/skamya-radius-so-spinkami/,/izgotovlenie-na-zakaz/,/izgotovlenie-na-zakaz/,true,true,internal,pass,
/ulichnaya-mebel/lavochki-i-skameyki/skamya-radius-so-spinkami/,/vypolnennye-obekty/,/vypolnennye-obekty/,true,true,internal,pass,
/ulichnaya-mebel/lavochki-i-skameyki/skamya-radius-so-spinkami/,/o-nas/,/o-nas/,true,true,internal,pass,
/ulichnaya-mebel/lavochki-i-skameyki/skamya-radius-so-spinkami/,/kontakty/,/kontakty/,true,true,internal,pass,
/ulichnaya-mebel/lavochki-i-skameyki/skamya-radius-so-spinkami/,/vakansii/,/vakansii/,true,true,internal,pass,
/ulichnaya-mebel/lavochki-i-skameyki/skamya-radius-so-spinkami/,/izgotovlenie-na-zakaz/,/izgotovlenie-na-zakaz/,true,true,internal,pass,
/ulichnaya-mebel/lavochki-i-skameyki/skamya-radius-so-spinkami/,/vypolnennye-obekty/,/vypolnennye-obekty/,true,true,internal,pass,
/ulichnaya-mebel/lavochki-i-skameyki/skamya-radius-so-spinkami/,/o-nas/,/o-nas/,true,true,internal,pass,
/ulichnaya-mebel/lavochki-i-skameyki/skamya-radius-so-spinkami/,/kontakty/,/kontakty/,true,true,internal,pass,
/ulichnaya-mebel/lavochki-i-skameyki/skamya-radius-so-spinkami/,/vakansii/,/vakansii/,true,true,internal,pass,
/ulichnaya-mebel/lavochki-i-skameyki/skamya-radius-so-spinkami/,#contact,/ulichnaya-mebel/lavochki-i-skameyki/skamya-radius-so-spinkami/,true,true,anchor,pass,
/ulichnaya-mebel/lavochki-i-skameyki/skamya-radius-so-spinkami/,tel:+79129735006,,true,true,tel,pass,
/ulichnaya-mebel/lavochki-i-skameyki/skamya-radius-so-spinkami/,tel:+79125799665,,true,true,tel,pass,
/ulichnaya-mebel/lavochki-i-skameyki/skamya-radius-so-spinkami/,https://t.me/smu1build,,true,true,external,pass,
/ulichnaya-mebel/lavochki-i-skameyki/skamya-radius-so-spinkami/,mailto:smu1.kurgan@yandex.ru,,true,true,mailto,pass,
/ulichnaya-mebel/lavochki-i-skameyki/skamya-radius-so-spinkami/,/politika-konfidencialnosti/,/politika-konfidencialnosti/,true,true,internal,pass,
/ulichnaya-mebel/lavochki-i-skameyki/skamya-radius-so-spinkami/,/politika-konfidencialnosti/,/politika-konfidencialnosti/,true,true,internal,pass,
/ulichnaya-mebel/lavochki-i-skameyki/skamya-radius/,#main-content,/ulichnaya-mebel/lavochki-i-skameyki/skamya-radius/,true,true,anchor,pass,
/ulichnaya-mebel/lavochki-i-skameyki/skamya-radius/,/,/,true,true,internal,pass,
/ulichnaya-mebel/lavochki-i-skameyki/skamya-radius/,/ulichnaya-mebel/,/ulichnaya-mebel/,true,true,internal,pass,
/ulichnaya-mebel/lavochki-i-skameyki/skamya-radius/,/ograzhdeniya-i-zabory/,/ograzhdeniya-i-zabory/,true,true,internal,pass,
/ulichnaya-mebel/lavochki-i-skameyki/skamya-radius/,/navesy-i-kozyrki/,/navesy-i-kozyrki/,true,true,internal,pass,
/ulichnaya-mebel/lavochki-i-skameyki/skamya-radius/,/topiarii/,/topiarii/,true,true,internal,pass,
/ulichnaya-mebel/lavochki-i-skameyki/skamya-radius/,/izgotovlenie-na-zakaz/,/izgotovlenie-na-zakaz/,true,true,internal,pass,
/ulichnaya-mebel/lavochki-i-skameyki/skamya-radius/,/metallokonstruktsii-dlya-biznesa/,/metallokonstruktsii-dlya-biznesa/,true,true,internal,pass,
/ulichnaya-mebel/lavochki-i-skameyki/skamya-radius/,/blagoustroystvo-territoriy/,/blagoustroystvo-territoriy/,true,true,internal,pass,
/ulichnaya-mebel/lavochki-i-skameyki/skamya-radius/,/stroitelstvo-i-remonty/,/stroitelstvo-i-remonty/,true,true,internal,pass,
/ulichnaya-mebel/lavochki-i-skameyki/skamya-radius/,/vypolnennye-obekty/,/vypolnennye-obekty/,true,true,internal,pass,
/ulichnaya-mebel/lavochki-i-skameyki/skamya-radius/,/o-nas/,/o-nas/,true,true,internal,pass,
/ulichnaya-mebel/lavochki-i-skameyki/skamya-radius/,/kontakty/,/kontakty/,true,true,internal,pass,
/ulichnaya-mebel/lavochki-i-skameyki/skamya-radius/,/vakansii/,/vakansii/,true,true,internal,pass,
/ulichnaya-mebel/lavochki-i-skameyki/skamya-radius/,tel:+79129735006,,true,true,tel,pass,
/ulichnaya-mebel/lavochki-i-skameyki/skamya-radius/,https://t.me/smu1build,,true,true,external,pass,
/ulichnaya-mebel/lavochki-i-skameyki/skamya-radius/,#contact,/ulichnaya-mebel/lavochki-i-skameyki/skamya-radius/,true,true,anchor,pass,
/ulichnaya-mebel/lavochki-i-skameyki/skamya-radius/,/,/,true,true,internal,pass,
/ulichnaya-mebel/lavochki-i-skameyki/skamya-radius/,#contact,/ulichnaya-mebel/lavochki-i-skameyki/skamya-radius/,true,true,anchor,pass,
/ulichnaya-mebel/lavochki-i-skameyki/skamya-radius/,/ulichnaya-mebel/,/ulichnaya-mebel/,true,true,internal,pass,
/ulichnaya-mebel/lavochki-i-skameyki/skamya-radius/,/ograzhdeniya-i-zabory/,/ograzhdeniya-i-zabory/,true,true,internal,pass,
/ulichnaya-mebel/lavochki-i-skameyki/skamya-radius/,/navesy-i-kozyrki/,/navesy-i-kozyrki/,true,true,internal,pass,
/ulichnaya-mebel/lavochki-i-skameyki/skamya-radius/,/topiarii/,/topiarii/,true,true,internal,pass,
/ulichnaya-mebel/lavochki-i-skameyki/skamya-radius/,/metallokonstruktsii-dlya-biznesa/,/metallokonstruktsii-dlya-biznesa/,true,true,internal,pass,
/ulichnaya-mebel/lavochki-i-skameyki/skamya-radius/,/blagoustroystvo-territoriy/,/blagoustroystvo-territoriy/,true,true,internal,pass,
/ulichnaya-mebel/lavochki-i-skameyki/skamya-radius/,/stroitelstvo-i-remonty/,/stroitelstvo-i-remonty/,true,true,internal,pass,
/ulichnaya-mebel/lavochki-i-skameyki/skamya-radius/,/izgotovlenie-na-zakaz/,/izgotovlenie-na-zakaz/,true,true,internal,pass,
/ulichnaya-mebel/lavochki-i-skameyki/skamya-radius/,/vypolnennye-obekty/,/vypolnennye-obekty/,true,true,internal,pass,
/ulichnaya-mebel/lavochki-i-skameyki/skamya-radius/,/o-nas/,/o-nas/,true,true,internal,pass,
/ulichnaya-mebel/lavochki-i-skameyki/skamya-radius/,/kontakty/,/kontakty/,true,true,internal,pass,
/ulichnaya-mebel/lavochki-i-skameyki/skamya-radius/,/vakansii/,/vakansii/,true,true,internal,pass,
/ulichnaya-mebel/lavochki-i-skameyki/skamya-radius/,tel:+79129735006,,true,true,tel,pass,
/ulichnaya-mebel/lavochki-i-skameyki/skamya-radius/,tel:+79125799665,,true,true,tel,pass,
/ulichnaya-mebel/lavochki-i-skameyki/skamya-radius/,https://t.me/smu1build,,true,true,external,pass,
/ulichnaya-mebel/lavochki-i-skameyki/skamya-radius/,mailto:smu1.kurgan@yandex.ru,,true,true,mailto,pass,
/ulichnaya-mebel/lavochki-i-skameyki/skamya-radius/,/,/,true,true,internal,pass,
/ulichnaya-mebel/lavochki-i-skameyki/skamya-radius/,/ulichnaya-mebel/,/ulichnaya-mebel/,true,true,internal,pass,
/ulichnaya-mebel/lavochki-i-skameyki/skamya-radius/,/ulichnaya-mebel/lavochki-i-skameyki/,/ulichnaya-mebel/lavochki-i-skameyki/,true,true,internal,pass,
/ulichnaya-mebel/lavochki-i-skameyki/skamya-radius/,#contact,/ulichnaya-mebel/lavochki-i-skameyki/skamya-radius/,true,true,anchor,pass,
/ulichnaya-mebel/lavochki-i-skameyki/skamya-radius/,https://t.me/smu1build,,true,true,external,pass,
/ulichnaya-mebel/lavochki-i-skameyki/skamya-radius/,#contact,/ulichnaya-mebel/lavochki-i-skameyki/skamya-radius/,true,true,anchor,pass,
/ulichnaya-mebel/lavochki-i-skameyki/skamya-radius/,/ulichnaya-mebel/lavochki-i-skameyki/,/ulichnaya-mebel/lavochki-i-skameyki/,true,true,internal,pass,
/ulichnaya-mebel/lavochki-i-skameyki/skamya-radius/,/ulichnaya-mebel/lavochki-i-skameyki/skamya-smu1-bazovaya/,/ulichnaya-mebel/lavochki-i-skameyki/skamya-smu1-bazovaya/,true,true,internal,pass,
/ulichnaya-mebel/lavochki-i-skameyki/skamya-radius/,/ulichnaya-mebel/lavochki-i-skameyki/skamya-loft/,/ulichnaya-mebel/lavochki-i-skameyki/skamya-loft/,true,true,internal,pass,
/ulichnaya-mebel/lavochki-i-skameyki/skamya-radius/,/ulichnaya-mebel/lavochki-i-skameyki/skamya-volna/,/ulichnaya-mebel/lavochki-i-skameyki/skamya-volna/,true,true,internal,pass,
/ulichnaya-mebel/lavochki-i-skameyki/skamya-radius/,/ulichnaya-mebel/lavochki-i-skameyki/skamya-liniya/,/ulichnaya-mebel/lavochki-i-skameyki/skamya-liniya/,true,true,internal,pass,
/ulichnaya-mebel/lavochki-i-skameyki/skamya-radius/,https://t.me/smu1build,,true,true,external,pass,
/ulichnaya-mebel/lavochki-i-skameyki/skamya-radius/,/izgotovlenie-na-zakaz/,/izgotovlenie-na-zakaz/,true,true,internal,pass,
/ulichnaya-mebel/lavochki-i-skameyki/skamya-radius/,tel:+79129735006,,true,true,tel,pass,
/ulichnaya-mebel/lavochki-i-skameyki/skamya-radius/,https://t.me/smu1build,,true,true,external,pass,
/ulichnaya-mebel/lavochki-i-skameyki/skamya-radius/,mailto:smu1.kurgan@yandex.ru,,true,true,mailto,pass,
/ulichnaya-mebel/lavochki-i-skameyki/skamya-radius/,/kontakty/,/kontakty/,true,true,internal,pass,
/ulichnaya-mebel/lavochki-i-skameyki/skamya-radius/,/,/,true,true,internal,pass,
/ulichnaya-mebel/lavochki-i-skameyki/skamya-radius/,/ulichnaya-mebel/,/ulichnaya-mebel/,true,true,internal,pass,
/ulichnaya-mebel/lavochki-i-skameyki/skamya-radius/,/ograzhdeniya-i-zabory/,/ograzhdeniya-i-zabory/,true,true,internal,pass,
/ulichnaya-mebel/lavochki-i-skameyki/skamya-radius/,/navesy-i-kozyrki/,/navesy-i-kozyrki/,true,true,internal,pass,
/ulichnaya-mebel/lavochki-i-skameyki/skamya-radius/,/metallokonstruktsii-dlya-biznesa/,/metallokonstruktsii-dlya-biznesa/,true,true,internal,pass,
/ulichnaya-mebel/lavochki-i-skameyki/skamya-radius/,/topiarii/,/topiarii/,true,true,internal,pass,
/ulichnaya-mebel/lavochki-i-skameyki/skamya-radius/,/blagoustroystvo-territoriy/,/blagoustroystvo-territoriy/,true,true,internal,pass,
/ulichnaya-mebel/lavochki-i-skameyki/skamya-radius/,/stroitelstvo-i-remonty/,/stroitelstvo-i-remonty/,true,true,internal,pass,
/ulichnaya-mebel/lavochki-i-skameyki/skamya-radius/,/ulichnaya-mebel/,/ulichnaya-mebel/,true,true,internal,pass,
/ulichnaya-mebel/lavochki-i-skameyki/skamya-radius/,/ograzhdeniya-i-zabory/,/ograzhdeniya-i-zabory/,true,true,internal,pass,
/ulichnaya-mebel/lavochki-i-skameyki/skamya-radius/,/navesy-i-kozyrki/,/navesy-i-kozyrki/,true,true,internal,pass,
/ulichnaya-mebel/lavochki-i-skameyki/skamya-radius/,/metallokonstruktsii-dlya-biznesa/,/metallokonstruktsii-dlya-biznesa/,true,true,internal,pass,
/ulichnaya-mebel/lavochki-i-skameyki/skamya-radius/,/topiarii/,/topiarii/,true,true,internal,pass,
/ulichnaya-mebel/lavochki-i-skameyki/skamya-radius/,/blagoustroystvo-territoriy/,/blagoustroystvo-territoriy/,true,true,internal,pass,
/ulichnaya-mebel/lavochki-i-skameyki/skamya-radius/,/stroitelstvo-i-remonty/,/stroitelstvo-i-remonty/,true,true,internal,pass,
/ulichnaya-mebel/lavochki-i-skameyki/skamya-radius/,/izgotovlenie-na-zakaz/,/izgotovlenie-na-zakaz/,true,true,internal,pass,
/ulichnaya-mebel/lavochki-i-skameyki/skamya-radius/,/vypolnennye-obekty/,/vypolnennye-obekty/,true,true,internal,pass,
/ulichnaya-mebel/lavochki-i-skameyki/skamya-radius/,/o-nas/,/o-nas/,true,true,internal,pass,
/ulichnaya-mebel/lavochki-i-skameyki/skamya-radius/,/kontakty/,/kontakty/,true,true,internal,pass,
/ulichnaya-mebel/lavochki-i-skameyki/skamya-radius/,/vakansii/,/vakansii/,true,true,internal,pass,
/ulichnaya-mebel/lavochki-i-skameyki/skamya-radius/,/izgotovlenie-na-zakaz/,/izgotovlenie-na-zakaz/,true,true,internal,pass,
/ulichnaya-mebel/lavochki-i-skameyki/skamya-radius/,/vypolnennye-obekty/,/vypolnennye-obekty/,true,true,internal,pass,
/ulichnaya-mebel/lavochki-i-skameyki/skamya-radius/,/o-nas/,/o-nas/,true,true,internal,pass,
/ulichnaya-mebel/lavochki-i-skameyki/skamya-radius/,/kontakty/,/kontakty/,true,true,internal,pass,
/ulichnaya-mebel/lavochki-i-skameyki/skamya-radius/,/vakansii/,/vakansii/,true,true,internal,pass,
/ulichnaya-mebel/lavochki-i-skameyki/skamya-radius/,#contact,/ulichnaya-mebel/lavochki-i-skameyki/skamya-radius/,true,true,anchor,pass,
/ulichnaya-mebel/lavochki-i-skameyki/skamya-radius/,tel:+79129735006,,true,true,tel,pass,
/ulichnaya-mebel/lavochki-i-skameyki/skamya-radius/,tel:+79125799665,,true,true,tel,pass,
/ulichnaya-mebel/lavochki-i-skameyki/skamya-radius/,https://t.me/smu1build,,true,true,external,pass,
/ulichnaya-mebel/lavochki-i-skameyki/skamya-radius/,mailto:smu1.kurgan@yandex.ru,,true,true,mailto,pass,
/ulichnaya-mebel/lavochki-i-skameyki/skamya-radius/,/politika-konfidencialnosti/,/politika-konfidencialnosti/,true,true,internal,pass,
/ulichnaya-mebel/lavochki-i-skameyki/skamya-radius/,/politika-konfidencialnosti/,/politika-konfidencialnosti/,true,true,internal,pass,
/ulichnaya-mebel/lavochki-i-skameyki/skamya-reyka/,#main-content,/ulichnaya-mebel/lavochki-i-skameyki/skamya-reyka/,true,true,anchor,pass,
/ulichnaya-mebel/lavochki-i-skameyki/skamya-reyka/,/,/,true,true,internal,pass,
/ulichnaya-mebel/lavochki-i-skameyki/skamya-reyka/,/ulichnaya-mebel/,/ulichnaya-mebel/,true,true,internal,pass,
/ulichnaya-mebel/lavochki-i-skameyki/skamya-reyka/,/ograzhdeniya-i-zabory/,/ograzhdeniya-i-zabory/,true,true,internal,pass,
/ulichnaya-mebel/lavochki-i-skameyki/skamya-reyka/,/navesy-i-kozyrki/,/navesy-i-kozyrki/,true,true,internal,pass,
/ulichnaya-mebel/lavochki-i-skameyki/skamya-reyka/,/topiarii/,/topiarii/,true,true,internal,pass,
/ulichnaya-mebel/lavochki-i-skameyki/skamya-reyka/,/izgotovlenie-na-zakaz/,/izgotovlenie-na-zakaz/,true,true,internal,pass,
/ulichnaya-mebel/lavochki-i-skameyki/skamya-reyka/,/metallokonstruktsii-dlya-biznesa/,/metallokonstruktsii-dlya-biznesa/,true,true,internal,pass,
/ulichnaya-mebel/lavochki-i-skameyki/skamya-reyka/,/blagoustroystvo-territoriy/,/blagoustroystvo-territoriy/,true,true,internal,pass,
/ulichnaya-mebel/lavochki-i-skameyki/skamya-reyka/,/stroitelstvo-i-remonty/,/stroitelstvo-i-remonty/,true,true,internal,pass,
/ulichnaya-mebel/lavochki-i-skameyki/skamya-reyka/,/vypolnennye-obekty/,/vypolnennye-obekty/,true,true,internal,pass,
/ulichnaya-mebel/lavochki-i-skameyki/skamya-reyka/,/o-nas/,/o-nas/,true,true,internal,pass,
/ulichnaya-mebel/lavochki-i-skameyki/skamya-reyka/,/kontakty/,/kontakty/,true,true,internal,pass,
/ulichnaya-mebel/lavochki-i-skameyki/skamya-reyka/,/vakansii/,/vakansii/,true,true,internal,pass,
/ulichnaya-mebel/lavochki-i-skameyki/skamya-reyka/,tel:+79129735006,,true,true,tel,pass,
/ulichnaya-mebel/lavochki-i-skameyki/skamya-reyka/,https://t.me/smu1build,,true,true,external,pass,
/ulichnaya-mebel/lavochki-i-skameyki/skamya-reyka/,#contact,/ulichnaya-mebel/lavochki-i-skameyki/skamya-reyka/,true,true,anchor,pass,
/ulichnaya-mebel/lavochki-i-skameyki/skamya-reyka/,/,/,true,true,internal,pass,
/ulichnaya-mebel/lavochki-i-skameyki/skamya-reyka/,#contact,/ulichnaya-mebel/lavochki-i-skameyki/skamya-reyka/,true,true,anchor,pass,
/ulichnaya-mebel/lavochki-i-skameyki/skamya-reyka/,/ulichnaya-mebel/,/ulichnaya-mebel/,true,true,internal,pass,
/ulichnaya-mebel/lavochki-i-skameyki/skamya-reyka/,/ograzhdeniya-i-zabory/,/ograzhdeniya-i-zabory/,true,true,internal,pass,
/ulichnaya-mebel/lavochki-i-skameyki/skamya-reyka/,/navesy-i-kozyrki/,/navesy-i-kozyrki/,true,true,internal,pass,
/ulichnaya-mebel/lavochki-i-skameyki/skamya-reyka/,/topiarii/,/topiarii/,true,true,internal,pass,
/ulichnaya-mebel/lavochki-i-skameyki/skamya-reyka/,/metallokonstruktsii-dlya-biznesa/,/metallokonstruktsii-dlya-biznesa/,true,true,internal,pass,
/ulichnaya-mebel/lavochki-i-skameyki/skamya-reyka/,/blagoustroystvo-territoriy/,/blagoustroystvo-territoriy/,true,true,internal,pass,
/ulichnaya-mebel/lavochki-i-skameyki/skamya-reyka/,/stroitelstvo-i-remonty/,/stroitelstvo-i-remonty/,true,true,internal,pass,
/ulichnaya-mebel/lavochki-i-skameyki/skamya-reyka/,/izgotovlenie-na-zakaz/,/izgotovlenie-na-zakaz/,true,true,internal,pass,
/ulichnaya-mebel/lavochki-i-skameyki/skamya-reyka/,/vypolnennye-obekty/,/vypolnennye-obekty/,true,true,internal,pass,
/ulichnaya-mebel/lavochki-i-skameyki/skamya-reyka/,/o-nas/,/o-nas/,true,true,internal,pass,
/ulichnaya-mebel/lavochki-i-skameyki/skamya-reyka/,/kontakty/,/kontakty/,true,true,internal,pass,
/ulichnaya-mebel/lavochki-i-skameyki/skamya-reyka/,/vakansii/,/vakansii/,true,true,internal,pass,
/ulichnaya-mebel/lavochki-i-skameyki/skamya-reyka/,tel:+79129735006,,true,true,tel,pass,
/ulichnaya-mebel/lavochki-i-skameyki/skamya-reyka/,tel:+79125799665,,true,true,tel,pass,
/ulichnaya-mebel/lavochki-i-skameyki/skamya-reyka/,https://t.me/smu1build,,true,true,external,pass,
/ulichnaya-mebel/lavochki-i-skameyki/skamya-reyka/,mailto:smu1.kurgan@yandex.ru,,true,true,mailto,pass,
/ulichnaya-mebel/lavochki-i-skameyki/skamya-reyka/,/,/,true,true,internal,pass,
/ulichnaya-mebel/lavochki-i-skameyki/skamya-reyka/,/ulichnaya-mebel/,/ulichnaya-mebel/,true,true,internal,pass,
/ulichnaya-mebel/lavochki-i-skameyki/skamya-reyka/,/ulichnaya-mebel/lavochki-i-skameyki/,/ulichnaya-mebel/lavochki-i-skameyki/,true,true,internal,pass,
/ulichnaya-mebel/lavochki-i-skameyki/skamya-reyka/,#contact,/ulichnaya-mebel/lavochki-i-skameyki/skamya-reyka/,true,true,anchor,pass,
/ulichnaya-mebel/lavochki-i-skameyki/skamya-reyka/,https://t.me/smu1build,,true,true,external,pass,
/ulichnaya-mebel/lavochki-i-skameyki/skamya-reyka/,#contact,/ulichnaya-mebel/lavochki-i-skameyki/skamya-reyka/,true,true,anchor,pass,
/ulichnaya-mebel/lavochki-i-skameyki/skamya-reyka/,/ulichnaya-mebel/lavochki-i-skameyki/,/ulichnaya-mebel/lavochki-i-skameyki/,true,true,internal,pass,
/ulichnaya-mebel/lavochki-i-skameyki/skamya-reyka/,/ulichnaya-mebel/lavochki-i-skameyki/skamya-smu1-bazovaya/,/ulichnaya-mebel/lavochki-i-skameyki/skamya-smu1-bazovaya/,true,true,internal,pass,
/ulichnaya-mebel/lavochki-i-skameyki/skamya-reyka/,/ulichnaya-mebel/lavochki-i-skameyki/skamya-loft/,/ulichnaya-mebel/lavochki-i-skameyki/skamya-loft/,true,true,internal,pass,
/ulichnaya-mebel/lavochki-i-skameyki/skamya-reyka/,/ulichnaya-mebel/lavochki-i-skameyki/skamya-volna/,/ulichnaya-mebel/lavochki-i-skameyki/skamya-volna/,true,true,internal,pass,
/ulichnaya-mebel/lavochki-i-skameyki/skamya-reyka/,/ulichnaya-mebel/lavochki-i-skameyki/skamya-liniya/,/ulichnaya-mebel/lavochki-i-skameyki/skamya-liniya/,true,true,internal,pass,
/ulichnaya-mebel/lavochki-i-skameyki/skamya-reyka/,https://t.me/smu1build,,true,true,external,pass,
/ulichnaya-mebel/lavochki-i-skameyki/skamya-reyka/,/izgotovlenie-na-zakaz/,/izgotovlenie-na-zakaz/,true,true,internal,pass,
/ulichnaya-mebel/lavochki-i-skameyki/skamya-reyka/,tel:+79129735006,,true,true,tel,pass,
/ulichnaya-mebel/lavochki-i-skameyki/skamya-reyka/,https://t.me/smu1build,,true,true,external,pass,
/ulichnaya-mebel/lavochki-i-skameyki/skamya-reyka/,mailto:smu1.kurgan@yandex.ru,,true,true,mailto,pass,
/ulichnaya-mebel/lavochki-i-skameyki/skamya-reyka/,/kontakty/,/kontakty/,true,true,internal,pass,
/ulichnaya-mebel/lavochki-i-skameyki/skamya-reyka/,/,/,true,true,internal,pass,
/ulichnaya-mebel/lavochki-i-skameyki/skamya-reyka/,/ulichnaya-mebel/,/ulichnaya-mebel/,true,true,internal,pass,
/ulichnaya-mebel/lavochki-i-skameyki/skamya-reyka/,/ograzhdeniya-i-zabory/,/ograzhdeniya-i-zabory/,true,true,internal,pass,
/ulichnaya-mebel/lavochki-i-skameyki/skamya-reyka/,/navesy-i-kozyrki/,/navesy-i-kozyrki/,true,true,internal,pass,
/ulichnaya-mebel/lavochki-i-skameyki/skamya-reyka/,/metallokonstruktsii-dlya-biznesa/,/metallokonstruktsii-dlya-biznesa/,true,true,internal,pass,
/ulichnaya-mebel/lavochki-i-skameyki/skamya-reyka/,/topiarii/,/topiarii/,true,true,internal,pass,
/ulichnaya-mebel/lavochki-i-skameyki/skamya-reyka/,/blagoustroystvo-territoriy/,/blagoustroystvo-territoriy/,true,true,internal,pass,
/ulichnaya-mebel/lavochki-i-skameyki/skamya-reyka/,/stroitelstvo-i-remonty/,/stroitelstvo-i-remonty/,true,true,internal,pass,
/ulichnaya-mebel/lavochki-i-skameyki/skamya-reyka/,/ulichnaya-mebel/,/ulichnaya-mebel/,true,true,internal,pass,
/ulichnaya-mebel/lavochki-i-skameyki/skamya-reyka/,/ograzhdeniya-i-zabory/,/ograzhdeniya-i-zabory/,true,true,internal,pass,
/ulichnaya-mebel/lavochki-i-skameyki/skamya-reyka/,/navesy-i-kozyrki/,/navesy-i-kozyrki/,true,true,internal,pass,
/ulichnaya-mebel/lavochki-i-skameyki/skamya-reyka/,/metallokonstruktsii-dlya-biznesa/,/metallokonstruktsii-dlya-biznesa/,true,true,internal,pass,
/ulichnaya-mebel/lavochki-i-skameyki/skamya-reyka/,/topiarii/,/topiarii/,true,true,internal,pass,
/ulichnaya-mebel/lavochki-i-skameyki/skamya-reyka/,/blagoustroystvo-territoriy/,/blagoustroystvo-territoriy/,true,true,internal,pass,
/ulichnaya-mebel/lavochki-i-skameyki/skamya-reyka/,/stroitelstvo-i-remonty/,/stroitelstvo-i-remonty/,true,true,internal,pass,
/ulichnaya-mebel/lavochki-i-skameyki/skamya-reyka/,/izgotovlenie-na-zakaz/,/izgotovlenie-na-zakaz/,true,true,internal,pass,
/ulichnaya-mebel/lavochki-i-skameyki/skamya-reyka/,/vypolnennye-obekty/,/vypolnennye-obekty/,true,true,internal,pass,
/ulichnaya-mebel/lavochki-i-skameyki/skamya-reyka/,/o-nas/,/o-nas/,true,true,internal,pass,
/ulichnaya-mebel/lavochki-i-skameyki/skamya-reyka/,/kontakty/,/kontakty/,true,true,internal,pass,
/ulichnaya-mebel/lavochki-i-skameyki/skamya-reyka/,/vakansii/,/vakansii/,true,true,internal,pass,
/ulichnaya-mebel/lavochki-i-skameyki/skamya-reyka/,/izgotovlenie-na-zakaz/,/izgotovlenie-na-zakaz/,true,true,internal,pass,
/ulichnaya-mebel/lavochki-i-skameyki/skamya-reyka/,/vypolnennye-obekty/,/vypolnennye-obekty/,true,true,internal,pass,
/ulichnaya-mebel/lavochki-i-skameyki/skamya-reyka/,/o-nas/,/o-nas/,true,true,internal,pass,
/ulichnaya-mebel/lavochki-i-skameyki/skamya-reyka/,/kontakty/,/kontakty/,true,true,internal,pass,
/ulichnaya-mebel/lavochki-i-skameyki/skamya-reyka/,/vakansii/,/vakansii/,true,true,internal,pass,
/ulichnaya-mebel/lavochki-i-skameyki/skamya-reyka/,#contact,/ulichnaya-mebel/lavochki-i-skameyki/skamya-reyka/,true,true,anchor,pass,
/ulichnaya-mebel/lavochki-i-skameyki/skamya-reyka/,tel:+79129735006,,true,true,tel,pass,
/ulichnaya-mebel/lavochki-i-skameyki/skamya-reyka/,tel:+79125799665,,true,true,tel,pass,
/ulichnaya-mebel/lavochki-i-skameyki/skamya-reyka/,https://t.me/smu1build,,true,true,external,pass,
/ulichnaya-mebel/lavochki-i-skameyki/skamya-reyka/,mailto:smu1.kurgan@yandex.ru,,true,true,mailto,pass,
/ulichnaya-mebel/lavochki-i-skameyki/skamya-reyka/,/politika-konfidencialnosti/,/politika-konfidencialnosti/,true,true,internal,pass,
/ulichnaya-mebel/lavochki-i-skameyki/skamya-reyka/,/politika-konfidencialnosti/,/politika-konfidencialnosti/,true,true,internal,pass,
/ulichnaya-mebel/lavochki-i-skameyki/skamya-skoba/,#main-content,/ulichnaya-mebel/lavochki-i-skameyki/skamya-skoba/,true,true,anchor,pass,
/ulichnaya-mebel/lavochki-i-skameyki/skamya-skoba/,/,/,true,true,internal,pass,
/ulichnaya-mebel/lavochki-i-skameyki/skamya-skoba/,/ulichnaya-mebel/,/ulichnaya-mebel/,true,true,internal,pass,
/ulichnaya-mebel/lavochki-i-skameyki/skamya-skoba/,/ograzhdeniya-i-zabory/,/ograzhdeniya-i-zabory/,true,true,internal,pass,
/ulichnaya-mebel/lavochki-i-skameyki/skamya-skoba/,/navesy-i-kozyrki/,/navesy-i-kozyrki/,true,true,internal,pass,
/ulichnaya-mebel/lavochki-i-skameyki/skamya-skoba/,/topiarii/,/topiarii/,true,true,internal,pass,
/ulichnaya-mebel/lavochki-i-skameyki/skamya-skoba/,/izgotovlenie-na-zakaz/,/izgotovlenie-na-zakaz/,true,true,internal,pass,
/ulichnaya-mebel/lavochki-i-skameyki/skamya-skoba/,/metallokonstruktsii-dlya-biznesa/,/metallokonstruktsii-dlya-biznesa/,true,true,internal,pass,
/ulichnaya-mebel/lavochki-i-skameyki/skamya-skoba/,/blagoustroystvo-territoriy/,/blagoustroystvo-territoriy/,true,true,internal,pass,
/ulichnaya-mebel/lavochki-i-skameyki/skamya-skoba/,/stroitelstvo-i-remonty/,/stroitelstvo-i-remonty/,true,true,internal,pass,
/ulichnaya-mebel/lavochki-i-skameyki/skamya-skoba/,/vypolnennye-obekty/,/vypolnennye-obekty/,true,true,internal,pass,
/ulichnaya-mebel/lavochki-i-skameyki/skamya-skoba/,/o-nas/,/o-nas/,true,true,internal,pass,
/ulichnaya-mebel/lavochki-i-skameyki/skamya-skoba/,/kontakty/,/kontakty/,true,true,internal,pass,
/ulichnaya-mebel/lavochki-i-skameyki/skamya-skoba/,/vakansii/,/vakansii/,true,true,internal,pass,
/ulichnaya-mebel/lavochki-i-skameyki/skamya-skoba/,tel:+79129735006,,true,true,tel,pass,
/ulichnaya-mebel/lavochki-i-skameyki/skamya-skoba/,https://t.me/smu1build,,true,true,external,pass,
/ulichnaya-mebel/lavochki-i-skameyki/skamya-skoba/,#contact,/ulichnaya-mebel/lavochki-i-skameyki/skamya-skoba/,true,true,anchor,pass,
/ulichnaya-mebel/lavochki-i-skameyki/skamya-skoba/,/,/,true,true,internal,pass,
/ulichnaya-mebel/lavochki-i-skameyki/skamya-skoba/,#contact,/ulichnaya-mebel/lavochki-i-skameyki/skamya-skoba/,true,true,anchor,pass,
/ulichnaya-mebel/lavochki-i-skameyki/skamya-skoba/,/ulichnaya-mebel/,/ulichnaya-mebel/,true,true,internal,pass,
/ulichnaya-mebel/lavochki-i-skameyki/skamya-skoba/,/ograzhdeniya-i-zabory/,/ograzhdeniya-i-zabory/,true,true,internal,pass,
/ulichnaya-mebel/lavochki-i-skameyki/skamya-skoba/,/navesy-i-kozyrki/,/navesy-i-kozyrki/,true,true,internal,pass,
/ulichnaya-mebel/lavochki-i-skameyki/skamya-skoba/,/topiarii/,/topiarii/,true,true,internal,pass,
/ulichnaya-mebel/lavochki-i-skameyki/skamya-skoba/,/metallokonstruktsii-dlya-biznesa/,/metallokonstruktsii-dlya-biznesa/,true,true,internal,pass,
/ulichnaya-mebel/lavochki-i-skameyki/skamya-skoba/,/blagoustroystvo-territoriy/,/blagoustroystvo-territoriy/,true,true,internal,pass,
/ulichnaya-mebel/lavochki-i-skameyki/skamya-skoba/,/stroitelstvo-i-remonty/,/stroitelstvo-i-remonty/,true,true,internal,pass,
/ulichnaya-mebel/lavochki-i-skameyki/skamya-skoba/,/izgotovlenie-na-zakaz/,/izgotovlenie-na-zakaz/,true,true,internal,pass,
/ulichnaya-mebel/lavochki-i-skameyki/skamya-skoba/,/vypolnennye-obekty/,/vypolnennye-obekty/,true,true,internal,pass,
/ulichnaya-mebel/lavochki-i-skameyki/skamya-skoba/,/o-nas/,/o-nas/,true,true,internal,pass,
/ulichnaya-mebel/lavochki-i-skameyki/skamya-skoba/,/kontakty/,/kontakty/,true,true,internal,pass,
/ulichnaya-mebel/lavochki-i-skameyki/skamya-skoba/,/vakansii/,/vakansii/,true,true,internal,pass,
/ulichnaya-mebel/lavochki-i-skameyki/skamya-skoba/,tel:+79129735006,,true,true,tel,pass,
/ulichnaya-mebel/lavochki-i-skameyki/skamya-skoba/,tel:+79125799665,,true,true,tel,pass,
/ulichnaya-mebel/lavochki-i-skameyki/skamya-skoba/,https://t.me/smu1build,,true,true,external,pass,
/ulichnaya-mebel/lavochki-i-skameyki/skamya-skoba/,mailto:smu1.kurgan@yandex.ru,,true,true,mailto,pass,
/ulichnaya-mebel/lavochki-i-skameyki/skamya-skoba/,/,/,true,true,internal,pass,
/ulichnaya-mebel/lavochki-i-skameyki/skamya-skoba/,/ulichnaya-mebel/,/ulichnaya-mebel/,true,true,internal,pass,
/ulichnaya-mebel/lavochki-i-skameyki/skamya-skoba/,/ulichnaya-mebel/lavochki-i-skameyki/,/ulichnaya-mebel/lavochki-i-skameyki/,true,true,internal,pass,
/ulichnaya-mebel/lavochki-i-skameyki/skamya-skoba/,#contact,/ulichnaya-mebel/lavochki-i-skameyki/skamya-skoba/,true,true,anchor,pass,
/ulichnaya-mebel/lavochki-i-skameyki/skamya-skoba/,https://t.me/smu1build,,true,true,external,pass,
/ulichnaya-mebel/lavochki-i-skameyki/skamya-skoba/,#contact,/ulichnaya-mebel/lavochki-i-skameyki/skamya-skoba/,true,true,anchor,pass,
/ulichnaya-mebel/lavochki-i-skameyki/skamya-skoba/,/ulichnaya-mebel/lavochki-i-skameyki/,/ulichnaya-mebel/lavochki-i-skameyki/,true,true,internal,pass,
/ulichnaya-mebel/lavochki-i-skameyki/skamya-skoba/,/ulichnaya-mebel/lavochki-i-skameyki/skamya-smu1-bazovaya/,/ulichnaya-mebel/lavochki-i-skameyki/skamya-smu1-bazovaya/,true,true,internal,pass,
/ulichnaya-mebel/lavochki-i-skameyki/skamya-skoba/,/ulichnaya-mebel/lavochki-i-skameyki/skamya-loft/,/ulichnaya-mebel/lavochki-i-skameyki/skamya-loft/,true,true,internal,pass,
/ulichnaya-mebel/lavochki-i-skameyki/skamya-skoba/,/ulichnaya-mebel/lavochki-i-skameyki/skamya-volna/,/ulichnaya-mebel/lavochki-i-skameyki/skamya-volna/,true,true,internal,pass,
/ulichnaya-mebel/lavochki-i-skameyki/skamya-skoba/,/ulichnaya-mebel/lavochki-i-skameyki/skamya-liniya/,/ulichnaya-mebel/lavochki-i-skameyki/skamya-liniya/,true,true,internal,pass,
/ulichnaya-mebel/lavochki-i-skameyki/skamya-skoba/,https://t.me/smu1build,,true,true,external,pass,
/ulichnaya-mebel/lavochki-i-skameyki/skamya-skoba/,/izgotovlenie-na-zakaz/,/izgotovlenie-na-zakaz/,true,true,internal,pass,
/ulichnaya-mebel/lavochki-i-skameyki/skamya-skoba/,tel:+79129735006,,true,true,tel,pass,
/ulichnaya-mebel/lavochki-i-skameyki/skamya-skoba/,https://t.me/smu1build,,true,true,external,pass,
/ulichnaya-mebel/lavochki-i-skameyki/skamya-skoba/,mailto:smu1.kurgan@yandex.ru,,true,true,mailto,pass,
/ulichnaya-mebel/lavochki-i-skameyki/skamya-skoba/,/kontakty/,/kontakty/,true,true,internal,pass,
/ulichnaya-mebel/lavochki-i-skameyki/skamya-skoba/,/,/,true,true,internal,pass,
/ulichnaya-mebel/lavochki-i-skameyki/skamya-skoba/,/ulichnaya-mebel/,/ulichnaya-mebel/,true,true,internal,pass,
/ulichnaya-mebel/lavochki-i-skameyki/skamya-skoba/,/ograzhdeniya-i-zabory/,/ograzhdeniya-i-zabory/,true,true,internal,pass,
/ulichnaya-mebel/lavochki-i-skameyki/skamya-skoba/,/navesy-i-kozyrki/,/navesy-i-kozyrki/,true,true,internal,pass,
/ulichnaya-mebel/lavochki-i-skameyki/skamya-skoba/,/metallokonstruktsii-dlya-biznesa/,/metallokonstruktsii-dlya-biznesa/,true,true,internal,pass,
/ulichnaya-mebel/lavochki-i-skameyki/skamya-skoba/,/topiarii/,/topiarii/,true,true,internal,pass,
/ulichnaya-mebel/lavochki-i-skameyki/skamya-skoba/,/blagoustroystvo-territoriy/,/blagoustroystvo-territoriy/,true,true,internal,pass,
/ulichnaya-mebel/lavochki-i-skameyki/skamya-skoba/,/stroitelstvo-i-remonty/,/stroitelstvo-i-remonty/,true,true,internal,pass,
/ulichnaya-mebel/lavochki-i-skameyki/skamya-skoba/,/ulichnaya-mebel/,/ulichnaya-mebel/,true,true,internal,pass,
/ulichnaya-mebel/lavochki-i-skameyki/skamya-skoba/,/ograzhdeniya-i-zabory/,/ograzhdeniya-i-zabory/,true,true,internal,pass,
/ulichnaya-mebel/lavochki-i-skameyki/skamya-skoba/,/navesy-i-kozyrki/,/navesy-i-kozyrki/,true,true,internal,pass,
/ulichnaya-mebel/lavochki-i-skameyki/skamya-skoba/,/metallokonstruktsii-dlya-biznesa/,/metallokonstruktsii-dlya-biznesa/,true,true,internal,pass,
/ulichnaya-mebel/lavochki-i-skameyki/skamya-skoba/,/topiarii/,/topiarii/,true,true,internal,pass,
/ulichnaya-mebel/lavochki-i-skameyki/skamya-skoba/,/blagoustroystvo-territoriy/,/blagoustroystvo-territoriy/,true,true,internal,pass,
/ulichnaya-mebel/lavochki-i-skameyki/skamya-skoba/,/stroitelstvo-i-remonty/,/stroitelstvo-i-remonty/,true,true,internal,pass,
/ulichnaya-mebel/lavochki-i-skameyki/skamya-skoba/,/izgotovlenie-na-zakaz/,/izgotovlenie-na-zakaz/,true,true,internal,pass,
/ulichnaya-mebel/lavochki-i-skameyki/skamya-skoba/,/vypolnennye-obekty/,/vypolnennye-obekty/,true,true,internal,pass,
/ulichnaya-mebel/lavochki-i-skameyki/skamya-skoba/,/o-nas/,/o-nas/,true,true,internal,pass,
/ulichnaya-mebel/lavochki-i-skameyki/skamya-skoba/,/kontakty/,/kontakty/,true,true,internal,pass,
/ulichnaya-mebel/lavochki-i-skameyki/skamya-skoba/,/vakansii/,/vakansii/,true,true,internal,pass,
/ulichnaya-mebel/lavochki-i-skameyki/skamya-skoba/,/izgotovlenie-na-zakaz/,/izgotovlenie-na-zakaz/,true,true,internal,pass,
/ulichnaya-mebel/lavochki-i-skameyki/skamya-skoba/,/vypolnennye-obekty/,/vypolnennye-obekty/,true,true,internal,pass,
/ulichnaya-mebel/lavochki-i-skameyki/skamya-skoba/,/o-nas/,/o-nas/,true,true,internal,pass,
/ulichnaya-mebel/lavochki-i-skameyki/skamya-skoba/,/kontakty/,/kontakty/,true,true,internal,pass,
/ulichnaya-mebel/lavochki-i-skameyki/skamya-skoba/,/vakansii/,/vakansii/,true,true,internal,pass,
/ulichnaya-mebel/lavochki-i-skameyki/skamya-skoba/,#contact,/ulichnaya-mebel/lavochki-i-skameyki/skamya-skoba/,true,true,anchor,pass,
/ulichnaya-mebel/lavochki-i-skameyki/skamya-skoba/,tel:+79129735006,,true,true,tel,pass,
/ulichnaya-mebel/lavochki-i-skameyki/skamya-skoba/,tel:+79125799665,,true,true,tel,pass,
/ulichnaya-mebel/lavochki-i-skameyki/skamya-skoba/,https://t.me/smu1build,,true,true,external,pass,
/ulichnaya-mebel/lavochki-i-skameyki/skamya-skoba/,mailto:smu1.kurgan@yandex.ru,,true,true,mailto,pass,
/ulichnaya-mebel/lavochki-i-skameyki/skamya-skoba/,/politika-konfidencialnosti/,/politika-konfidencialnosti/,true,true,internal,pass,
/ulichnaya-mebel/lavochki-i-skameyki/skamya-skoba/,/politika-konfidencialnosti/,/politika-konfidencialnosti/,true,true,internal,pass,
/ulichnaya-mebel/lavochki-i-skameyki/skamya-smu1-bazovaya/,#main-content,/ulichnaya-mebel/lavochki-i-skameyki/skamya-smu1-bazovaya/,true,true,anchor,pass,
/ulichnaya-mebel/lavochki-i-skameyki/skamya-smu1-bazovaya/,/,/,true,true,internal,pass,
/ulichnaya-mebel/lavochki-i-skameyki/skamya-smu1-bazovaya/,/ulichnaya-mebel/,/ulichnaya-mebel/,true,true,internal,pass,
/ulichnaya-mebel/lavochki-i-skameyki/skamya-smu1-bazovaya/,/ograzhdeniya-i-zabory/,/ograzhdeniya-i-zabory/,true,true,internal,pass,
/ulichnaya-mebel/lavochki-i-skameyki/skamya-smu1-bazovaya/,/navesy-i-kozyrki/,/navesy-i-kozyrki/,true,true,internal,pass,
/ulichnaya-mebel/lavochki-i-skameyki/skamya-smu1-bazovaya/,/topiarii/,/topiarii/,true,true,internal,pass,
/ulichnaya-mebel/lavochki-i-skameyki/skamya-smu1-bazovaya/,/izgotovlenie-na-zakaz/,/izgotovlenie-na-zakaz/,true,true,internal,pass,
/ulichnaya-mebel/lavochki-i-skameyki/skamya-smu1-bazovaya/,/metallokonstruktsii-dlya-biznesa/,/metallokonstruktsii-dlya-biznesa/,true,true,internal,pass,
/ulichnaya-mebel/lavochki-i-skameyki/skamya-smu1-bazovaya/,/blagoustroystvo-territoriy/,/blagoustroystvo-territoriy/,true,true,internal,pass,
/ulichnaya-mebel/lavochki-i-skameyki/skamya-smu1-bazovaya/,/stroitelstvo-i-remonty/,/stroitelstvo-i-remonty/,true,true,internal,pass,
/ulichnaya-mebel/lavochki-i-skameyki/skamya-smu1-bazovaya/,/vypolnennye-obekty/,/vypolnennye-obekty/,true,true,internal,pass,
/ulichnaya-mebel/lavochki-i-skameyki/skamya-smu1-bazovaya/,/o-nas/,/o-nas/,true,true,internal,pass,
/ulichnaya-mebel/lavochki-i-skameyki/skamya-smu1-bazovaya/,/kontakty/,/kontakty/,true,true,internal,pass,
/ulichnaya-mebel/lavochki-i-skameyki/skamya-smu1-bazovaya/,/vakansii/,/vakansii/,true,true,internal,pass,
/ulichnaya-mebel/lavochki-i-skameyki/skamya-smu1-bazovaya/,tel:+79129735006,,true,true,tel,pass,
/ulichnaya-mebel/lavochki-i-skameyki/skamya-smu1-bazovaya/,https://t.me/smu1build,,true,true,external,pass,
/ulichnaya-mebel/lavochki-i-skameyki/skamya-smu1-bazovaya/,#contact,/ulichnaya-mebel/lavochki-i-skameyki/skamya-smu1-bazovaya/,true,true,anchor,pass,
/ulichnaya-mebel/lavochki-i-skameyki/skamya-smu1-bazovaya/,/,/,true,true,internal,pass,
/ulichnaya-mebel/lavochki-i-skameyki/skamya-smu1-bazovaya/,#contact,/ulichnaya-mebel/lavochki-i-skameyki/skamya-smu1-bazovaya/,true,true,anchor,pass,
/ulichnaya-mebel/lavochki-i-skameyki/skamya-smu1-bazovaya/,/ulichnaya-mebel/,/ulichnaya-mebel/,true,true,internal,pass,
/ulichnaya-mebel/lavochki-i-skameyki/skamya-smu1-bazovaya/,/ograzhdeniya-i-zabory/,/ograzhdeniya-i-zabory/,true,true,internal,pass,
/ulichnaya-mebel/lavochki-i-skameyki/skamya-smu1-bazovaya/,/navesy-i-kozyrki/,/navesy-i-kozyrki/,true,true,internal,pass,
/ulichnaya-mebel/lavochki-i-skameyki/skamya-smu1-bazovaya/,/topiarii/,/topiarii/,true,true,internal,pass,
/ulichnaya-mebel/lavochki-i-skameyki/skamya-smu1-bazovaya/,/metallokonstruktsii-dlya-biznesa/,/metallokonstruktsii-dlya-biznesa/,true,true,internal,pass,
/ulichnaya-mebel/lavochki-i-skameyki/skamya-smu1-bazovaya/,/blagoustroystvo-territoriy/,/blagoustroystvo-territoriy/,true,true,internal,pass,
/ulichnaya-mebel/lavochki-i-skameyki/skamya-smu1-bazovaya/,/stroitelstvo-i-remonty/,/stroitelstvo-i-remonty/,true,true,internal,pass,
/ulichnaya-mebel/lavochki-i-skameyki/skamya-smu1-bazovaya/,/izgotovlenie-na-zakaz/,/izgotovlenie-na-zakaz/,true,true,internal,pass,
/ulichnaya-mebel/lavochki-i-skameyki/skamya-smu1-bazovaya/,/vypolnennye-obekty/,/vypolnennye-obekty/,true,true,internal,pass,
/ulichnaya-mebel/lavochki-i-skameyki/skamya-smu1-bazovaya/,/o-nas/,/o-nas/,true,true,internal,pass,
/ulichnaya-mebel/lavochki-i-skameyki/skamya-smu1-bazovaya/,/kontakty/,/kontakty/,true,true,internal,pass,
/ulichnaya-mebel/lavochki-i-skameyki/skamya-smu1-bazovaya/,/vakansii/,/vakansii/,true,true,internal,pass,
/ulichnaya-mebel/lavochki-i-skameyki/skamya-smu1-bazovaya/,tel:+79129735006,,true,true,tel,pass,
/ulichnaya-mebel/lavochki-i-skameyki/skamya-smu1-bazovaya/,tel:+79125799665,,true,true,tel,pass,
/ulichnaya-mebel/lavochki-i-skameyki/skamya-smu1-bazovaya/,https://t.me/smu1build,,true,true,external,pass,
/ulichnaya-mebel/lavochki-i-skameyki/skamya-smu1-bazovaya/,mailto:smu1.kurgan@yandex.ru,,true,true,mailto,pass,
/ulichnaya-mebel/lavochki-i-skameyki/skamya-smu1-bazovaya/,/,/,true,true,internal,pass,
/ulichnaya-mebel/lavochki-i-skameyki/skamya-smu1-bazovaya/,/ulichnaya-mebel/,/ulichnaya-mebel/,true,true,internal,pass,
/ulichnaya-mebel/lavochki-i-skameyki/skamya-smu1-bazovaya/,/ulichnaya-mebel/lavochki-i-skameyki/,/ulichnaya-mebel/lavochki-i-skameyki/,true,true,internal,pass,
/ulichnaya-mebel/lavochki-i-skameyki/skamya-smu1-bazovaya/,#contact,/ulichnaya-mebel/lavochki-i-skameyki/skamya-smu1-bazovaya/,true,true,anchor,pass,
/ulichnaya-mebel/lavochki-i-skameyki/skamya-smu1-bazovaya/,https://t.me/smu1build,,true,true,external,pass,
/ulichnaya-mebel/lavochki-i-skameyki/skamya-smu1-bazovaya/,/ulichnaya-mebel/lavochki-i-skameyki/,/ulichnaya-mebel/lavochki-i-skameyki/,true,true,internal,pass,
/ulichnaya-mebel/lavochki-i-skameyki/skamya-smu1-bazovaya/,/ulichnaya-mebel/lavochki-i-skameyki/skamya-loft/,/ulichnaya-mebel/lavochki-i-skameyki/skamya-loft/,true,true,internal,pass,
/ulichnaya-mebel/lavochki-i-skameyki/skamya-smu1-bazovaya/,/ulichnaya-mebel/lavochki-i-skameyki/skamya-volna/,/ulichnaya-mebel/lavochki-i-skameyki/skamya-volna/,true,true,internal,pass,
/ulichnaya-mebel/lavochki-i-skameyki/skamya-smu1-bazovaya/,/ulichnaya-mebel/lavochki-i-skameyki/skamya-liniya/,/ulichnaya-mebel/lavochki-i-skameyki/skamya-liniya/,true,true,internal,pass,
/ulichnaya-mebel/lavochki-i-skameyki/skamya-smu1-bazovaya/,/ulichnaya-mebel/lavochki-i-skameyki/skamya-radius/,/ulichnaya-mebel/lavochki-i-skameyki/skamya-radius/,true,true,internal,pass,
/ulichnaya-mebel/lavochki-i-skameyki/skamya-smu1-bazovaya/,https://t.me/smu1build,,true,true,external,pass,
/ulichnaya-mebel/lavochki-i-skameyki/skamya-smu1-bazovaya/,/izgotovlenie-na-zakaz/,/izgotovlenie-na-zakaz/,true,true,internal,pass,
/ulichnaya-mebel/lavochki-i-skameyki/skamya-smu1-bazovaya/,tel:+79129735006,,true,true,tel,pass,
/ulichnaya-mebel/lavochki-i-skameyki/skamya-smu1-bazovaya/,https://t.me/smu1build,,true,true,external,pass,
/ulichnaya-mebel/lavochki-i-skameyki/skamya-smu1-bazovaya/,mailto:smu1.kurgan@yandex.ru,,true,true,mailto,pass,
/ulichnaya-mebel/lavochki-i-skameyki/skamya-smu1-bazovaya/,/kontakty/,/kontakty/,true,true,internal,pass,
/ulichnaya-mebel/lavochki-i-skameyki/skamya-smu1-bazovaya/,/,/,true,true,internal,pass,
/ulichnaya-mebel/lavochki-i-skameyki/skamya-smu1-bazovaya/,/ulichnaya-mebel/,/ulichnaya-mebel/,true,true,internal,pass,
/ulichnaya-mebel/lavochki-i-skameyki/skamya-smu1-bazovaya/,/ograzhdeniya-i-zabory/,/ograzhdeniya-i-zabory/,true,true,internal,pass,
/ulichnaya-mebel/lavochki-i-skameyki/skamya-smu1-bazovaya/,/navesy-i-kozyrki/,/navesy-i-kozyrki/,true,true,internal,pass,
/ulichnaya-mebel/lavochki-i-skameyki/skamya-smu1-bazovaya/,/metallokonstruktsii-dlya-biznesa/,/metallokonstruktsii-dlya-biznesa/,true,true,internal,pass,
/ulichnaya-mebel/lavochki-i-skameyki/skamya-smu1-bazovaya/,/topiarii/,/topiarii/,true,true,internal,pass,
/ulichnaya-mebel/lavochki-i-skameyki/skamya-smu1-bazovaya/,/blagoustroystvo-territoriy/,/blagoustroystvo-territoriy/,true,true,internal,pass,
/ulichnaya-mebel/lavochki-i-skameyki/skamya-smu1-bazovaya/,/stroitelstvo-i-remonty/,/stroitelstvo-i-remonty/,true,true,internal,pass,
/ulichnaya-mebel/lavochki-i-skameyki/skamya-smu1-bazovaya/,/ulichnaya-mebel/,/ulichnaya-mebel/,true,true,internal,pass,
/ulichnaya-mebel/lavochki-i-skameyki/skamya-smu1-bazovaya/,/ograzhdeniya-i-zabory/,/ograzhdeniya-i-zabory/,true,true,internal,pass,
/ulichnaya-mebel/lavochki-i-skameyki/skamya-smu1-bazovaya/,/navesy-i-kozyrki/,/navesy-i-kozyrki/,true,true,internal,pass,
/ulichnaya-mebel/lavochki-i-skameyki/skamya-smu1-bazovaya/,/metallokonstruktsii-dlya-biznesa/,/metallokonstruktsii-dlya-biznesa/,true,true,internal,pass,
/ulichnaya-mebel/lavochki-i-skameyki/skamya-smu1-bazovaya/,/topiarii/,/topiarii/,true,true,internal,pass,
/ulichnaya-mebel/lavochki-i-skameyki/skamya-smu1-bazovaya/,/blagoustroystvo-territoriy/,/blagoustroystvo-territoriy/,true,true,internal,pass,
/ulichnaya-mebel/lavochki-i-skameyki/skamya-smu1-bazovaya/,/stroitelstvo-i-remonty/,/stroitelstvo-i-remonty/,true,true,internal,pass,
/ulichnaya-mebel/lavochki-i-skameyki/skamya-smu1-bazovaya/,/izgotovlenie-na-zakaz/,/izgotovlenie-na-zakaz/,true,true,internal,pass,
/ulichnaya-mebel/lavochki-i-skameyki/skamya-smu1-bazovaya/,/vypolnennye-obekty/,/vypolnennye-obekty/,true,true,internal,pass,
/ulichnaya-mebel/lavochki-i-skameyki/skamya-smu1-bazovaya/,/o-nas/,/o-nas/,true,true,internal,pass,
/ulichnaya-mebel/lavochki-i-skameyki/skamya-smu1-bazovaya/,/kontakty/,/kontakty/,true,true,internal,pass,
/ulichnaya-mebel/lavochki-i-skameyki/skamya-smu1-bazovaya/,/vakansii/,/vakansii/,true,true,internal,pass,
/ulichnaya-mebel/lavochki-i-skameyki/skamya-smu1-bazovaya/,/izgotovlenie-na-zakaz/,/izgotovlenie-na-zakaz/,true,true,internal,pass,
/ulichnaya-mebel/lavochki-i-skameyki/skamya-smu1-bazovaya/,/vypolnennye-obekty/,/vypolnennye-obekty/,true,true,internal,pass,
/ulichnaya-mebel/lavochki-i-skameyki/skamya-smu1-bazovaya/,/o-nas/,/o-nas/,true,true,internal,pass,
/ulichnaya-mebel/lavochki-i-skameyki/skamya-smu1-bazovaya/,/kontakty/,/kontakty/,true,true,internal,pass,
/ulichnaya-mebel/lavochki-i-skameyki/skamya-smu1-bazovaya/,/vakansii/,/vakansii/,true,true,internal,pass,
/ulichnaya-mebel/lavochki-i-skameyki/skamya-smu1-bazovaya/,#contact,/ulichnaya-mebel/lavochki-i-skameyki/skamya-smu1-bazovaya/,true,true,anchor,pass,
/ulichnaya-mebel/lavochki-i-skameyki/skamya-smu1-bazovaya/,tel:+79129735006,,true,true,tel,pass,
/ulichnaya-mebel/lavochki-i-skameyki/skamya-smu1-bazovaya/,tel:+79125799665,,true,true,tel,pass,
/ulichnaya-mebel/lavochki-i-skameyki/skamya-smu1-bazovaya/,https://t.me/smu1build,,true,true,external,pass,
/ulichnaya-mebel/lavochki-i-skameyki/skamya-smu1-bazovaya/,mailto:smu1.kurgan@yandex.ru,,true,true,mailto,pass,
/ulichnaya-mebel/lavochki-i-skameyki/skamya-smu1-bazovaya/,/politika-konfidencialnosti/,/politika-konfidencialnosti/,true,true,internal,pass,
/ulichnaya-mebel/lavochki-i-skameyki/skamya-smu1-bazovaya/,/politika-konfidencialnosti/,/politika-konfidencialnosti/,true,true,internal,pass,
/ulichnaya-mebel/lavochki-i-skameyki/skamya-volna/,#main-content,/ulichnaya-mebel/lavochki-i-skameyki/skamya-volna/,true,true,anchor,pass,
/ulichnaya-mebel/lavochki-i-skameyki/skamya-volna/,/,/,true,true,internal,pass,
/ulichnaya-mebel/lavochki-i-skameyki/skamya-volna/,/ulichnaya-mebel/,/ulichnaya-mebel/,true,true,internal,pass,
/ulichnaya-mebel/lavochki-i-skameyki/skamya-volna/,/ograzhdeniya-i-zabory/,/ograzhdeniya-i-zabory/,true,true,internal,pass,
/ulichnaya-mebel/lavochki-i-skameyki/skamya-volna/,/navesy-i-kozyrki/,/navesy-i-kozyrki/,true,true,internal,pass,
/ulichnaya-mebel/lavochki-i-skameyki/skamya-volna/,/topiarii/,/topiarii/,true,true,internal,pass,
/ulichnaya-mebel/lavochki-i-skameyki/skamya-volna/,/izgotovlenie-na-zakaz/,/izgotovlenie-na-zakaz/,true,true,internal,pass,
/ulichnaya-mebel/lavochki-i-skameyki/skamya-volna/,/metallokonstruktsii-dlya-biznesa/,/metallokonstruktsii-dlya-biznesa/,true,true,internal,pass,
/ulichnaya-mebel/lavochki-i-skameyki/skamya-volna/,/blagoustroystvo-territoriy/,/blagoustroystvo-territoriy/,true,true,internal,pass,
/ulichnaya-mebel/lavochki-i-skameyki/skamya-volna/,/stroitelstvo-i-remonty/,/stroitelstvo-i-remonty/,true,true,internal,pass,
/ulichnaya-mebel/lavochki-i-skameyki/skamya-volna/,/vypolnennye-obekty/,/vypolnennye-obekty/,true,true,internal,pass,
/ulichnaya-mebel/lavochki-i-skameyki/skamya-volna/,/o-nas/,/o-nas/,true,true,internal,pass,
/ulichnaya-mebel/lavochki-i-skameyki/skamya-volna/,/kontakty/,/kontakty/,true,true,internal,pass,
/ulichnaya-mebel/lavochki-i-skameyki/skamya-volna/,/vakansii/,/vakansii/,true,true,internal,pass,
/ulichnaya-mebel/lavochki-i-skameyki/skamya-volna/,tel:+79129735006,,true,true,tel,pass,
/ulichnaya-mebel/lavochki-i-skameyki/skamya-volna/,https://t.me/smu1build,,true,true,external,pass,
/ulichnaya-mebel/lavochki-i-skameyki/skamya-volna/,#contact,/ulichnaya-mebel/lavochki-i-skameyki/skamya-volna/,true,true,anchor,pass,
/ulichnaya-mebel/lavochki-i-skameyki/skamya-volna/,/,/,true,true,internal,pass,
/ulichnaya-mebel/lavochki-i-skameyki/skamya-volna/,#contact,/ulichnaya-mebel/lavochki-i-skameyki/skamya-volna/,true,true,anchor,pass,
/ulichnaya-mebel/lavochki-i-skameyki/skamya-volna/,/ulichnaya-mebel/,/ulichnaya-mebel/,true,true,internal,pass,
/ulichnaya-mebel/lavochki-i-skameyki/skamya-volna/,/ograzhdeniya-i-zabory/,/ograzhdeniya-i-zabory/,true,true,internal,pass,
/ulichnaya-mebel/lavochki-i-skameyki/skamya-volna/,/navesy-i-kozyrki/,/navesy-i-kozyrki/,true,true,internal,pass,
/ulichnaya-mebel/lavochki-i-skameyki/skamya-volna/,/topiarii/,/topiarii/,true,true,internal,pass,
/ulichnaya-mebel/lavochki-i-skameyki/skamya-volna/,/metallokonstruktsii-dlya-biznesa/,/metallokonstruktsii-dlya-biznesa/,true,true,internal,pass,
/ulichnaya-mebel/lavochki-i-skameyki/skamya-volna/,/blagoustroystvo-territoriy/,/blagoustroystvo-territoriy/,true,true,internal,pass,
/ulichnaya-mebel/lavochki-i-skameyki/skamya-volna/,/stroitelstvo-i-remonty/,/stroitelstvo-i-remonty/,true,true,internal,pass,
/ulichnaya-mebel/lavochki-i-skameyki/skamya-volna/,/izgotovlenie-na-zakaz/,/izgotovlenie-na-zakaz/,true,true,internal,pass,
/ulichnaya-mebel/lavochki-i-skameyki/skamya-volna/,/vypolnennye-obekty/,/vypolnennye-obekty/,true,true,internal,pass,
/ulichnaya-mebel/lavochki-i-skameyki/skamya-volna/,/o-nas/,/o-nas/,true,true,internal,pass,
/ulichnaya-mebel/lavochki-i-skameyki/skamya-volna/,/kontakty/,/kontakty/,true,true,internal,pass,
/ulichnaya-mebel/lavochki-i-skameyki/skamya-volna/,/vakansii/,/vakansii/,true,true,internal,pass,
/ulichnaya-mebel/lavochki-i-skameyki/skamya-volna/,tel:+79129735006,,true,true,tel,pass,
/ulichnaya-mebel/lavochki-i-skameyki/skamya-volna/,tel:+79125799665,,true,true,tel,pass,
/ulichnaya-mebel/lavochki-i-skameyki/skamya-volna/,https://t.me/smu1build,,true,true,external,pass,
/ulichnaya-mebel/lavochki-i-skameyki/skamya-volna/,mailto:smu1.kurgan@yandex.ru,,true,true,mailto,pass,
/ulichnaya-mebel/lavochki-i-skameyki/skamya-volna/,/,/,true,true,internal,pass,
/ulichnaya-mebel/lavochki-i-skameyki/skamya-volna/,/ulichnaya-mebel/,/ulichnaya-mebel/,true,true,internal,pass,
/ulichnaya-mebel/lavochki-i-skameyki/skamya-volna/,/ulichnaya-mebel/lavochki-i-skameyki/,/ulichnaya-mebel/lavochki-i-skameyki/,true,true,internal,pass,
/ulichnaya-mebel/lavochki-i-skameyki/skamya-volna/,#contact,/ulichnaya-mebel/lavochki-i-skameyki/skamya-volna/,true,true,anchor,pass,
/ulichnaya-mebel/lavochki-i-skameyki/skamya-volna/,https://t.me/smu1build,,true,true,external,pass,
/ulichnaya-mebel/lavochki-i-skameyki/skamya-volna/,#contact,/ulichnaya-mebel/lavochki-i-skameyki/skamya-volna/,true,true,anchor,pass,
/ulichnaya-mebel/lavochki-i-skameyki/skamya-volna/,/ulichnaya-mebel/lavochki-i-skameyki/,/ulichnaya-mebel/lavochki-i-skameyki/,true,true,internal,pass,
/ulichnaya-mebel/lavochki-i-skameyki/skamya-volna/,/ulichnaya-mebel/lavochki-i-skameyki/skamya-smu1-bazovaya/,/ulichnaya-mebel/lavochki-i-skameyki/skamya-smu1-bazovaya/,true,true,internal,pass,
/ulichnaya-mebel/lavochki-i-skameyki/skamya-volna/,/ulichnaya-mebel/lavochki-i-skameyki/skamya-loft/,/ulichnaya-mebel/lavochki-i-skameyki/skamya-loft/,true,true,internal,pass,
/ulichnaya-mebel/lavochki-i-skameyki/skamya-volna/,/ulichnaya-mebel/lavochki-i-skameyki/skamya-liniya/,/ulichnaya-mebel/lavochki-i-skameyki/skamya-liniya/,true,true,internal,pass,
/ulichnaya-mebel/lavochki-i-skameyki/skamya-volna/,/ulichnaya-mebel/lavochki-i-skameyki/skamya-radius/,/ulichnaya-mebel/lavochki-i-skameyki/skamya-radius/,true,true,internal,pass,
/ulichnaya-mebel/lavochki-i-skameyki/skamya-volna/,https://t.me/smu1build,,true,true,external,pass,
/ulichnaya-mebel/lavochki-i-skameyki/skamya-volna/,/izgotovlenie-na-zakaz/,/izgotovlenie-na-zakaz/,true,true,internal,pass,
/ulichnaya-mebel/lavochki-i-skameyki/skamya-volna/,tel:+79129735006,,true,true,tel,pass,
/ulichnaya-mebel/lavochki-i-skameyki/skamya-volna/,https://t.me/smu1build,,true,true,external,pass,
/ulichnaya-mebel/lavochki-i-skameyki/skamya-volna/,mailto:smu1.kurgan@yandex.ru,,true,true,mailto,pass,
/ulichnaya-mebel/lavochki-i-skameyki/skamya-volna/,/kontakty/,/kontakty/,true,true,internal,pass,
/ulichnaya-mebel/lavochki-i-skameyki/skamya-volna/,/,/,true,true,internal,pass,
/ulichnaya-mebel/lavochki-i-skameyki/skamya-volna/,/ulichnaya-mebel/,/ulichnaya-mebel/,true,true,internal,pass,
/ulichnaya-mebel/lavochki-i-skameyki/skamya-volna/,/ograzhdeniya-i-zabory/,/ograzhdeniya-i-zabory/,true,true,internal,pass,
/ulichnaya-mebel/lavochki-i-skameyki/skamya-volna/,/navesy-i-kozyrki/,/navesy-i-kozyrki/,true,true,internal,pass,
/ulichnaya-mebel/lavochki-i-skameyki/skamya-volna/,/metallokonstruktsii-dlya-biznesa/,/metallokonstruktsii-dlya-biznesa/,true,true,internal,pass,
/ulichnaya-mebel/lavochki-i-skameyki/skamya-volna/,/topiarii/,/topiarii/,true,true,internal,pass,
/ulichnaya-mebel/lavochki-i-skameyki/skamya-volna/,/blagoustroystvo-territoriy/,/blagoustroystvo-territoriy/,true,true,internal,pass,
/ulichnaya-mebel/lavochki-i-skameyki/skamya-volna/,/stroitelstvo-i-remonty/,/stroitelstvo-i-remonty/,true,true,internal,pass,
/ulichnaya-mebel/lavochki-i-skameyki/skamya-volna/,/ulichnaya-mebel/,/ulichnaya-mebel/,true,true,internal,pass,
/ulichnaya-mebel/lavochki-i-skameyki/skamya-volna/,/ograzhdeniya-i-zabory/,/ograzhdeniya-i-zabory/,true,true,internal,pass,
/ulichnaya-mebel/lavochki-i-skameyki/skamya-volna/,/navesy-i-kozyrki/,/navesy-i-kozyrki/,true,true,internal,pass,
/ulichnaya-mebel/lavochki-i-skameyki/skamya-volna/,/metallokonstruktsii-dlya-biznesa/,/metallokonstruktsii-dlya-biznesa/,true,true,internal,pass,
/ulichnaya-mebel/lavochki-i-skameyki/skamya-volna/,/topiarii/,/topiarii/,true,true,internal,pass,
/ulichnaya-mebel/lavochki-i-skameyki/skamya-volna/,/blagoustroystvo-territoriy/,/blagoustroystvo-territoriy/,true,true,internal,pass,
/ulichnaya-mebel/lavochki-i-skameyki/skamya-volna/,/stroitelstvo-i-remonty/,/stroitelstvo-i-remonty/,true,true,internal,pass,
/ulichnaya-mebel/lavochki-i-skameyki/skamya-volna/,/izgotovlenie-na-zakaz/,/izgotovlenie-na-zakaz/,true,true,internal,pass,
/ulichnaya-mebel/lavochki-i-skameyki/skamya-volna/,/vypolnennye-obekty/,/vypolnennye-obekty/,true,true,internal,pass,
/ulichnaya-mebel/lavochki-i-skameyki/skamya-volna/,/o-nas/,/o-nas/,true,true,internal,pass,
/ulichnaya-mebel/lavochki-i-skameyki/skamya-volna/,/kontakty/,/kontakty/,true,true,internal,pass,
/ulichnaya-mebel/lavochki-i-skameyki/skamya-volna/,/vakansii/,/vakansii/,true,true,internal,pass,
/ulichnaya-mebel/lavochki-i-skameyki/skamya-volna/,/izgotovlenie-na-zakaz/,/izgotovlenie-na-zakaz/,true,true,internal,pass,
/ulichnaya-mebel/lavochki-i-skameyki/skamya-volna/,/vypolnennye-obekty/,/vypolnennye-obekty/,true,true,internal,pass,
/ulichnaya-mebel/lavochki-i-skameyki/skamya-volna/,/o-nas/,/o-nas/,true,true,internal,pass,
/ulichnaya-mebel/lavochki-i-skameyki/skamya-volna/,/kontakty/,/kontakty/,true,true,internal,pass,
/ulichnaya-mebel/lavochki-i-skameyki/skamya-volna/,/vakansii/,/vakansii/,true,true,internal,pass,
/ulichnaya-mebel/lavochki-i-skameyki/skamya-volna/,#contact,/ulichnaya-mebel/lavochki-i-skameyki/skamya-volna/,true,true,anchor,pass,
/ulichnaya-mebel/lavochki-i-skameyki/skamya-volna/,tel:+79129735006,,true,true,tel,pass,
/ulichnaya-mebel/lavochki-i-skameyki/skamya-volna/,tel:+79125799665,,true,true,tel,pass,
/ulichnaya-mebel/lavochki-i-skameyki/skamya-volna/,https://t.me/smu1build,,true,true,external,pass,
/ulichnaya-mebel/lavochki-i-skameyki/skamya-volna/,mailto:smu1.kurgan@yandex.ru,,true,true,mailto,pass,
/ulichnaya-mebel/lavochki-i-skameyki/skamya-volna/,/politika-konfidencialnosti/,/politika-konfidencialnosti/,true,true,internal,pass,
/ulichnaya-mebel/lavochki-i-skameyki/skamya-volna/,/politika-konfidencialnosti/,/politika-konfidencialnosti/,true,true,internal,pass,
/ulichnaya-mebel/urny/stantsiya-razdelnogo-sbora/,#main-content,/ulichnaya-mebel/urny/stantsiya-razdelnogo-sbora/,true,true,anchor,pass,
/ulichnaya-mebel/urny/stantsiya-razdelnogo-sbora/,/,/,true,true,internal,pass,
/ulichnaya-mebel/urny/stantsiya-razdelnogo-sbora/,/ulichnaya-mebel/,/ulichnaya-mebel/,true,true,internal,pass,
/ulichnaya-mebel/urny/stantsiya-razdelnogo-sbora/,/ograzhdeniya-i-zabory/,/ograzhdeniya-i-zabory/,true,true,internal,pass,
/ulichnaya-mebel/urny/stantsiya-razdelnogo-sbora/,/navesy-i-kozyrki/,/navesy-i-kozyrki/,true,true,internal,pass,
/ulichnaya-mebel/urny/stantsiya-razdelnogo-sbora/,/topiarii/,/topiarii/,true,true,internal,pass,
/ulichnaya-mebel/urny/stantsiya-razdelnogo-sbora/,/izgotovlenie-na-zakaz/,/izgotovlenie-na-zakaz/,true,true,internal,pass,
/ulichnaya-mebel/urny/stantsiya-razdelnogo-sbora/,/metallokonstruktsii-dlya-biznesa/,/metallokonstruktsii-dlya-biznesa/,true,true,internal,pass,
/ulichnaya-mebel/urny/stantsiya-razdelnogo-sbora/,/blagoustroystvo-territoriy/,/blagoustroystvo-territoriy/,true,true,internal,pass,
/ulichnaya-mebel/urny/stantsiya-razdelnogo-sbora/,/stroitelstvo-i-remonty/,/stroitelstvo-i-remonty/,true,true,internal,pass,
/ulichnaya-mebel/urny/stantsiya-razdelnogo-sbora/,/vypolnennye-obekty/,/vypolnennye-obekty/,true,true,internal,pass,
/ulichnaya-mebel/urny/stantsiya-razdelnogo-sbora/,/o-nas/,/o-nas/,true,true,internal,pass,
/ulichnaya-mebel/urny/stantsiya-razdelnogo-sbora/,/kontakty/,/kontakty/,true,true,internal,pass,
/ulichnaya-mebel/urny/stantsiya-razdelnogo-sbora/,/vakansii/,/vakansii/,true,true,internal,pass,
/ulichnaya-mebel/urny/stantsiya-razdelnogo-sbora/,tel:+79129735006,,true,true,tel,pass,
/ulichnaya-mebel/urny/stantsiya-razdelnogo-sbora/,https://t.me/smu1build,,true,true,external,pass,
/ulichnaya-mebel/urny/stantsiya-razdelnogo-sbora/,#contact,/ulichnaya-mebel/urny/stantsiya-razdelnogo-sbora/,true,true,anchor,pass,
/ulichnaya-mebel/urny/stantsiya-razdelnogo-sbora/,/,/,true,true,internal,pass,
/ulichnaya-mebel/urny/stantsiya-razdelnogo-sbora/,#contact,/ulichnaya-mebel/urny/stantsiya-razdelnogo-sbora/,true,true,anchor,pass,
/ulichnaya-mebel/urny/stantsiya-razdelnogo-sbora/,/ulichnaya-mebel/,/ulichnaya-mebel/,true,true,internal,pass,
/ulichnaya-mebel/urny/stantsiya-razdelnogo-sbora/,/ograzhdeniya-i-zabory/,/ograzhdeniya-i-zabory/,true,true,internal,pass,
/ulichnaya-mebel/urny/stantsiya-razdelnogo-sbora/,/navesy-i-kozyrki/,/navesy-i-kozyrki/,true,true,internal,pass,
/ulichnaya-mebel/urny/stantsiya-razdelnogo-sbora/,/topiarii/,/topiarii/,true,true,internal,pass,
/ulichnaya-mebel/urny/stantsiya-razdelnogo-sbora/,/metallokonstruktsii-dlya-biznesa/,/metallokonstruktsii-dlya-biznesa/,true,true,internal,pass,
/ulichnaya-mebel/urny/stantsiya-razdelnogo-sbora/,/blagoustroystvo-territoriy/,/blagoustroystvo-territoriy/,true,true,internal,pass,
/ulichnaya-mebel/urny/stantsiya-razdelnogo-sbora/,/stroitelstvo-i-remonty/,/stroitelstvo-i-remonty/,true,true,internal,pass,
/ulichnaya-mebel/urny/stantsiya-razdelnogo-sbora/,/izgotovlenie-na-zakaz/,/izgotovlenie-na-zakaz/,true,true,internal,pass,
/ulichnaya-mebel/urny/stantsiya-razdelnogo-sbora/,/vypolnennye-obekty/,/vypolnennye-obekty/,true,true,internal,pass,
/ulichnaya-mebel/urny/stantsiya-razdelnogo-sbora/,/o-nas/,/o-nas/,true,true,internal,pass,
/ulichnaya-mebel/urny/stantsiya-razdelnogo-sbora/,/kontakty/,/kontakty/,true,true,internal,pass,
/ulichnaya-mebel/urny/stantsiya-razdelnogo-sbora/,/vakansii/,/vakansii/,true,true,internal,pass,
/ulichnaya-mebel/urny/stantsiya-razdelnogo-sbora/,tel:+79129735006,,true,true,tel,pass,
/ulichnaya-mebel/urny/stantsiya-razdelnogo-sbora/,tel:+79125799665,,true,true,tel,pass,
/ulichnaya-mebel/urny/stantsiya-razdelnogo-sbora/,https://t.me/smu1build,,true,true,external,pass,
/ulichnaya-mebel/urny/stantsiya-razdelnogo-sbora/,mailto:smu1.kurgan@yandex.ru,,true,true,mailto,pass,
/ulichnaya-mebel/urny/stantsiya-razdelnogo-sbora/,/,/,true,true,internal,pass,
/ulichnaya-mebel/urny/stantsiya-razdelnogo-sbora/,/ulichnaya-mebel/,/ulichnaya-mebel/,true,true,internal,pass,
/ulichnaya-mebel/urny/stantsiya-razdelnogo-sbora/,/ulichnaya-mebel/urny/,/ulichnaya-mebel/urny/,true,true,internal,pass,
/ulichnaya-mebel/urny/stantsiya-razdelnogo-sbora/,#contact,/ulichnaya-mebel/urny/stantsiya-razdelnogo-sbora/,true,true,anchor,pass,
/ulichnaya-mebel/urny/stantsiya-razdelnogo-sbora/,https://t.me/smu1build,,true,true,external,pass,
/ulichnaya-mebel/urny/stantsiya-razdelnogo-sbora/,#contact,/ulichnaya-mebel/urny/stantsiya-razdelnogo-sbora/,true,true,anchor,pass,
/ulichnaya-mebel/urny/stantsiya-razdelnogo-sbora/,/ulichnaya-mebel/urny/,/ulichnaya-mebel/urny/,true,true,internal,pass,
/ulichnaya-mebel/urny/stantsiya-razdelnogo-sbora/,/ulichnaya-mebel/urny/urna-vertikal/,/ulichnaya-mebel/urny/urna-vertikal/,true,true,internal,pass,
/ulichnaya-mebel/urny/stantsiya-razdelnogo-sbora/,/ulichnaya-mebel/urny/urna-monolit/,/ulichnaya-mebel/urny/urna-monolit/,true,true,internal,pass,
/ulichnaya-mebel/urny/stantsiya-razdelnogo-sbora/,/ulichnaya-mebel/urny/urna-panel/,/ulichnaya-mebel/urny/urna-panel/,true,true,internal,pass,
/ulichnaya-mebel/urny/stantsiya-razdelnogo-sbora/,/ulichnaya-mebel/urny/urna-blok/,/ulichnaya-mebel/urny/urna-blok/,true,true,internal,pass,
/ulichnaya-mebel/urny/stantsiya-razdelnogo-sbora/,https://t.me/smu1build,,true,true,external,pass,
/ulichnaya-mebel/urny/stantsiya-razdelnogo-sbora/,/izgotovlenie-na-zakaz/,/izgotovlenie-na-zakaz/,true,true,internal,pass,
/ulichnaya-mebel/urny/stantsiya-razdelnogo-sbora/,tel:+79129735006,,true,true,tel,pass,
/ulichnaya-mebel/urny/stantsiya-razdelnogo-sbora/,https://t.me/smu1build,,true,true,external,pass,
/ulichnaya-mebel/urny/stantsiya-razdelnogo-sbora/,mailto:smu1.kurgan@yandex.ru,,true,true,mailto,pass,
/ulichnaya-mebel/urny/stantsiya-razdelnogo-sbora/,/kontakty/,/kontakty/,true,true,internal,pass,
/ulichnaya-mebel/urny/stantsiya-razdelnogo-sbora/,/,/,true,true,internal,pass,
/ulichnaya-mebel/urny/stantsiya-razdelnogo-sbora/,/ulichnaya-mebel/,/ulichnaya-mebel/,true,true,internal,pass,
/ulichnaya-mebel/urny/stantsiya-razdelnogo-sbora/,/ograzhdeniya-i-zabory/,/ograzhdeniya-i-zabory/,true,true,internal,pass,
/ulichnaya-mebel/urny/stantsiya-razdelnogo-sbora/,/navesy-i-kozyrki/,/navesy-i-kozyrki/,true,true,internal,pass,
/ulichnaya-mebel/urny/stantsiya-razdelnogo-sbora/,/metallokonstruktsii-dlya-biznesa/,/metallokonstruktsii-dlya-biznesa/,true,true,internal,pass,
/ulichnaya-mebel/urny/stantsiya-razdelnogo-sbora/,/topiarii/,/topiarii/,true,true,internal,pass,
/ulichnaya-mebel/urny/stantsiya-razdelnogo-sbora/,/blagoustroystvo-territoriy/,/blagoustroystvo-territoriy/,true,true,internal,pass,
/ulichnaya-mebel/urny/stantsiya-razdelnogo-sbora/,/stroitelstvo-i-remonty/,/stroitelstvo-i-remonty/,true,true,internal,pass,
/ulichnaya-mebel/urny/stantsiya-razdelnogo-sbora/,/ulichnaya-mebel/,/ulichnaya-mebel/,true,true,internal,pass,
/ulichnaya-mebel/urny/stantsiya-razdelnogo-sbora/,/ograzhdeniya-i-zabory/,/ograzhdeniya-i-zabory/,true,true,internal,pass,
/ulichnaya-mebel/urny/stantsiya-razdelnogo-sbora/,/navesy-i-kozyrki/,/navesy-i-kozyrki/,true,true,internal,pass,
/ulichnaya-mebel/urny/stantsiya-razdelnogo-sbora/,/metallokonstruktsii-dlya-biznesa/,/metallokonstruktsii-dlya-biznesa/,true,true,internal,pass,
/ulichnaya-mebel/urny/stantsiya-razdelnogo-sbora/,/topiarii/,/topiarii/,true,true,internal,pass,
/ulichnaya-mebel/urny/stantsiya-razdelnogo-sbora/,/blagoustroystvo-territoriy/,/blagoustroystvo-territoriy/,true,true,internal,pass,
/ulichnaya-mebel/urny/stantsiya-razdelnogo-sbora/,/stroitelstvo-i-remonty/,/stroitelstvo-i-remonty/,true,true,internal,pass,
/ulichnaya-mebel/urny/stantsiya-razdelnogo-sbora/,/izgotovlenie-na-zakaz/,/izgotovlenie-na-zakaz/,true,true,internal,pass,
/ulichnaya-mebel/urny/stantsiya-razdelnogo-sbora/,/vypolnennye-obekty/,/vypolnennye-obekty/,true,true,internal,pass,
/ulichnaya-mebel/urny/stantsiya-razdelnogo-sbora/,/o-nas/,/o-nas/,true,true,internal,pass,
/ulichnaya-mebel/urny/stantsiya-razdelnogo-sbora/,/kontakty/,/kontakty/,true,true,internal,pass,
/ulichnaya-mebel/urny/stantsiya-razdelnogo-sbora/,/vakansii/,/vakansii/,true,true,internal,pass,
/ulichnaya-mebel/urny/stantsiya-razdelnogo-sbora/,/izgotovlenie-na-zakaz/,/izgotovlenie-na-zakaz/,true,true,internal,pass,
/ulichnaya-mebel/urny/stantsiya-razdelnogo-sbora/,/vypolnennye-obekty/,/vypolnennye-obekty/,true,true,internal,pass,
/ulichnaya-mebel/urny/stantsiya-razdelnogo-sbora/,/o-nas/,/o-nas/,true,true,internal,pass,
/ulichnaya-mebel/urny/stantsiya-razdelnogo-sbora/,/kontakty/,/kontakty/,true,true,internal,pass,
/ulichnaya-mebel/urny/stantsiya-razdelnogo-sbora/,/vakansii/,/vakansii/,true,true,internal,pass,
/ulichnaya-mebel/urny/stantsiya-razdelnogo-sbora/,#contact,/ulichnaya-mebel/urny/stantsiya-razdelnogo-sbora/,true,true,anchor,pass,
/ulichnaya-mebel/urny/stantsiya-razdelnogo-sbora/,tel:+79129735006,,true,true,tel,pass,
/ulichnaya-mebel/urny/stantsiya-razdelnogo-sbora/,tel:+79125799665,,true,true,tel,pass,
/ulichnaya-mebel/urny/stantsiya-razdelnogo-sbora/,https://t.me/smu1build,,true,true,external,pass,
/ulichnaya-mebel/urny/stantsiya-razdelnogo-sbora/,mailto:smu1.kurgan@yandex.ru,,true,true,mailto,pass,
/ulichnaya-mebel/urny/stantsiya-razdelnogo-sbora/,/politika-konfidencialnosti/,/politika-konfidencialnosti/,true,true,internal,pass,
/ulichnaya-mebel/urny/stantsiya-razdelnogo-sbora/,/politika-konfidencialnosti/,/politika-konfidencialnosti/,true,true,internal,pass,
/ulichnaya-mebel/stoly-i-komplekty/stol-so-skamyami-orbita/,#main-content,/ulichnaya-mebel/stoly-i-komplekty/stol-so-skamyami-orbita/,true,true,anchor,pass,
/ulichnaya-mebel/stoly-i-komplekty/stol-so-skamyami-orbita/,/,/,true,true,internal,pass,
/ulichnaya-mebel/stoly-i-komplekty/stol-so-skamyami-orbita/,/ulichnaya-mebel/,/ulichnaya-mebel/,true,true,internal,pass,
/ulichnaya-mebel/stoly-i-komplekty/stol-so-skamyami-orbita/,/ograzhdeniya-i-zabory/,/ograzhdeniya-i-zabory/,true,true,internal,pass,
/ulichnaya-mebel/stoly-i-komplekty/stol-so-skamyami-orbita/,/navesy-i-kozyrki/,/navesy-i-kozyrki/,true,true,internal,pass,
/ulichnaya-mebel/stoly-i-komplekty/stol-so-skamyami-orbita/,/topiarii/,/topiarii/,true,true,internal,pass,
/ulichnaya-mebel/stoly-i-komplekty/stol-so-skamyami-orbita/,/izgotovlenie-na-zakaz/,/izgotovlenie-na-zakaz/,true,true,internal,pass,
/ulichnaya-mebel/stoly-i-komplekty/stol-so-skamyami-orbita/,/metallokonstruktsii-dlya-biznesa/,/metallokonstruktsii-dlya-biznesa/,true,true,internal,pass,
/ulichnaya-mebel/stoly-i-komplekty/stol-so-skamyami-orbita/,/blagoustroystvo-territoriy/,/blagoustroystvo-territoriy/,true,true,internal,pass,
/ulichnaya-mebel/stoly-i-komplekty/stol-so-skamyami-orbita/,/stroitelstvo-i-remonty/,/stroitelstvo-i-remonty/,true,true,internal,pass,
/ulichnaya-mebel/stoly-i-komplekty/stol-so-skamyami-orbita/,/vypolnennye-obekty/,/vypolnennye-obekty/,true,true,internal,pass,
/ulichnaya-mebel/stoly-i-komplekty/stol-so-skamyami-orbita/,/o-nas/,/o-nas/,true,true,internal,pass,
/ulichnaya-mebel/stoly-i-komplekty/stol-so-skamyami-orbita/,/kontakty/,/kontakty/,true,true,internal,pass,
/ulichnaya-mebel/stoly-i-komplekty/stol-so-skamyami-orbita/,/vakansii/,/vakansii/,true,true,internal,pass,
/ulichnaya-mebel/stoly-i-komplekty/stol-so-skamyami-orbita/,tel:+79129735006,,true,true,tel,pass,
/ulichnaya-mebel/stoly-i-komplekty/stol-so-skamyami-orbita/,https://t.me/smu1build,,true,true,external,pass,
/ulichnaya-mebel/stoly-i-komplekty/stol-so-skamyami-orbita/,#contact,/ulichnaya-mebel/stoly-i-komplekty/stol-so-skamyami-orbita/,true,true,anchor,pass,
/ulichnaya-mebel/stoly-i-komplekty/stol-so-skamyami-orbita/,/,/,true,true,internal,pass,
/ulichnaya-mebel/stoly-i-komplekty/stol-so-skamyami-orbita/,#contact,/ulichnaya-mebel/stoly-i-komplekty/stol-so-skamyami-orbita/,true,true,anchor,pass,
/ulichnaya-mebel/stoly-i-komplekty/stol-so-skamyami-orbita/,/ulichnaya-mebel/,/ulichnaya-mebel/,true,true,internal,pass,
/ulichnaya-mebel/stoly-i-komplekty/stol-so-skamyami-orbita/,/ograzhdeniya-i-zabory/,/ograzhdeniya-i-zabory/,true,true,internal,pass,
/ulichnaya-mebel/stoly-i-komplekty/stol-so-skamyami-orbita/,/navesy-i-kozyrki/,/navesy-i-kozyrki/,true,true,internal,pass,
/ulichnaya-mebel/stoly-i-komplekty/stol-so-skamyami-orbita/,/topiarii/,/topiarii/,true,true,internal,pass,
/ulichnaya-mebel/stoly-i-komplekty/stol-so-skamyami-orbita/,/metallokonstruktsii-dlya-biznesa/,/metallokonstruktsii-dlya-biznesa/,true,true,internal,pass,
/ulichnaya-mebel/stoly-i-komplekty/stol-so-skamyami-orbita/,/blagoustroystvo-territoriy/,/blagoustroystvo-territoriy/,true,true,internal,pass,
/ulichnaya-mebel/stoly-i-komplekty/stol-so-skamyami-orbita/,/stroitelstvo-i-remonty/,/stroitelstvo-i-remonty/,true,true,internal,pass,
/ulichnaya-mebel/stoly-i-komplekty/stol-so-skamyami-orbita/,/izgotovlenie-na-zakaz/,/izgotovlenie-na-zakaz/,true,true,internal,pass,
/ulichnaya-mebel/stoly-i-komplekty/stol-so-skamyami-orbita/,/vypolnennye-obekty/,/vypolnennye-obekty/,true,true,internal,pass,
/ulichnaya-mebel/stoly-i-komplekty/stol-so-skamyami-orbita/,/o-nas/,/o-nas/,true,true,internal,pass,
/ulichnaya-mebel/stoly-i-komplekty/stol-so-skamyami-orbita/,/kontakty/,/kontakty/,true,true,internal,pass,
/ulichnaya-mebel/stoly-i-komplekty/stol-so-skamyami-orbita/,/vakansii/,/vakansii/,true,true,internal,pass,
/ulichnaya-mebel/stoly-i-komplekty/stol-so-skamyami-orbita/,tel:+79129735006,,true,true,tel,pass,
/ulichnaya-mebel/stoly-i-komplekty/stol-so-skamyami-orbita/,tel:+79125799665,,true,true,tel,pass,
/ulichnaya-mebel/stoly-i-komplekty/stol-so-skamyami-orbita/,https://t.me/smu1build,,true,true,external,pass,
/ulichnaya-mebel/stoly-i-komplekty/stol-so-skamyami-orbita/,mailto:smu1.kurgan@yandex.ru,,true,true,mailto,pass,
/ulichnaya-mebel/stoly-i-komplekty/stol-so-skamyami-orbita/,/,/,true,true,internal,pass,
/ulichnaya-mebel/stoly-i-komplekty/stol-so-skamyami-orbita/,/ulichnaya-mebel/,/ulichnaya-mebel/,true,true,internal,pass,
/ulichnaya-mebel/stoly-i-komplekty/stol-so-skamyami-orbita/,/ulichnaya-mebel/stoly-i-komplekty/,/ulichnaya-mebel/stoly-i-komplekty/,true,true,internal,pass,
/ulichnaya-mebel/stoly-i-komplekty/stol-so-skamyami-orbita/,#contact,/ulichnaya-mebel/stoly-i-komplekty/stol-so-skamyami-orbita/,true,true,anchor,pass,
/ulichnaya-mebel/stoly-i-komplekty/stol-so-skamyami-orbita/,https://t.me/smu1build,,true,true,external,pass,
/ulichnaya-mebel/stoly-i-komplekty/stol-so-skamyami-orbita/,#contact,/ulichnaya-mebel/stoly-i-komplekty/stol-so-skamyami-orbita/,true,true,anchor,pass,
/ulichnaya-mebel/stoly-i-komplekty/stol-so-skamyami-orbita/,https://t.me/smu1build,,true,true,external,pass,
/ulichnaya-mebel/stoly-i-komplekty/stol-so-skamyami-orbita/,/izgotovlenie-na-zakaz/,/izgotovlenie-na-zakaz/,true,true,internal,pass,
/ulichnaya-mebel/stoly-i-komplekty/stol-so-skamyami-orbita/,tel:+79129735006,,true,true,tel,pass,
/ulichnaya-mebel/stoly-i-komplekty/stol-so-skamyami-orbita/,https://t.me/smu1build,,true,true,external,pass,
/ulichnaya-mebel/stoly-i-komplekty/stol-so-skamyami-orbita/,mailto:smu1.kurgan@yandex.ru,,true,true,mailto,pass,
/ulichnaya-mebel/stoly-i-komplekty/stol-so-skamyami-orbita/,/kontakty/,/kontakty/,true,true,internal,pass,
/ulichnaya-mebel/stoly-i-komplekty/stol-so-skamyami-orbita/,/,/,true,true,internal,pass,
/ulichnaya-mebel/stoly-i-komplekty/stol-so-skamyami-orbita/,/ulichnaya-mebel/,/ulichnaya-mebel/,true,true,internal,pass,
/ulichnaya-mebel/stoly-i-komplekty/stol-so-skamyami-orbita/,/ograzhdeniya-i-zabory/,/ograzhdeniya-i-zabory/,true,true,internal,pass,
/ulichnaya-mebel/stoly-i-komplekty/stol-so-skamyami-orbita/,/navesy-i-kozyrki/,/navesy-i-kozyrki/,true,true,internal,pass,
/ulichnaya-mebel/stoly-i-komplekty/stol-so-skamyami-orbita/,/metallokonstruktsii-dlya-biznesa/,/metallokonstruktsii-dlya-biznesa/,true,true,internal,pass,
/ulichnaya-mebel/stoly-i-komplekty/stol-so-skamyami-orbita/,/topiarii/,/topiarii/,true,true,internal,pass,
/ulichnaya-mebel/stoly-i-komplekty/stol-so-skamyami-orbita/,/blagoustroystvo-territoriy/,/blagoustroystvo-territoriy/,true,true,internal,pass,
/ulichnaya-mebel/stoly-i-komplekty/stol-so-skamyami-orbita/,/stroitelstvo-i-remonty/,/stroitelstvo-i-remonty/,true,true,internal,pass,
/ulichnaya-mebel/stoly-i-komplekty/stol-so-skamyami-orbita/,/ulichnaya-mebel/,/ulichnaya-mebel/,true,true,internal,pass,
/ulichnaya-mebel/stoly-i-komplekty/stol-so-skamyami-orbita/,/ograzhdeniya-i-zabory/,/ograzhdeniya-i-zabory/,true,true,internal,pass,
/ulichnaya-mebel/stoly-i-komplekty/stol-so-skamyami-orbita/,/navesy-i-kozyrki/,/navesy-i-kozyrki/,true,true,internal,pass,
/ulichnaya-mebel/stoly-i-komplekty/stol-so-skamyami-orbita/,/metallokonstruktsii-dlya-biznesa/,/metallokonstruktsii-dlya-biznesa/,true,true,internal,pass,
/ulichnaya-mebel/stoly-i-komplekty/stol-so-skamyami-orbita/,/topiarii/,/topiarii/,true,true,internal,pass,
/ulichnaya-mebel/stoly-i-komplekty/stol-so-skamyami-orbita/,/blagoustroystvo-territoriy/,/blagoustroystvo-territoriy/,true,true,internal,pass,
/ulichnaya-mebel/stoly-i-komplekty/stol-so-skamyami-orbita/,/stroitelstvo-i-remonty/,/stroitelstvo-i-remonty/,true,true,internal,pass,
/ulichnaya-mebel/stoly-i-komplekty/stol-so-skamyami-orbita/,/izgotovlenie-na-zakaz/,/izgotovlenie-na-zakaz/,true,true,internal,pass,
/ulichnaya-mebel/stoly-i-komplekty/stol-so-skamyami-orbita/,/vypolnennye-obekty/,/vypolnennye-obekty/,true,true,internal,pass,
/ulichnaya-mebel/stoly-i-komplekty/stol-so-skamyami-orbita/,/o-nas/,/o-nas/,true,true,internal,pass,
/ulichnaya-mebel/stoly-i-komplekty/stol-so-skamyami-orbita/,/kontakty/,/kontakty/,true,true,internal,pass,
/ulichnaya-mebel/stoly-i-komplekty/stol-so-skamyami-orbita/,/vakansii/,/vakansii/,true,true,internal,pass,
/ulichnaya-mebel/stoly-i-komplekty/stol-so-skamyami-orbita/,/izgotovlenie-na-zakaz/,/izgotovlenie-na-zakaz/,true,true,internal,pass,
/ulichnaya-mebel/stoly-i-komplekty/stol-so-skamyami-orbita/,/vypolnennye-obekty/,/vypolnennye-obekty/,true,true,internal,pass,
/ulichnaya-mebel/stoly-i-komplekty/stol-so-skamyami-orbita/,/o-nas/,/o-nas/,true,true,internal,pass,
/ulichnaya-mebel/stoly-i-komplekty/stol-so-skamyami-orbita/,/kontakty/,/kontakty/,true,true,internal,pass,
/ulichnaya-mebel/stoly-i-komplekty/stol-so-skamyami-orbita/,/vakansii/,/vakansii/,true,true,internal,pass,
/ulichnaya-mebel/stoly-i-komplekty/stol-so-skamyami-orbita/,#contact,/ulichnaya-mebel/stoly-i-komplekty/stol-so-skamyami-orbita/,true,true,anchor,pass,
/ulichnaya-mebel/stoly-i-komplekty/stol-so-skamyami-orbita/,tel:+79129735006,,true,true,tel,pass,
/ulichnaya-mebel/stoly-i-komplekty/stol-so-skamyami-orbita/,tel:+79125799665,,true,true,tel,pass,
/ulichnaya-mebel/stoly-i-komplekty/stol-so-skamyami-orbita/,https://t.me/smu1build,,true,true,external,pass,
/ulichnaya-mebel/stoly-i-komplekty/stol-so-skamyami-orbita/,mailto:smu1.kurgan@yandex.ru,,true,true,mailto,pass,
/ulichnaya-mebel/stoly-i-komplekty/stol-so-skamyami-orbita/,/politika-konfidencialnosti/,/politika-konfidencialnosti/,true,true,internal,pass,
/ulichnaya-mebel/stoly-i-komplekty/stol-so-skamyami-orbita/,/politika-konfidencialnosti/,/politika-konfidencialnosti/,true,true,internal,pass,
/ulichnaya-mebel/urny/urna-blok/,#main-content,/ulichnaya-mebel/urny/urna-blok/,true,true,anchor,pass,
/ulichnaya-mebel/urny/urna-blok/,/,/,true,true,internal,pass,
/ulichnaya-mebel/urny/urna-blok/,/ulichnaya-mebel/,/ulichnaya-mebel/,true,true,internal,pass,
/ulichnaya-mebel/urny/urna-blok/,/ograzhdeniya-i-zabory/,/ograzhdeniya-i-zabory/,true,true,internal,pass,
/ulichnaya-mebel/urny/urna-blok/,/navesy-i-kozyrki/,/navesy-i-kozyrki/,true,true,internal,pass,
/ulichnaya-mebel/urny/urna-blok/,/topiarii/,/topiarii/,true,true,internal,pass,
/ulichnaya-mebel/urny/urna-blok/,/izgotovlenie-na-zakaz/,/izgotovlenie-na-zakaz/,true,true,internal,pass,
/ulichnaya-mebel/urny/urna-blok/,/metallokonstruktsii-dlya-biznesa/,/metallokonstruktsii-dlya-biznesa/,true,true,internal,pass,
/ulichnaya-mebel/urny/urna-blok/,/blagoustroystvo-territoriy/,/blagoustroystvo-territoriy/,true,true,internal,pass,
/ulichnaya-mebel/urny/urna-blok/,/stroitelstvo-i-remonty/,/stroitelstvo-i-remonty/,true,true,internal,pass,
/ulichnaya-mebel/urny/urna-blok/,/vypolnennye-obekty/,/vypolnennye-obekty/,true,true,internal,pass,
/ulichnaya-mebel/urny/urna-blok/,/o-nas/,/o-nas/,true,true,internal,pass,
/ulichnaya-mebel/urny/urna-blok/,/kontakty/,/kontakty/,true,true,internal,pass,
/ulichnaya-mebel/urny/urna-blok/,/vakansii/,/vakansii/,true,true,internal,pass,
/ulichnaya-mebel/urny/urna-blok/,tel:+79129735006,,true,true,tel,pass,
/ulichnaya-mebel/urny/urna-blok/,https://t.me/smu1build,,true,true,external,pass,
/ulichnaya-mebel/urny/urna-blok/,#contact,/ulichnaya-mebel/urny/urna-blok/,true,true,anchor,pass,
/ulichnaya-mebel/urny/urna-blok/,/,/,true,true,internal,pass,
/ulichnaya-mebel/urny/urna-blok/,#contact,/ulichnaya-mebel/urny/urna-blok/,true,true,anchor,pass,
/ulichnaya-mebel/urny/urna-blok/,/ulichnaya-mebel/,/ulichnaya-mebel/,true,true,internal,pass,
/ulichnaya-mebel/urny/urna-blok/,/ograzhdeniya-i-zabory/,/ograzhdeniya-i-zabory/,true,true,internal,pass,
/ulichnaya-mebel/urny/urna-blok/,/navesy-i-kozyrki/,/navesy-i-kozyrki/,true,true,internal,pass,
/ulichnaya-mebel/urny/urna-blok/,/topiarii/,/topiarii/,true,true,internal,pass,
/ulichnaya-mebel/urny/urna-blok/,/metallokonstruktsii-dlya-biznesa/,/metallokonstruktsii-dlya-biznesa/,true,true,internal,pass,
/ulichnaya-mebel/urny/urna-blok/,/blagoustroystvo-territoriy/,/blagoustroystvo-territoriy/,true,true,internal,pass,
/ulichnaya-mebel/urny/urna-blok/,/stroitelstvo-i-remonty/,/stroitelstvo-i-remonty/,true,true,internal,pass,
/ulichnaya-mebel/urny/urna-blok/,/izgotovlenie-na-zakaz/,/izgotovlenie-na-zakaz/,true,true,internal,pass,
/ulichnaya-mebel/urny/urna-blok/,/vypolnennye-obekty/,/vypolnennye-obekty/,true,true,internal,pass,
/ulichnaya-mebel/urny/urna-blok/,/o-nas/,/o-nas/,true,true,internal,pass,
/ulichnaya-mebel/urny/urna-blok/,/kontakty/,/kontakty/,true,true,internal,pass,
/ulichnaya-mebel/urny/urna-blok/,/vakansii/,/vakansii/,true,true,internal,pass,
/ulichnaya-mebel/urny/urna-blok/,tel:+79129735006,,true,true,tel,pass,
/ulichnaya-mebel/urny/urna-blok/,tel:+79125799665,,true,true,tel,pass,
/ulichnaya-mebel/urny/urna-blok/,https://t.me/smu1build,,true,true,external,pass,
/ulichnaya-mebel/urny/urna-blok/,mailto:smu1.kurgan@yandex.ru,,true,true,mailto,pass,
/ulichnaya-mebel/urny/urna-blok/,/,/,true,true,internal,pass,
/ulichnaya-mebel/urny/urna-blok/,/ulichnaya-mebel/,/ulichnaya-mebel/,true,true,internal,pass,
/ulichnaya-mebel/urny/urna-blok/,/ulichnaya-mebel/urny/,/ulichnaya-mebel/urny/,true,true,internal,pass,
/ulichnaya-mebel/urny/urna-blok/,#contact,/ulichnaya-mebel/urny/urna-blok/,true,true,anchor,pass,
/ulichnaya-mebel/urny/urna-blok/,https://t.me/smu1build,,true,true,external,pass,
/ulichnaya-mebel/urny/urna-blok/,#contact,/ulichnaya-mebel/urny/urna-blok/,true,true,anchor,pass,
/ulichnaya-mebel/urny/urna-blok/,/ulichnaya-mebel/urny/,/ulichnaya-mebel/urny/,true,true,internal,pass,
/ulichnaya-mebel/urny/urna-blok/,/ulichnaya-mebel/urny/urna-vertikal/,/ulichnaya-mebel/urny/urna-vertikal/,true,true,internal,pass,
/ulichnaya-mebel/urny/urna-blok/,/ulichnaya-mebel/urny/urna-monolit/,/ulichnaya-mebel/urny/urna-monolit/,true,true,internal,pass,
/ulichnaya-mebel/urny/urna-blok/,/ulichnaya-mebel/urny/urna-panel/,/ulichnaya-mebel/urny/urna-panel/,true,true,internal,pass,
/ulichnaya-mebel/urny/urna-blok/,/ulichnaya-mebel/urny/urna-kolonna/,/ulichnaya-mebel/urny/urna-kolonna/,true,true,internal,pass,
/ulichnaya-mebel/urny/urna-blok/,https://t.me/smu1build,,true,true,external,pass,
/ulichnaya-mebel/urny/urna-blok/,/izgotovlenie-na-zakaz/,/izgotovlenie-na-zakaz/,true,true,internal,pass,
/ulichnaya-mebel/urny/urna-blok/,tel:+79129735006,,true,true,tel,pass,
/ulichnaya-mebel/urny/urna-blok/,https://t.me/smu1build,,true,true,external,pass,
/ulichnaya-mebel/urny/urna-blok/,mailto:smu1.kurgan@yandex.ru,,true,true,mailto,pass,
/ulichnaya-mebel/urny/urna-blok/,/kontakty/,/kontakty/,true,true,internal,pass,
/ulichnaya-mebel/urny/urna-blok/,/,/,true,true,internal,pass,
/ulichnaya-mebel/urny/urna-blok/,/ulichnaya-mebel/,/ulichnaya-mebel/,true,true,internal,pass,
/ulichnaya-mebel/urny/urna-blok/,/ograzhdeniya-i-zabory/,/ograzhdeniya-i-zabory/,true,true,internal,pass,
/ulichnaya-mebel/urny/urna-blok/,/navesy-i-kozyrki/,/navesy-i-kozyrki/,true,true,internal,pass,
/ulichnaya-mebel/urny/urna-blok/,/metallokonstruktsii-dlya-biznesa/,/metallokonstruktsii-dlya-biznesa/,true,true,internal,pass,
/ulichnaya-mebel/urny/urna-blok/,/topiarii/,/topiarii/,true,true,internal,pass,
/ulichnaya-mebel/urny/urna-blok/,/blagoustroystvo-territoriy/,/blagoustroystvo-territoriy/,true,true,internal,pass,
/ulichnaya-mebel/urny/urna-blok/,/stroitelstvo-i-remonty/,/stroitelstvo-i-remonty/,true,true,internal,pass,
/ulichnaya-mebel/urny/urna-blok/,/ulichnaya-mebel/,/ulichnaya-mebel/,true,true,internal,pass,
/ulichnaya-mebel/urny/urna-blok/,/ograzhdeniya-i-zabory/,/ograzhdeniya-i-zabory/,true,true,internal,pass,
/ulichnaya-mebel/urny/urna-blok/,/navesy-i-kozyrki/,/navesy-i-kozyrki/,true,true,internal,pass,
/ulichnaya-mebel/urny/urna-blok/,/metallokonstruktsii-dlya-biznesa/,/metallokonstruktsii-dlya-biznesa/,true,true,internal,pass,
/ulichnaya-mebel/urny/urna-blok/,/topiarii/,/topiarii/,true,true,internal,pass,
/ulichnaya-mebel/urny/urna-blok/,/blagoustroystvo-territoriy/,/blagoustroystvo-territoriy/,true,true,internal,pass,
/ulichnaya-mebel/urny/urna-blok/,/stroitelstvo-i-remonty/,/stroitelstvo-i-remonty/,true,true,internal,pass,
/ulichnaya-mebel/urny/urna-blok/,/izgotovlenie-na-zakaz/,/izgotovlenie-na-zakaz/,true,true,internal,pass,
/ulichnaya-mebel/urny/urna-blok/,/vypolnennye-obekty/,/vypolnennye-obekty/,true,true,internal,pass,
/ulichnaya-mebel/urny/urna-blok/,/o-nas/,/o-nas/,true,true,internal,pass,
/ulichnaya-mebel/urny/urna-blok/,/kontakty/,/kontakty/,true,true,internal,pass,
/ulichnaya-mebel/urny/urna-blok/,/vakansii/,/vakansii/,true,true,internal,pass,
/ulichnaya-mebel/urny/urna-blok/,/izgotovlenie-na-zakaz/,/izgotovlenie-na-zakaz/,true,true,internal,pass,
/ulichnaya-mebel/urny/urna-blok/,/vypolnennye-obekty/,/vypolnennye-obekty/,true,true,internal,pass,
/ulichnaya-mebel/urny/urna-blok/,/o-nas/,/o-nas/,true,true,internal,pass,
/ulichnaya-mebel/urny/urna-blok/,/kontakty/,/kontakty/,true,true,internal,pass,
/ulichnaya-mebel/urny/urna-blok/,/vakansii/,/vakansii/,true,true,internal,pass,
/ulichnaya-mebel/urny/urna-blok/,#contact,/ulichnaya-mebel/urny/urna-blok/,true,true,anchor,pass,
/ulichnaya-mebel/urny/urna-blok/,tel:+79129735006,,true,true,tel,pass,
/ulichnaya-mebel/urny/urna-blok/,tel:+79125799665,,true,true,tel,pass,
/ulichnaya-mebel/urny/urna-blok/,https://t.me/smu1build,,true,true,external,pass,
/ulichnaya-mebel/urny/urna-blok/,mailto:smu1.kurgan@yandex.ru,,true,true,mailto,pass,
/ulichnaya-mebel/urny/urna-blok/,/politika-konfidencialnosti/,/politika-konfidencialnosti/,true,true,internal,pass,
/ulichnaya-mebel/urny/urna-blok/,/politika-konfidencialnosti/,/politika-konfidencialnosti/,true,true,internal,pass,
/ulichnaya-mebel/urny/urna-ellips/,#main-content,/ulichnaya-mebel/urny/urna-ellips/,true,true,anchor,pass,
/ulichnaya-mebel/urny/urna-ellips/,/,/,true,true,internal,pass,
/ulichnaya-mebel/urny/urna-ellips/,/ulichnaya-mebel/,/ulichnaya-mebel/,true,true,internal,pass,
/ulichnaya-mebel/urny/urna-ellips/,/ograzhdeniya-i-zabory/,/ograzhdeniya-i-zabory/,true,true,internal,pass,
/ulichnaya-mebel/urny/urna-ellips/,/navesy-i-kozyrki/,/navesy-i-kozyrki/,true,true,internal,pass,
/ulichnaya-mebel/urny/urna-ellips/,/topiarii/,/topiarii/,true,true,internal,pass,
/ulichnaya-mebel/urny/urna-ellips/,/izgotovlenie-na-zakaz/,/izgotovlenie-na-zakaz/,true,true,internal,pass,
/ulichnaya-mebel/urny/urna-ellips/,/metallokonstruktsii-dlya-biznesa/,/metallokonstruktsii-dlya-biznesa/,true,true,internal,pass,
/ulichnaya-mebel/urny/urna-ellips/,/blagoustroystvo-territoriy/,/blagoustroystvo-territoriy/,true,true,internal,pass,
/ulichnaya-mebel/urny/urna-ellips/,/stroitelstvo-i-remonty/,/stroitelstvo-i-remonty/,true,true,internal,pass,
/ulichnaya-mebel/urny/urna-ellips/,/vypolnennye-obekty/,/vypolnennye-obekty/,true,true,internal,pass,
/ulichnaya-mebel/urny/urna-ellips/,/o-nas/,/o-nas/,true,true,internal,pass,
/ulichnaya-mebel/urny/urna-ellips/,/kontakty/,/kontakty/,true,true,internal,pass,
/ulichnaya-mebel/urny/urna-ellips/,/vakansii/,/vakansii/,true,true,internal,pass,
/ulichnaya-mebel/urny/urna-ellips/,tel:+79129735006,,true,true,tel,pass,
/ulichnaya-mebel/urny/urna-ellips/,https://t.me/smu1build,,true,true,external,pass,
/ulichnaya-mebel/urny/urna-ellips/,#contact,/ulichnaya-mebel/urny/urna-ellips/,true,true,anchor,pass,
/ulichnaya-mebel/urny/urna-ellips/,/,/,true,true,internal,pass,
/ulichnaya-mebel/urny/urna-ellips/,#contact,/ulichnaya-mebel/urny/urna-ellips/,true,true,anchor,pass,
/ulichnaya-mebel/urny/urna-ellips/,/ulichnaya-mebel/,/ulichnaya-mebel/,true,true,internal,pass,
/ulichnaya-mebel/urny/urna-ellips/,/ograzhdeniya-i-zabory/,/ograzhdeniya-i-zabory/,true,true,internal,pass,
/ulichnaya-mebel/urny/urna-ellips/,/navesy-i-kozyrki/,/navesy-i-kozyrki/,true,true,internal,pass,
/ulichnaya-mebel/urny/urna-ellips/,/topiarii/,/topiarii/,true,true,internal,pass,
/ulichnaya-mebel/urny/urna-ellips/,/metallokonstruktsii-dlya-biznesa/,/metallokonstruktsii-dlya-biznesa/,true,true,internal,pass,
/ulichnaya-mebel/urny/urna-ellips/,/blagoustroystvo-territoriy/,/blagoustroystvo-territoriy/,true,true,internal,pass,
/ulichnaya-mebel/urny/urna-ellips/,/stroitelstvo-i-remonty/,/stroitelstvo-i-remonty/,true,true,internal,pass,
/ulichnaya-mebel/urny/urna-ellips/,/izgotovlenie-na-zakaz/,/izgotovlenie-na-zakaz/,true,true,internal,pass,
/ulichnaya-mebel/urny/urna-ellips/,/vypolnennye-obekty/,/vypolnennye-obekty/,true,true,internal,pass,
/ulichnaya-mebel/urny/urna-ellips/,/o-nas/,/o-nas/,true,true,internal,pass,
/ulichnaya-mebel/urny/urna-ellips/,/kontakty/,/kontakty/,true,true,internal,pass,
/ulichnaya-mebel/urny/urna-ellips/,/vakansii/,/vakansii/,true,true,internal,pass,
/ulichnaya-mebel/urny/urna-ellips/,tel:+79129735006,,true,true,tel,pass,
/ulichnaya-mebel/urny/urna-ellips/,tel:+79125799665,,true,true,tel,pass,
/ulichnaya-mebel/urny/urna-ellips/,https://t.me/smu1build,,true,true,external,pass,
/ulichnaya-mebel/urny/urna-ellips/,mailto:smu1.kurgan@yandex.ru,,true,true,mailto,pass,
/ulichnaya-mebel/urny/urna-ellips/,/,/,true,true,internal,pass,
/ulichnaya-mebel/urny/urna-ellips/,/ulichnaya-mebel/,/ulichnaya-mebel/,true,true,internal,pass,
/ulichnaya-mebel/urny/urna-ellips/,/ulichnaya-mebel/urny/,/ulichnaya-mebel/urny/,true,true,internal,pass,
/ulichnaya-mebel/urny/urna-ellips/,#contact,/ulichnaya-mebel/urny/urna-ellips/,true,true,anchor,pass,
/ulichnaya-mebel/urny/urna-ellips/,https://t.me/smu1build,,true,true,external,pass,
/ulichnaya-mebel/urny/urna-ellips/,#contact,/ulichnaya-mebel/urny/urna-ellips/,true,true,anchor,pass,
/ulichnaya-mebel/urny/urna-ellips/,/ulichnaya-mebel/urny/,/ulichnaya-mebel/urny/,true,true,internal,pass,
/ulichnaya-mebel/urny/urna-ellips/,/ulichnaya-mebel/urny/urna-vertikal/,/ulichnaya-mebel/urny/urna-vertikal/,true,true,internal,pass,
/ulichnaya-mebel/urny/urna-ellips/,/ulichnaya-mebel/urny/urna-monolit/,/ulichnaya-mebel/urny/urna-monolit/,true,true,internal,pass,
/ulichnaya-mebel/urny/urna-ellips/,/ulichnaya-mebel/urny/urna-panel/,/ulichnaya-mebel/urny/urna-panel/,true,true,internal,pass,
/ulichnaya-mebel/urny/urna-ellips/,/ulichnaya-mebel/urny/urna-blok/,/ulichnaya-mebel/urny/urna-blok/,true,true,internal,pass,
/ulichnaya-mebel/urny/urna-ellips/,https://t.me/smu1build,,true,true,external,pass,
/ulichnaya-mebel/urny/urna-ellips/,/izgotovlenie-na-zakaz/,/izgotovlenie-na-zakaz/,true,true,internal,pass,
/ulichnaya-mebel/urny/urna-ellips/,tel:+79129735006,,true,true,tel,pass,
/ulichnaya-mebel/urny/urna-ellips/,https://t.me/smu1build,,true,true,external,pass,
/ulichnaya-mebel/urny/urna-ellips/,mailto:smu1.kurgan@yandex.ru,,true,true,mailto,pass,
/ulichnaya-mebel/urny/urna-ellips/,/kontakty/,/kontakty/,true,true,internal,pass,
/ulichnaya-mebel/urny/urna-ellips/,/,/,true,true,internal,pass,
/ulichnaya-mebel/urny/urna-ellips/,/ulichnaya-mebel/,/ulichnaya-mebel/,true,true,internal,pass,
/ulichnaya-mebel/urny/urna-ellips/,/ograzhdeniya-i-zabory/,/ograzhdeniya-i-zabory/,true,true,internal,pass,
/ulichnaya-mebel/urny/urna-ellips/,/navesy-i-kozyrki/,/navesy-i-kozyrki/,true,true,internal,pass,
/ulichnaya-mebel/urny/urna-ellips/,/metallokonstruktsii-dlya-biznesa/,/metallokonstruktsii-dlya-biznesa/,true,true,internal,pass,
/ulichnaya-mebel/urny/urna-ellips/,/topiarii/,/topiarii/,true,true,internal,pass,
/ulichnaya-mebel/urny/urna-ellips/,/blagoustroystvo-territoriy/,/blagoustroystvo-territoriy/,true,true,internal,pass,
/ulichnaya-mebel/urny/urna-ellips/,/stroitelstvo-i-remonty/,/stroitelstvo-i-remonty/,true,true,internal,pass,
/ulichnaya-mebel/urny/urna-ellips/,/ulichnaya-mebel/,/ulichnaya-mebel/,true,true,internal,pass,
/ulichnaya-mebel/urny/urna-ellips/,/ograzhdeniya-i-zabory/,/ograzhdeniya-i-zabory/,true,true,internal,pass,
/ulichnaya-mebel/urny/urna-ellips/,/navesy-i-kozyrki/,/navesy-i-kozyrki/,true,true,internal,pass,
/ulichnaya-mebel/urny/urna-ellips/,/metallokonstruktsii-dlya-biznesa/,/metallokonstruktsii-dlya-biznesa/,true,true,internal,pass,
/ulichnaya-mebel/urny/urna-ellips/,/topiarii/,/topiarii/,true,true,internal,pass,
/ulichnaya-mebel/urny/urna-ellips/,/blagoustroystvo-territoriy/,/blagoustroystvo-territoriy/,true,true,internal,pass,
/ulichnaya-mebel/urny/urna-ellips/,/stroitelstvo-i-remonty/,/stroitelstvo-i-remonty/,true,true,internal,pass,
/ulichnaya-mebel/urny/urna-ellips/,/izgotovlenie-na-zakaz/,/izgotovlenie-na-zakaz/,true,true,internal,pass,
/ulichnaya-mebel/urny/urna-ellips/,/vypolnennye-obekty/,/vypolnennye-obekty/,true,true,internal,pass,
/ulichnaya-mebel/urny/urna-ellips/,/o-nas/,/o-nas/,true,true,internal,pass,
/ulichnaya-mebel/urny/urna-ellips/,/kontakty/,/kontakty/,true,true,internal,pass,
/ulichnaya-mebel/urny/urna-ellips/,/vakansii/,/vakansii/,true,true,internal,pass,
/ulichnaya-mebel/urny/urna-ellips/,/izgotovlenie-na-zakaz/,/izgotovlenie-na-zakaz/,true,true,internal,pass,
/ulichnaya-mebel/urny/urna-ellips/,/vypolnennye-obekty/,/vypolnennye-obekty/,true,true,internal,pass,
/ulichnaya-mebel/urny/urna-ellips/,/o-nas/,/o-nas/,true,true,internal,pass,
/ulichnaya-mebel/urny/urna-ellips/,/kontakty/,/kontakty/,true,true,internal,pass,
/ulichnaya-mebel/urny/urna-ellips/,/vakansii/,/vakansii/,true,true,internal,pass,
/ulichnaya-mebel/urny/urna-ellips/,#contact,/ulichnaya-mebel/urny/urna-ellips/,true,true,anchor,pass,
/ulichnaya-mebel/urny/urna-ellips/,tel:+79129735006,,true,true,tel,pass,
/ulichnaya-mebel/urny/urna-ellips/,tel:+79125799665,,true,true,tel,pass,
/ulichnaya-mebel/urny/urna-ellips/,https://t.me/smu1build,,true,true,external,pass,
/ulichnaya-mebel/urny/urna-ellips/,mailto:smu1.kurgan@yandex.ru,,true,true,mailto,pass,
/ulichnaya-mebel/urny/urna-ellips/,/politika-konfidencialnosti/,/politika-konfidencialnosti/,true,true,internal,pass,
/ulichnaya-mebel/urny/urna-ellips/,/politika-konfidencialnosti/,/politika-konfidencialnosti/,true,true,internal,pass,
/ulichnaya-mebel/urny/urna-kolonna/,#main-content,/ulichnaya-mebel/urny/urna-kolonna/,true,true,anchor,pass,
/ulichnaya-mebel/urny/urna-kolonna/,/,/,true,true,internal,pass,
/ulichnaya-mebel/urny/urna-kolonna/,/ulichnaya-mebel/,/ulichnaya-mebel/,true,true,internal,pass,
/ulichnaya-mebel/urny/urna-kolonna/,/ograzhdeniya-i-zabory/,/ograzhdeniya-i-zabory/,true,true,internal,pass,
/ulichnaya-mebel/urny/urna-kolonna/,/navesy-i-kozyrki/,/navesy-i-kozyrki/,true,true,internal,pass,
/ulichnaya-mebel/urny/urna-kolonna/,/topiarii/,/topiarii/,true,true,internal,pass,
/ulichnaya-mebel/urny/urna-kolonna/,/izgotovlenie-na-zakaz/,/izgotovlenie-na-zakaz/,true,true,internal,pass,
/ulichnaya-mebel/urny/urna-kolonna/,/metallokonstruktsii-dlya-biznesa/,/metallokonstruktsii-dlya-biznesa/,true,true,internal,pass,
/ulichnaya-mebel/urny/urna-kolonna/,/blagoustroystvo-territoriy/,/blagoustroystvo-territoriy/,true,true,internal,pass,
/ulichnaya-mebel/urny/urna-kolonna/,/stroitelstvo-i-remonty/,/stroitelstvo-i-remonty/,true,true,internal,pass,
/ulichnaya-mebel/urny/urna-kolonna/,/vypolnennye-obekty/,/vypolnennye-obekty/,true,true,internal,pass,
/ulichnaya-mebel/urny/urna-kolonna/,/o-nas/,/o-nas/,true,true,internal,pass,
/ulichnaya-mebel/urny/urna-kolonna/,/kontakty/,/kontakty/,true,true,internal,pass,
/ulichnaya-mebel/urny/urna-kolonna/,/vakansii/,/vakansii/,true,true,internal,pass,
/ulichnaya-mebel/urny/urna-kolonna/,tel:+79129735006,,true,true,tel,pass,
/ulichnaya-mebel/urny/urna-kolonna/,https://t.me/smu1build,,true,true,external,pass,
/ulichnaya-mebel/urny/urna-kolonna/,#contact,/ulichnaya-mebel/urny/urna-kolonna/,true,true,anchor,pass,
/ulichnaya-mebel/urny/urna-kolonna/,/,/,true,true,internal,pass,
/ulichnaya-mebel/urny/urna-kolonna/,#contact,/ulichnaya-mebel/urny/urna-kolonna/,true,true,anchor,pass,
/ulichnaya-mebel/urny/urna-kolonna/,/ulichnaya-mebel/,/ulichnaya-mebel/,true,true,internal,pass,
/ulichnaya-mebel/urny/urna-kolonna/,/ograzhdeniya-i-zabory/,/ograzhdeniya-i-zabory/,true,true,internal,pass,
/ulichnaya-mebel/urny/urna-kolonna/,/navesy-i-kozyrki/,/navesy-i-kozyrki/,true,true,internal,pass,
/ulichnaya-mebel/urny/urna-kolonna/,/topiarii/,/topiarii/,true,true,internal,pass,
/ulichnaya-mebel/urny/urna-kolonna/,/metallokonstruktsii-dlya-biznesa/,/metallokonstruktsii-dlya-biznesa/,true,true,internal,pass,
/ulichnaya-mebel/urny/urna-kolonna/,/blagoustroystvo-territoriy/,/blagoustroystvo-territoriy/,true,true,internal,pass,
/ulichnaya-mebel/urny/urna-kolonna/,/stroitelstvo-i-remonty/,/stroitelstvo-i-remonty/,true,true,internal,pass,
/ulichnaya-mebel/urny/urna-kolonna/,/izgotovlenie-na-zakaz/,/izgotovlenie-na-zakaz/,true,true,internal,pass,
/ulichnaya-mebel/urny/urna-kolonna/,/vypolnennye-obekty/,/vypolnennye-obekty/,true,true,internal,pass,
/ulichnaya-mebel/urny/urna-kolonna/,/o-nas/,/o-nas/,true,true,internal,pass,
/ulichnaya-mebel/urny/urna-kolonna/,/kontakty/,/kontakty/,true,true,internal,pass,
/ulichnaya-mebel/urny/urna-kolonna/,/vakansii/,/vakansii/,true,true,internal,pass,
/ulichnaya-mebel/urny/urna-kolonna/,tel:+79129735006,,true,true,tel,pass,
/ulichnaya-mebel/urny/urna-kolonna/,tel:+79125799665,,true,true,tel,pass,
/ulichnaya-mebel/urny/urna-kolonna/,https://t.me/smu1build,,true,true,external,pass,
/ulichnaya-mebel/urny/urna-kolonna/,mailto:smu1.kurgan@yandex.ru,,true,true,mailto,pass,
/ulichnaya-mebel/urny/urna-kolonna/,/,/,true,true,internal,pass,
/ulichnaya-mebel/urny/urna-kolonna/,/ulichnaya-mebel/,/ulichnaya-mebel/,true,true,internal,pass,
/ulichnaya-mebel/urny/urna-kolonna/,/ulichnaya-mebel/urny/,/ulichnaya-mebel/urny/,true,true,internal,pass,
/ulichnaya-mebel/urny/urna-kolonna/,#contact,/ulichnaya-mebel/urny/urna-kolonna/,true,true,anchor,pass,
/ulichnaya-mebel/urny/urna-kolonna/,https://t.me/smu1build,,true,true,external,pass,
/ulichnaya-mebel/urny/urna-kolonna/,#contact,/ulichnaya-mebel/urny/urna-kolonna/,true,true,anchor,pass,
/ulichnaya-mebel/urny/urna-kolonna/,/ulichnaya-mebel/urny/,/ulichnaya-mebel/urny/,true,true,internal,pass,
/ulichnaya-mebel/urny/urna-kolonna/,/ulichnaya-mebel/urny/urna-vertikal/,/ulichnaya-mebel/urny/urna-vertikal/,true,true,internal,pass,
/ulichnaya-mebel/urny/urna-kolonna/,/ulichnaya-mebel/urny/urna-monolit/,/ulichnaya-mebel/urny/urna-monolit/,true,true,internal,pass,
/ulichnaya-mebel/urny/urna-kolonna/,/ulichnaya-mebel/urny/urna-panel/,/ulichnaya-mebel/urny/urna-panel/,true,true,internal,pass,
/ulichnaya-mebel/urny/urna-kolonna/,/ulichnaya-mebel/urny/urna-blok/,/ulichnaya-mebel/urny/urna-blok/,true,true,internal,pass,
/ulichnaya-mebel/urny/urna-kolonna/,https://t.me/smu1build,,true,true,external,pass,
/ulichnaya-mebel/urny/urna-kolonna/,/izgotovlenie-na-zakaz/,/izgotovlenie-na-zakaz/,true,true,internal,pass,
/ulichnaya-mebel/urny/urna-kolonna/,tel:+79129735006,,true,true,tel,pass,
/ulichnaya-mebel/urny/urna-kolonna/,https://t.me/smu1build,,true,true,external,pass,
/ulichnaya-mebel/urny/urna-kolonna/,mailto:smu1.kurgan@yandex.ru,,true,true,mailto,pass,
/ulichnaya-mebel/urny/urna-kolonna/,/kontakty/,/kontakty/,true,true,internal,pass,
/ulichnaya-mebel/urny/urna-kolonna/,/,/,true,true,internal,pass,
/ulichnaya-mebel/urny/urna-kolonna/,/ulichnaya-mebel/,/ulichnaya-mebel/,true,true,internal,pass,
/ulichnaya-mebel/urny/urna-kolonna/,/ograzhdeniya-i-zabory/,/ograzhdeniya-i-zabory/,true,true,internal,pass,
/ulichnaya-mebel/urny/urna-kolonna/,/navesy-i-kozyrki/,/navesy-i-kozyrki/,true,true,internal,pass,
/ulichnaya-mebel/urny/urna-kolonna/,/metallokonstruktsii-dlya-biznesa/,/metallokonstruktsii-dlya-biznesa/,true,true,internal,pass,
/ulichnaya-mebel/urny/urna-kolonna/,/topiarii/,/topiarii/,true,true,internal,pass,
/ulichnaya-mebel/urny/urna-kolonna/,/blagoustroystvo-territoriy/,/blagoustroystvo-territoriy/,true,true,internal,pass,
/ulichnaya-mebel/urny/urna-kolonna/,/stroitelstvo-i-remonty/,/stroitelstvo-i-remonty/,true,true,internal,pass,
/ulichnaya-mebel/urny/urna-kolonna/,/ulichnaya-mebel/,/ulichnaya-mebel/,true,true,internal,pass,
/ulichnaya-mebel/urny/urna-kolonna/,/ograzhdeniya-i-zabory/,/ograzhdeniya-i-zabory/,true,true,internal,pass,
/ulichnaya-mebel/urny/urna-kolonna/,/navesy-i-kozyrki/,/navesy-i-kozyrki/,true,true,internal,pass,
/ulichnaya-mebel/urny/urna-kolonna/,/metallokonstruktsii-dlya-biznesa/,/metallokonstruktsii-dlya-biznesa/,true,true,internal,pass,
/ulichnaya-mebel/urny/urna-kolonna/,/topiarii/,/topiarii/,true,true,internal,pass,
/ulichnaya-mebel/urny/urna-kolonna/,/blagoustroystvo-territoriy/,/blagoustroystvo-territoriy/,true,true,internal,pass,
/ulichnaya-mebel/urny/urna-kolonna/,/stroitelstvo-i-remonty/,/stroitelstvo-i-remonty/,true,true,internal,pass,
/ulichnaya-mebel/urny/urna-kolonna/,/izgotovlenie-na-zakaz/,/izgotovlenie-na-zakaz/,true,true,internal,pass,
/ulichnaya-mebel/urny/urna-kolonna/,/vypolnennye-obekty/,/vypolnennye-obekty/,true,true,internal,pass,
/ulichnaya-mebel/urny/urna-kolonna/,/o-nas/,/o-nas/,true,true,internal,pass,
/ulichnaya-mebel/urny/urna-kolonna/,/kontakty/,/kontakty/,true,true,internal,pass,
/ulichnaya-mebel/urny/urna-kolonna/,/vakansii/,/vakansii/,true,true,internal,pass,
/ulichnaya-mebel/urny/urna-kolonna/,/izgotovlenie-na-zakaz/,/izgotovlenie-na-zakaz/,true,true,internal,pass,
/ulichnaya-mebel/urny/urna-kolonna/,/vypolnennye-obekty/,/vypolnennye-obekty/,true,true,internal,pass,
/ulichnaya-mebel/urny/urna-kolonna/,/o-nas/,/o-nas/,true,true,internal,pass,
/ulichnaya-mebel/urny/urna-kolonna/,/kontakty/,/kontakty/,true,true,internal,pass,
/ulichnaya-mebel/urny/urna-kolonna/,/vakansii/,/vakansii/,true,true,internal,pass,
/ulichnaya-mebel/urny/urna-kolonna/,#contact,/ulichnaya-mebel/urny/urna-kolonna/,true,true,anchor,pass,
/ulichnaya-mebel/urny/urna-kolonna/,tel:+79129735006,,true,true,tel,pass,
/ulichnaya-mebel/urny/urna-kolonna/,tel:+79125799665,,true,true,tel,pass,
/ulichnaya-mebel/urny/urna-kolonna/,https://t.me/smu1build,,true,true,external,pass,
/ulichnaya-mebel/urny/urna-kolonna/,mailto:smu1.kurgan@yandex.ru,,true,true,mailto,pass,
/ulichnaya-mebel/urny/urna-kolonna/,/politika-konfidencialnosti/,/politika-konfidencialnosti/,true,true,internal,pass,
/ulichnaya-mebel/urny/urna-kolonna/,/politika-konfidencialnosti/,/politika-konfidencialnosti/,true,true,internal,pass,
/ulichnaya-mebel/urny/urna-layn/,#main-content,/ulichnaya-mebel/urny/urna-layn/,true,true,anchor,pass,
/ulichnaya-mebel/urny/urna-layn/,/,/,true,true,internal,pass,
/ulichnaya-mebel/urny/urna-layn/,/ulichnaya-mebel/,/ulichnaya-mebel/,true,true,internal,pass,
/ulichnaya-mebel/urny/urna-layn/,/ograzhdeniya-i-zabory/,/ograzhdeniya-i-zabory/,true,true,internal,pass,
/ulichnaya-mebel/urny/urna-layn/,/navesy-i-kozyrki/,/navesy-i-kozyrki/,true,true,internal,pass,
/ulichnaya-mebel/urny/urna-layn/,/topiarii/,/topiarii/,true,true,internal,pass,
/ulichnaya-mebel/urny/urna-layn/,/izgotovlenie-na-zakaz/,/izgotovlenie-na-zakaz/,true,true,internal,pass,
/ulichnaya-mebel/urny/urna-layn/,/metallokonstruktsii-dlya-biznesa/,/metallokonstruktsii-dlya-biznesa/,true,true,internal,pass,
/ulichnaya-mebel/urny/urna-layn/,/blagoustroystvo-territoriy/,/blagoustroystvo-territoriy/,true,true,internal,pass,
/ulichnaya-mebel/urny/urna-layn/,/stroitelstvo-i-remonty/,/stroitelstvo-i-remonty/,true,true,internal,pass,
/ulichnaya-mebel/urny/urna-layn/,/vypolnennye-obekty/,/vypolnennye-obekty/,true,true,internal,pass,
/ulichnaya-mebel/urny/urna-layn/,/o-nas/,/o-nas/,true,true,internal,pass,
/ulichnaya-mebel/urny/urna-layn/,/kontakty/,/kontakty/,true,true,internal,pass,
/ulichnaya-mebel/urny/urna-layn/,/vakansii/,/vakansii/,true,true,internal,pass,
/ulichnaya-mebel/urny/urna-layn/,tel:+79129735006,,true,true,tel,pass,
/ulichnaya-mebel/urny/urna-layn/,https://t.me/smu1build,,true,true,external,pass,
/ulichnaya-mebel/urny/urna-layn/,#contact,/ulichnaya-mebel/urny/urna-layn/,true,true,anchor,pass,
/ulichnaya-mebel/urny/urna-layn/,/,/,true,true,internal,pass,
/ulichnaya-mebel/urny/urna-layn/,#contact,/ulichnaya-mebel/urny/urna-layn/,true,true,anchor,pass,
/ulichnaya-mebel/urny/urna-layn/,/ulichnaya-mebel/,/ulichnaya-mebel/,true,true,internal,pass,
/ulichnaya-mebel/urny/urna-layn/,/ograzhdeniya-i-zabory/,/ograzhdeniya-i-zabory/,true,true,internal,pass,
/ulichnaya-mebel/urny/urna-layn/,/navesy-i-kozyrki/,/navesy-i-kozyrki/,true,true,internal,pass,
/ulichnaya-mebel/urny/urna-layn/,/topiarii/,/topiarii/,true,true,internal,pass,
/ulichnaya-mebel/urny/urna-layn/,/metallokonstruktsii-dlya-biznesa/,/metallokonstruktsii-dlya-biznesa/,true,true,internal,pass,
/ulichnaya-mebel/urny/urna-layn/,/blagoustroystvo-territoriy/,/blagoustroystvo-territoriy/,true,true,internal,pass,
/ulichnaya-mebel/urny/urna-layn/,/stroitelstvo-i-remonty/,/stroitelstvo-i-remonty/,true,true,internal,pass,
/ulichnaya-mebel/urny/urna-layn/,/izgotovlenie-na-zakaz/,/izgotovlenie-na-zakaz/,true,true,internal,pass,
/ulichnaya-mebel/urny/urna-layn/,/vypolnennye-obekty/,/vypolnennye-obekty/,true,true,internal,pass,
/ulichnaya-mebel/urny/urna-layn/,/o-nas/,/o-nas/,true,true,internal,pass,
/ulichnaya-mebel/urny/urna-layn/,/kontakty/,/kontakty/,true,true,internal,pass,
/ulichnaya-mebel/urny/urna-layn/,/vakansii/,/vakansii/,true,true,internal,pass,
/ulichnaya-mebel/urny/urna-layn/,tel:+79129735006,,true,true,tel,pass,
/ulichnaya-mebel/urny/urna-layn/,tel:+79125799665,,true,true,tel,pass,
/ulichnaya-mebel/urny/urna-layn/,https://t.me/smu1build,,true,true,external,pass,
/ulichnaya-mebel/urny/urna-layn/,mailto:smu1.kurgan@yandex.ru,,true,true,mailto,pass,
/ulichnaya-mebel/urny/urna-layn/,/,/,true,true,internal,pass,
/ulichnaya-mebel/urny/urna-layn/,/ulichnaya-mebel/,/ulichnaya-mebel/,true,true,internal,pass,
/ulichnaya-mebel/urny/urna-layn/,/ulichnaya-mebel/urny/,/ulichnaya-mebel/urny/,true,true,internal,pass,
/ulichnaya-mebel/urny/urna-layn/,#contact,/ulichnaya-mebel/urny/urna-layn/,true,true,anchor,pass,
/ulichnaya-mebel/urny/urna-layn/,https://t.me/smu1build,,true,true,external,pass,
/ulichnaya-mebel/urny/urna-layn/,#contact,/ulichnaya-mebel/urny/urna-layn/,true,true,anchor,pass,
/ulichnaya-mebel/urny/urna-layn/,/ulichnaya-mebel/urny/,/ulichnaya-mebel/urny/,true,true,internal,pass,
/ulichnaya-mebel/urny/urna-layn/,/ulichnaya-mebel/urny/urna-vertikal/,/ulichnaya-mebel/urny/urna-vertikal/,true,true,internal,pass,
/ulichnaya-mebel/urny/urna-layn/,/ulichnaya-mebel/urny/urna-monolit/,/ulichnaya-mebel/urny/urna-monolit/,true,true,internal,pass,
/ulichnaya-mebel/urny/urna-layn/,/ulichnaya-mebel/urny/urna-panel/,/ulichnaya-mebel/urny/urna-panel/,true,true,internal,pass,
/ulichnaya-mebel/urny/urna-layn/,/ulichnaya-mebel/urny/urna-blok/,/ulichnaya-mebel/urny/urna-blok/,true,true,internal,pass,
/ulichnaya-mebel/urny/urna-layn/,https://t.me/smu1build,,true,true,external,pass,
/ulichnaya-mebel/urny/urna-layn/,/izgotovlenie-na-zakaz/,/izgotovlenie-na-zakaz/,true,true,internal,pass,
/ulichnaya-mebel/urny/urna-layn/,tel:+79129735006,,true,true,tel,pass,
/ulichnaya-mebel/urny/urna-layn/,https://t.me/smu1build,,true,true,external,pass,
/ulichnaya-mebel/urny/urna-layn/,mailto:smu1.kurgan@yandex.ru,,true,true,mailto,pass,
/ulichnaya-mebel/urny/urna-layn/,/kontakty/,/kontakty/,true,true,internal,pass,
/ulichnaya-mebel/urny/urna-layn/,/,/,true,true,internal,pass,
/ulichnaya-mebel/urny/urna-layn/,/ulichnaya-mebel/,/ulichnaya-mebel/,true,true,internal,pass,
/ulichnaya-mebel/urny/urna-layn/,/ograzhdeniya-i-zabory/,/ograzhdeniya-i-zabory/,true,true,internal,pass,
/ulichnaya-mebel/urny/urna-layn/,/navesy-i-kozyrki/,/navesy-i-kozyrki/,true,true,internal,pass,
/ulichnaya-mebel/urny/urna-layn/,/metallokonstruktsii-dlya-biznesa/,/metallokonstruktsii-dlya-biznesa/,true,true,internal,pass,
/ulichnaya-mebel/urny/urna-layn/,/topiarii/,/topiarii/,true,true,internal,pass,
/ulichnaya-mebel/urny/urna-layn/,/blagoustroystvo-territoriy/,/blagoustroystvo-territoriy/,true,true,internal,pass,
/ulichnaya-mebel/urny/urna-layn/,/stroitelstvo-i-remonty/,/stroitelstvo-i-remonty/,true,true,internal,pass,
/ulichnaya-mebel/urny/urna-layn/,/ulichnaya-mebel/,/ulichnaya-mebel/,true,true,internal,pass,
/ulichnaya-mebel/urny/urna-layn/,/ograzhdeniya-i-zabory/,/ograzhdeniya-i-zabory/,true,true,internal,pass,
/ulichnaya-mebel/urny/urna-layn/,/navesy-i-kozyrki/,/navesy-i-kozyrki/,true,true,internal,pass,
/ulichnaya-mebel/urny/urna-layn/,/metallokonstruktsii-dlya-biznesa/,/metallokonstruktsii-dlya-biznesa/,true,true,internal,pass,
/ulichnaya-mebel/urny/urna-layn/,/topiarii/,/topiarii/,true,true,internal,pass,
/ulichnaya-mebel/urny/urna-layn/,/blagoustroystvo-territoriy/,/blagoustroystvo-territoriy/,true,true,internal,pass,
/ulichnaya-mebel/urny/urna-layn/,/stroitelstvo-i-remonty/,/stroitelstvo-i-remonty/,true,true,internal,pass,
/ulichnaya-mebel/urny/urna-layn/,/izgotovlenie-na-zakaz/,/izgotovlenie-na-zakaz/,true,true,internal,pass,
/ulichnaya-mebel/urny/urna-layn/,/vypolnennye-obekty/,/vypolnennye-obekty/,true,true,internal,pass,
/ulichnaya-mebel/urny/urna-layn/,/o-nas/,/o-nas/,true,true,internal,pass,
/ulichnaya-mebel/urny/urna-layn/,/kontakty/,/kontakty/,true,true,internal,pass,
/ulichnaya-mebel/urny/urna-layn/,/vakansii/,/vakansii/,true,true,internal,pass,
/ulichnaya-mebel/urny/urna-layn/,/izgotovlenie-na-zakaz/,/izgotovlenie-na-zakaz/,true,true,internal,pass,
/ulichnaya-mebel/urny/urna-layn/,/vypolnennye-obekty/,/vypolnennye-obekty/,true,true,internal,pass,
/ulichnaya-mebel/urny/urna-layn/,/o-nas/,/o-nas/,true,true,internal,pass,
/ulichnaya-mebel/urny/urna-layn/,/kontakty/,/kontakty/,true,true,internal,pass,
/ulichnaya-mebel/urny/urna-layn/,/vakansii/,/vakansii/,true,true,internal,pass,
/ulichnaya-mebel/urny/urna-layn/,#contact,/ulichnaya-mebel/urny/urna-layn/,true,true,anchor,pass,
/ulichnaya-mebel/urny/urna-layn/,tel:+79129735006,,true,true,tel,pass,
/ulichnaya-mebel/urny/urna-layn/,tel:+79125799665,,true,true,tel,pass,
/ulichnaya-mebel/urny/urna-layn/,https://t.me/smu1build,,true,true,external,pass,
/ulichnaya-mebel/urny/urna-layn/,mailto:smu1.kurgan@yandex.ru,,true,true,mailto,pass,
/ulichnaya-mebel/urny/urna-layn/,/politika-konfidencialnosti/,/politika-konfidencialnosti/,true,true,internal,pass,
/ulichnaya-mebel/urny/urna-layn/,/politika-konfidencialnosti/,/politika-konfidencialnosti/,true,true,internal,pass,
/ulichnaya-mebel/urny/urna-monolit/,#main-content,/ulichnaya-mebel/urny/urna-monolit/,true,true,anchor,pass,
/ulichnaya-mebel/urny/urna-monolit/,/,/,true,true,internal,pass,
/ulichnaya-mebel/urny/urna-monolit/,/ulichnaya-mebel/,/ulichnaya-mebel/,true,true,internal,pass,
/ulichnaya-mebel/urny/urna-monolit/,/ograzhdeniya-i-zabory/,/ograzhdeniya-i-zabory/,true,true,internal,pass,
/ulichnaya-mebel/urny/urna-monolit/,/navesy-i-kozyrki/,/navesy-i-kozyrki/,true,true,internal,pass,
/ulichnaya-mebel/urny/urna-monolit/,/topiarii/,/topiarii/,true,true,internal,pass,
/ulichnaya-mebel/urny/urna-monolit/,/izgotovlenie-na-zakaz/,/izgotovlenie-na-zakaz/,true,true,internal,pass,
/ulichnaya-mebel/urny/urna-monolit/,/metallokonstruktsii-dlya-biznesa/,/metallokonstruktsii-dlya-biznesa/,true,true,internal,pass,
/ulichnaya-mebel/urny/urna-monolit/,/blagoustroystvo-territoriy/,/blagoustroystvo-territoriy/,true,true,internal,pass,
/ulichnaya-mebel/urny/urna-monolit/,/stroitelstvo-i-remonty/,/stroitelstvo-i-remonty/,true,true,internal,pass,
/ulichnaya-mebel/urny/urna-monolit/,/vypolnennye-obekty/,/vypolnennye-obekty/,true,true,internal,pass,
/ulichnaya-mebel/urny/urna-monolit/,/o-nas/,/o-nas/,true,true,internal,pass,
/ulichnaya-mebel/urny/urna-monolit/,/kontakty/,/kontakty/,true,true,internal,pass,
/ulichnaya-mebel/urny/urna-monolit/,/vakansii/,/vakansii/,true,true,internal,pass,
/ulichnaya-mebel/urny/urna-monolit/,tel:+79129735006,,true,true,tel,pass,
/ulichnaya-mebel/urny/urna-monolit/,https://t.me/smu1build,,true,true,external,pass,
/ulichnaya-mebel/urny/urna-monolit/,#contact,/ulichnaya-mebel/urny/urna-monolit/,true,true,anchor,pass,
/ulichnaya-mebel/urny/urna-monolit/,/,/,true,true,internal,pass,
/ulichnaya-mebel/urny/urna-monolit/,#contact,/ulichnaya-mebel/urny/urna-monolit/,true,true,anchor,pass,
/ulichnaya-mebel/urny/urna-monolit/,/ulichnaya-mebel/,/ulichnaya-mebel/,true,true,internal,pass,
/ulichnaya-mebel/urny/urna-monolit/,/ograzhdeniya-i-zabory/,/ograzhdeniya-i-zabory/,true,true,internal,pass,
/ulichnaya-mebel/urny/urna-monolit/,/navesy-i-kozyrki/,/navesy-i-kozyrki/,true,true,internal,pass,
/ulichnaya-mebel/urny/urna-monolit/,/topiarii/,/topiarii/,true,true,internal,pass,
/ulichnaya-mebel/urny/urna-monolit/,/metallokonstruktsii-dlya-biznesa/,/metallokonstruktsii-dlya-biznesa/,true,true,internal,pass,
/ulichnaya-mebel/urny/urna-monolit/,/blagoustroystvo-territoriy/,/blagoustroystvo-territoriy/,true,true,internal,pass,
/ulichnaya-mebel/urny/urna-monolit/,/stroitelstvo-i-remonty/,/stroitelstvo-i-remonty/,true,true,internal,pass,
/ulichnaya-mebel/urny/urna-monolit/,/izgotovlenie-na-zakaz/,/izgotovlenie-na-zakaz/,true,true,internal,pass,
/ulichnaya-mebel/urny/urna-monolit/,/vypolnennye-obekty/,/vypolnennye-obekty/,true,true,internal,pass,
/ulichnaya-mebel/urny/urna-monolit/,/o-nas/,/o-nas/,true,true,internal,pass,
/ulichnaya-mebel/urny/urna-monolit/,/kontakty/,/kontakty/,true,true,internal,pass,
/ulichnaya-mebel/urny/urna-monolit/,/vakansii/,/vakansii/,true,true,internal,pass,
/ulichnaya-mebel/urny/urna-monolit/,tel:+79129735006,,true,true,tel,pass,
/ulichnaya-mebel/urny/urna-monolit/,tel:+79125799665,,true,true,tel,pass,
/ulichnaya-mebel/urny/urna-monolit/,https://t.me/smu1build,,true,true,external,pass,
/ulichnaya-mebel/urny/urna-monolit/,mailto:smu1.kurgan@yandex.ru,,true,true,mailto,pass,
/ulichnaya-mebel/urny/urna-monolit/,/,/,true,true,internal,pass,
/ulichnaya-mebel/urny/urna-monolit/,/ulichnaya-mebel/,/ulichnaya-mebel/,true,true,internal,pass,
/ulichnaya-mebel/urny/urna-monolit/,/ulichnaya-mebel/urny/,/ulichnaya-mebel/urny/,true,true,internal,pass,
/ulichnaya-mebel/urny/urna-monolit/,#contact,/ulichnaya-mebel/urny/urna-monolit/,true,true,anchor,pass,
/ulichnaya-mebel/urny/urna-monolit/,https://t.me/smu1build,,true,true,external,pass,
/ulichnaya-mebel/urny/urna-monolit/,#contact,/ulichnaya-mebel/urny/urna-monolit/,true,true,anchor,pass,
/ulichnaya-mebel/urny/urna-monolit/,/ulichnaya-mebel/urny/,/ulichnaya-mebel/urny/,true,true,internal,pass,
/ulichnaya-mebel/urny/urna-monolit/,/ulichnaya-mebel/urny/urna-vertikal/,/ulichnaya-mebel/urny/urna-vertikal/,true,true,internal,pass,
/ulichnaya-mebel/urny/urna-monolit/,/ulichnaya-mebel/urny/urna-panel/,/ulichnaya-mebel/urny/urna-panel/,true,true,internal,pass,
/ulichnaya-mebel/urny/urna-monolit/,/ulichnaya-mebel/urny/urna-blok/,/ulichnaya-mebel/urny/urna-blok/,true,true,internal,pass,
/ulichnaya-mebel/urny/urna-monolit/,/ulichnaya-mebel/urny/urna-kolonna/,/ulichnaya-mebel/urny/urna-kolonna/,true,true,internal,pass,
/ulichnaya-mebel/urny/urna-monolit/,https://t.me/smu1build,,true,true,external,pass,
/ulichnaya-mebel/urny/urna-monolit/,/izgotovlenie-na-zakaz/,/izgotovlenie-na-zakaz/,true,true,internal,pass,
/ulichnaya-mebel/urny/urna-monolit/,tel:+79129735006,,true,true,tel,pass,
/ulichnaya-mebel/urny/urna-monolit/,https://t.me/smu1build,,true,true,external,pass,
/ulichnaya-mebel/urny/urna-monolit/,mailto:smu1.kurgan@yandex.ru,,true,true,mailto,pass,
/ulichnaya-mebel/urny/urna-monolit/,/kontakty/,/kontakty/,true,true,internal,pass,
/ulichnaya-mebel/urny/urna-monolit/,/,/,true,true,internal,pass,
/ulichnaya-mebel/urny/urna-monolit/,/ulichnaya-mebel/,/ulichnaya-mebel/,true,true,internal,pass,
/ulichnaya-mebel/urny/urna-monolit/,/ograzhdeniya-i-zabory/,/ograzhdeniya-i-zabory/,true,true,internal,pass,
/ulichnaya-mebel/urny/urna-monolit/,/navesy-i-kozyrki/,/navesy-i-kozyrki/,true,true,internal,pass,
/ulichnaya-mebel/urny/urna-monolit/,/metallokonstruktsii-dlya-biznesa/,/metallokonstruktsii-dlya-biznesa/,true,true,internal,pass,
/ulichnaya-mebel/urny/urna-monolit/,/topiarii/,/topiarii/,true,true,internal,pass,
/ulichnaya-mebel/urny/urna-monolit/,/blagoustroystvo-territoriy/,/blagoustroystvo-territoriy/,true,true,internal,pass,
/ulichnaya-mebel/urny/urna-monolit/,/stroitelstvo-i-remonty/,/stroitelstvo-i-remonty/,true,true,internal,pass,
/ulichnaya-mebel/urny/urna-monolit/,/ulichnaya-mebel/,/ulichnaya-mebel/,true,true,internal,pass,
/ulichnaya-mebel/urny/urna-monolit/,/ograzhdeniya-i-zabory/,/ograzhdeniya-i-zabory/,true,true,internal,pass,
/ulichnaya-mebel/urny/urna-monolit/,/navesy-i-kozyrki/,/navesy-i-kozyrki/,true,true,internal,pass,
/ulichnaya-mebel/urny/urna-monolit/,/metallokonstruktsii-dlya-biznesa/,/metallokonstruktsii-dlya-biznesa/,true,true,internal,pass,
/ulichnaya-mebel/urny/urna-monolit/,/topiarii/,/topiarii/,true,true,internal,pass,
/ulichnaya-mebel/urny/urna-monolit/,/blagoustroystvo-territoriy/,/blagoustroystvo-territoriy/,true,true,internal,pass,
/ulichnaya-mebel/urny/urna-monolit/,/stroitelstvo-i-remonty/,/stroitelstvo-i-remonty/,true,true,internal,pass,
/ulichnaya-mebel/urny/urna-monolit/,/izgotovlenie-na-zakaz/,/izgotovlenie-na-zakaz/,true,true,internal,pass,
/ulichnaya-mebel/urny/urna-monolit/,/vypolnennye-obekty/,/vypolnennye-obekty/,true,true,internal,pass,
/ulichnaya-mebel/urny/urna-monolit/,/o-nas/,/o-nas/,true,true,internal,pass,
/ulichnaya-mebel/urny/urna-monolit/,/kontakty/,/kontakty/,true,true,internal,pass,
/ulichnaya-mebel/urny/urna-monolit/,/vakansii/,/vakansii/,true,true,internal,pass,
/ulichnaya-mebel/urny/urna-monolit/,/izgotovlenie-na-zakaz/,/izgotovlenie-na-zakaz/,true,true,internal,pass,
/ulichnaya-mebel/urny/urna-monolit/,/vypolnennye-obekty/,/vypolnennye-obekty/,true,true,internal,pass,
/ulichnaya-mebel/urny/urna-monolit/,/o-nas/,/o-nas/,true,true,internal,pass,
/ulichnaya-mebel/urny/urna-monolit/,/kontakty/,/kontakty/,true,true,internal,pass,
/ulichnaya-mebel/urny/urna-monolit/,/vakansii/,/vakansii/,true,true,internal,pass,
/ulichnaya-mebel/urny/urna-monolit/,#contact,/ulichnaya-mebel/urny/urna-monolit/,true,true,anchor,pass,
/ulichnaya-mebel/urny/urna-monolit/,tel:+79129735006,,true,true,tel,pass,
/ulichnaya-mebel/urny/urna-monolit/,tel:+79125799665,,true,true,tel,pass,
/ulichnaya-mebel/urny/urna-monolit/,https://t.me/smu1build,,true,true,external,pass,
/ulichnaya-mebel/urny/urna-monolit/,mailto:smu1.kurgan@yandex.ru,,true,true,mailto,pass,
/ulichnaya-mebel/urny/urna-monolit/,/politika-konfidencialnosti/,/politika-konfidencialnosti/,true,true,internal,pass,
/ulichnaya-mebel/urny/urna-monolit/,/politika-konfidencialnosti/,/politika-konfidencialnosti/,true,true,internal,pass,
/ulichnaya-mebel/urny/urna-panel/,#main-content,/ulichnaya-mebel/urny/urna-panel/,true,true,anchor,pass,
/ulichnaya-mebel/urny/urna-panel/,/,/,true,true,internal,pass,
/ulichnaya-mebel/urny/urna-panel/,/ulichnaya-mebel/,/ulichnaya-mebel/,true,true,internal,pass,
/ulichnaya-mebel/urny/urna-panel/,/ograzhdeniya-i-zabory/,/ograzhdeniya-i-zabory/,true,true,internal,pass,
/ulichnaya-mebel/urny/urna-panel/,/navesy-i-kozyrki/,/navesy-i-kozyrki/,true,true,internal,pass,
/ulichnaya-mebel/urny/urna-panel/,/topiarii/,/topiarii/,true,true,internal,pass,
/ulichnaya-mebel/urny/urna-panel/,/izgotovlenie-na-zakaz/,/izgotovlenie-na-zakaz/,true,true,internal,pass,
/ulichnaya-mebel/urny/urna-panel/,/metallokonstruktsii-dlya-biznesa/,/metallokonstruktsii-dlya-biznesa/,true,true,internal,pass,
/ulichnaya-mebel/urny/urna-panel/,/blagoustroystvo-territoriy/,/blagoustroystvo-territoriy/,true,true,internal,pass,
/ulichnaya-mebel/urny/urna-panel/,/stroitelstvo-i-remonty/,/stroitelstvo-i-remonty/,true,true,internal,pass,
/ulichnaya-mebel/urny/urna-panel/,/vypolnennye-obekty/,/vypolnennye-obekty/,true,true,internal,pass,
/ulichnaya-mebel/urny/urna-panel/,/o-nas/,/o-nas/,true,true,internal,pass,
/ulichnaya-mebel/urny/urna-panel/,/kontakty/,/kontakty/,true,true,internal,pass,
/ulichnaya-mebel/urny/urna-panel/,/vakansii/,/vakansii/,true,true,internal,pass,
/ulichnaya-mebel/urny/urna-panel/,tel:+79129735006,,true,true,tel,pass,
/ulichnaya-mebel/urny/urna-panel/,https://t.me/smu1build,,true,true,external,pass,
/ulichnaya-mebel/urny/urna-panel/,#contact,/ulichnaya-mebel/urny/urna-panel/,true,true,anchor,pass,
/ulichnaya-mebel/urny/urna-panel/,/,/,true,true,internal,pass,
/ulichnaya-mebel/urny/urna-panel/,#contact,/ulichnaya-mebel/urny/urna-panel/,true,true,anchor,pass,
/ulichnaya-mebel/urny/urna-panel/,/ulichnaya-mebel/,/ulichnaya-mebel/,true,true,internal,pass,
/ulichnaya-mebel/urny/urna-panel/,/ograzhdeniya-i-zabory/,/ograzhdeniya-i-zabory/,true,true,internal,pass,
/ulichnaya-mebel/urny/urna-panel/,/navesy-i-kozyrki/,/navesy-i-kozyrki/,true,true,internal,pass,
/ulichnaya-mebel/urny/urna-panel/,/topiarii/,/topiarii/,true,true,internal,pass,
/ulichnaya-mebel/urny/urna-panel/,/metallokonstruktsii-dlya-biznesa/,/metallokonstruktsii-dlya-biznesa/,true,true,internal,pass,
/ulichnaya-mebel/urny/urna-panel/,/blagoustroystvo-territoriy/,/blagoustroystvo-territoriy/,true,true,internal,pass,
/ulichnaya-mebel/urny/urna-panel/,/stroitelstvo-i-remonty/,/stroitelstvo-i-remonty/,true,true,internal,pass,
/ulichnaya-mebel/urny/urna-panel/,/izgotovlenie-na-zakaz/,/izgotovlenie-na-zakaz/,true,true,internal,pass,
/ulichnaya-mebel/urny/urna-panel/,/vypolnennye-obekty/,/vypolnennye-obekty/,true,true,internal,pass,
/ulichnaya-mebel/urny/urna-panel/,/o-nas/,/o-nas/,true,true,internal,pass,
/ulichnaya-mebel/urny/urna-panel/,/kontakty/,/kontakty/,true,true,internal,pass,
/ulichnaya-mebel/urny/urna-panel/,/vakansii/,/vakansii/,true,true,internal,pass,
/ulichnaya-mebel/urny/urna-panel/,tel:+79129735006,,true,true,tel,pass,
/ulichnaya-mebel/urny/urna-panel/,tel:+79125799665,,true,true,tel,pass,
/ulichnaya-mebel/urny/urna-panel/,https://t.me/smu1build,,true,true,external,pass,
/ulichnaya-mebel/urny/urna-panel/,mailto:smu1.kurgan@yandex.ru,,true,true,mailto,pass,
/ulichnaya-mebel/urny/urna-panel/,/,/,true,true,internal,pass,
/ulichnaya-mebel/urny/urna-panel/,/ulichnaya-mebel/,/ulichnaya-mebel/,true,true,internal,pass,
/ulichnaya-mebel/urny/urna-panel/,/ulichnaya-mebel/urny/,/ulichnaya-mebel/urny/,true,true,internal,pass,
/ulichnaya-mebel/urny/urna-panel/,#contact,/ulichnaya-mebel/urny/urna-panel/,true,true,anchor,pass,
/ulichnaya-mebel/urny/urna-panel/,https://t.me/smu1build,,true,true,external,pass,
/ulichnaya-mebel/urny/urna-panel/,#contact,/ulichnaya-mebel/urny/urna-panel/,true,true,anchor,pass,
/ulichnaya-mebel/urny/urna-panel/,/ulichnaya-mebel/urny/,/ulichnaya-mebel/urny/,true,true,internal,pass,
/ulichnaya-mebel/urny/urna-panel/,/ulichnaya-mebel/urny/urna-vertikal/,/ulichnaya-mebel/urny/urna-vertikal/,true,true,internal,pass,
/ulichnaya-mebel/urny/urna-panel/,/ulichnaya-mebel/urny/urna-monolit/,/ulichnaya-mebel/urny/urna-monolit/,true,true,internal,pass,
/ulichnaya-mebel/urny/urna-panel/,/ulichnaya-mebel/urny/urna-blok/,/ulichnaya-mebel/urny/urna-blok/,true,true,internal,pass,
/ulichnaya-mebel/urny/urna-panel/,/ulichnaya-mebel/urny/urna-kolonna/,/ulichnaya-mebel/urny/urna-kolonna/,true,true,internal,pass,
/ulichnaya-mebel/urny/urna-panel/,https://t.me/smu1build,,true,true,external,pass,
/ulichnaya-mebel/urny/urna-panel/,/izgotovlenie-na-zakaz/,/izgotovlenie-na-zakaz/,true,true,internal,pass,
/ulichnaya-mebel/urny/urna-panel/,tel:+79129735006,,true,true,tel,pass,
/ulichnaya-mebel/urny/urna-panel/,https://t.me/smu1build,,true,true,external,pass,
/ulichnaya-mebel/urny/urna-panel/,mailto:smu1.kurgan@yandex.ru,,true,true,mailto,pass,
/ulichnaya-mebel/urny/urna-panel/,/kontakty/,/kontakty/,true,true,internal,pass,
/ulichnaya-mebel/urny/urna-panel/,/,/,true,true,internal,pass,
/ulichnaya-mebel/urny/urna-panel/,/ulichnaya-mebel/,/ulichnaya-mebel/,true,true,internal,pass,
/ulichnaya-mebel/urny/urna-panel/,/ograzhdeniya-i-zabory/,/ograzhdeniya-i-zabory/,true,true,internal,pass,
/ulichnaya-mebel/urny/urna-panel/,/navesy-i-kozyrki/,/navesy-i-kozyrki/,true,true,internal,pass,
/ulichnaya-mebel/urny/urna-panel/,/metallokonstruktsii-dlya-biznesa/,/metallokonstruktsii-dlya-biznesa/,true,true,internal,pass,
/ulichnaya-mebel/urny/urna-panel/,/topiarii/,/topiarii/,true,true,internal,pass,
/ulichnaya-mebel/urny/urna-panel/,/blagoustroystvo-territoriy/,/blagoustroystvo-territoriy/,true,true,internal,pass,
/ulichnaya-mebel/urny/urna-panel/,/stroitelstvo-i-remonty/,/stroitelstvo-i-remonty/,true,true,internal,pass,
/ulichnaya-mebel/urny/urna-panel/,/ulichnaya-mebel/,/ulichnaya-mebel/,true,true,internal,pass,
/ulichnaya-mebel/urny/urna-panel/,/ograzhdeniya-i-zabory/,/ograzhdeniya-i-zabory/,true,true,internal,pass,
/ulichnaya-mebel/urny/urna-panel/,/navesy-i-kozyrki/,/navesy-i-kozyrki/,true,true,internal,pass,
/ulichnaya-mebel/urny/urna-panel/,/metallokonstruktsii-dlya-biznesa/,/metallokonstruktsii-dlya-biznesa/,true,true,internal,pass,
/ulichnaya-mebel/urny/urna-panel/,/topiarii/,/topiarii/,true,true,internal,pass,
/ulichnaya-mebel/urny/urna-panel/,/blagoustroystvo-territoriy/,/blagoustroystvo-territoriy/,true,true,internal,pass,
/ulichnaya-mebel/urny/urna-panel/,/stroitelstvo-i-remonty/,/stroitelstvo-i-remonty/,true,true,internal,pass,
/ulichnaya-mebel/urny/urna-panel/,/izgotovlenie-na-zakaz/,/izgotovlenie-na-zakaz/,true,true,internal,pass,
/ulichnaya-mebel/urny/urna-panel/,/vypolnennye-obekty/,/vypolnennye-obekty/,true,true,internal,pass,
/ulichnaya-mebel/urny/urna-panel/,/o-nas/,/o-nas/,true,true,internal,pass,
/ulichnaya-mebel/urny/urna-panel/,/kontakty/,/kontakty/,true,true,internal,pass,
/ulichnaya-mebel/urny/urna-panel/,/vakansii/,/vakansii/,true,true,internal,pass,
/ulichnaya-mebel/urny/urna-panel/,/izgotovlenie-na-zakaz/,/izgotovlenie-na-zakaz/,true,true,internal,pass,
/ulichnaya-mebel/urny/urna-panel/,/vypolnennye-obekty/,/vypolnennye-obekty/,true,true,internal,pass,
/ulichnaya-mebel/urny/urna-panel/,/o-nas/,/o-nas/,true,true,internal,pass,
/ulichnaya-mebel/urny/urna-panel/,/kontakty/,/kontakty/,true,true,internal,pass,
/ulichnaya-mebel/urny/urna-panel/,/vakansii/,/vakansii/,true,true,internal,pass,
/ulichnaya-mebel/urny/urna-panel/,#contact,/ulichnaya-mebel/urny/urna-panel/,true,true,anchor,pass,
/ulichnaya-mebel/urny/urna-panel/,tel:+79129735006,,true,true,tel,pass,
/ulichnaya-mebel/urny/urna-panel/,tel:+79125799665,,true,true,tel,pass,
/ulichnaya-mebel/urny/urna-panel/,https://t.me/smu1build,,true,true,external,pass,
/ulichnaya-mebel/urny/urna-panel/,mailto:smu1.kurgan@yandex.ru,,true,true,mailto,pass,
/ulichnaya-mebel/urny/urna-panel/,/politika-konfidencialnosti/,/politika-konfidencialnosti/,true,true,internal,pass,
/ulichnaya-mebel/urny/urna-panel/,/politika-konfidencialnosti/,/politika-konfidencialnosti/,true,true,internal,pass,
/ulichnaya-mebel/urny/urna-profil/,#main-content,/ulichnaya-mebel/urny/urna-profil/,true,true,anchor,pass,
/ulichnaya-mebel/urny/urna-profil/,/,/,true,true,internal,pass,
/ulichnaya-mebel/urny/urna-profil/,/ulichnaya-mebel/,/ulichnaya-mebel/,true,true,internal,pass,
/ulichnaya-mebel/urny/urna-profil/,/ograzhdeniya-i-zabory/,/ograzhdeniya-i-zabory/,true,true,internal,pass,
/ulichnaya-mebel/urny/urna-profil/,/navesy-i-kozyrki/,/navesy-i-kozyrki/,true,true,internal,pass,
/ulichnaya-mebel/urny/urna-profil/,/topiarii/,/topiarii/,true,true,internal,pass,
/ulichnaya-mebel/urny/urna-profil/,/izgotovlenie-na-zakaz/,/izgotovlenie-na-zakaz/,true,true,internal,pass,
/ulichnaya-mebel/urny/urna-profil/,/metallokonstruktsii-dlya-biznesa/,/metallokonstruktsii-dlya-biznesa/,true,true,internal,pass,
/ulichnaya-mebel/urny/urna-profil/,/blagoustroystvo-territoriy/,/blagoustroystvo-territoriy/,true,true,internal,pass,
/ulichnaya-mebel/urny/urna-profil/,/stroitelstvo-i-remonty/,/stroitelstvo-i-remonty/,true,true,internal,pass,
/ulichnaya-mebel/urny/urna-profil/,/vypolnennye-obekty/,/vypolnennye-obekty/,true,true,internal,pass,
/ulichnaya-mebel/urny/urna-profil/,/o-nas/,/o-nas/,true,true,internal,pass,
/ulichnaya-mebel/urny/urna-profil/,/kontakty/,/kontakty/,true,true,internal,pass,
/ulichnaya-mebel/urny/urna-profil/,/vakansii/,/vakansii/,true,true,internal,pass,
/ulichnaya-mebel/urny/urna-profil/,tel:+79129735006,,true,true,tel,pass,
/ulichnaya-mebel/urny/urna-profil/,https://t.me/smu1build,,true,true,external,pass,
/ulichnaya-mebel/urny/urna-profil/,#contact,/ulichnaya-mebel/urny/urna-profil/,true,true,anchor,pass,
/ulichnaya-mebel/urny/urna-profil/,/,/,true,true,internal,pass,
/ulichnaya-mebel/urny/urna-profil/,#contact,/ulichnaya-mebel/urny/urna-profil/,true,true,anchor,pass,
/ulichnaya-mebel/urny/urna-profil/,/ulichnaya-mebel/,/ulichnaya-mebel/,true,true,internal,pass,
/ulichnaya-mebel/urny/urna-profil/,/ograzhdeniya-i-zabory/,/ograzhdeniya-i-zabory/,true,true,internal,pass,
/ulichnaya-mebel/urny/urna-profil/,/navesy-i-kozyrki/,/navesy-i-kozyrki/,true,true,internal,pass,
/ulichnaya-mebel/urny/urna-profil/,/topiarii/,/topiarii/,true,true,internal,pass,
/ulichnaya-mebel/urny/urna-profil/,/metallokonstruktsii-dlya-biznesa/,/metallokonstruktsii-dlya-biznesa/,true,true,internal,pass,
/ulichnaya-mebel/urny/urna-profil/,/blagoustroystvo-territoriy/,/blagoustroystvo-territoriy/,true,true,internal,pass,
/ulichnaya-mebel/urny/urna-profil/,/stroitelstvo-i-remonty/,/stroitelstvo-i-remonty/,true,true,internal,pass,
/ulichnaya-mebel/urny/urna-profil/,/izgotovlenie-na-zakaz/,/izgotovlenie-na-zakaz/,true,true,internal,pass,
/ulichnaya-mebel/urny/urna-profil/,/vypolnennye-obekty/,/vypolnennye-obekty/,true,true,internal,pass,
/ulichnaya-mebel/urny/urna-profil/,/o-nas/,/o-nas/,true,true,internal,pass,
/ulichnaya-mebel/urny/urna-profil/,/kontakty/,/kontakty/,true,true,internal,pass,
/ulichnaya-mebel/urny/urna-profil/,/vakansii/,/vakansii/,true,true,internal,pass,
/ulichnaya-mebel/urny/urna-profil/,tel:+79129735006,,true,true,tel,pass,
/ulichnaya-mebel/urny/urna-profil/,tel:+79125799665,,true,true,tel,pass,
/ulichnaya-mebel/urny/urna-profil/,https://t.me/smu1build,,true,true,external,pass,
/ulichnaya-mebel/urny/urna-profil/,mailto:smu1.kurgan@yandex.ru,,true,true,mailto,pass,
/ulichnaya-mebel/urny/urna-profil/,/,/,true,true,internal,pass,
/ulichnaya-mebel/urny/urna-profil/,/ulichnaya-mebel/,/ulichnaya-mebel/,true,true,internal,pass,
/ulichnaya-mebel/urny/urna-profil/,/ulichnaya-mebel/urny/,/ulichnaya-mebel/urny/,true,true,internal,pass,
/ulichnaya-mebel/urny/urna-profil/,#contact,/ulichnaya-mebel/urny/urna-profil/,true,true,anchor,pass,
/ulichnaya-mebel/urny/urna-profil/,https://t.me/smu1build,,true,true,external,pass,
/ulichnaya-mebel/urny/urna-profil/,#contact,/ulichnaya-mebel/urny/urna-profil/,true,true,anchor,pass,
/ulichnaya-mebel/urny/urna-profil/,/ulichnaya-mebel/urny/,/ulichnaya-mebel/urny/,true,true,internal,pass,
/ulichnaya-mebel/urny/urna-profil/,/ulichnaya-mebel/urny/urna-vertikal/,/ulichnaya-mebel/urny/urna-vertikal/,true,true,internal,pass,
/ulichnaya-mebel/urny/urna-profil/,/ulichnaya-mebel/urny/urna-monolit/,/ulichnaya-mebel/urny/urna-monolit/,true,true,internal,pass,
/ulichnaya-mebel/urny/urna-profil/,/ulichnaya-mebel/urny/urna-panel/,/ulichnaya-mebel/urny/urna-panel/,true,true,internal,pass,
/ulichnaya-mebel/urny/urna-profil/,/ulichnaya-mebel/urny/urna-blok/,/ulichnaya-mebel/urny/urna-blok/,true,true,internal,pass,
/ulichnaya-mebel/urny/urna-profil/,https://t.me/smu1build,,true,true,external,pass,
/ulichnaya-mebel/urny/urna-profil/,/izgotovlenie-na-zakaz/,/izgotovlenie-na-zakaz/,true,true,internal,pass,
/ulichnaya-mebel/urny/urna-profil/,tel:+79129735006,,true,true,tel,pass,
/ulichnaya-mebel/urny/urna-profil/,https://t.me/smu1build,,true,true,external,pass,
/ulichnaya-mebel/urny/urna-profil/,mailto:smu1.kurgan@yandex.ru,,true,true,mailto,pass,
/ulichnaya-mebel/urny/urna-profil/,/kontakty/,/kontakty/,true,true,internal,pass,
/ulichnaya-mebel/urny/urna-profil/,/,/,true,true,internal,pass,
/ulichnaya-mebel/urny/urna-profil/,/ulichnaya-mebel/,/ulichnaya-mebel/,true,true,internal,pass,
/ulichnaya-mebel/urny/urna-profil/,/ograzhdeniya-i-zabory/,/ograzhdeniya-i-zabory/,true,true,internal,pass,
/ulichnaya-mebel/urny/urna-profil/,/navesy-i-kozyrki/,/navesy-i-kozyrki/,true,true,internal,pass,
/ulichnaya-mebel/urny/urna-profil/,/metallokonstruktsii-dlya-biznesa/,/metallokonstruktsii-dlya-biznesa/,true,true,internal,pass,
/ulichnaya-mebel/urny/urna-profil/,/topiarii/,/topiarii/,true,true,internal,pass,
/ulichnaya-mebel/urny/urna-profil/,/blagoustroystvo-territoriy/,/blagoustroystvo-territoriy/,true,true,internal,pass,
/ulichnaya-mebel/urny/urna-profil/,/stroitelstvo-i-remonty/,/stroitelstvo-i-remonty/,true,true,internal,pass,
/ulichnaya-mebel/urny/urna-profil/,/ulichnaya-mebel/,/ulichnaya-mebel/,true,true,internal,pass,
/ulichnaya-mebel/urny/urna-profil/,/ograzhdeniya-i-zabory/,/ograzhdeniya-i-zabory/,true,true,internal,pass,
/ulichnaya-mebel/urny/urna-profil/,/navesy-i-kozyrki/,/navesy-i-kozyrki/,true,true,internal,pass,
/ulichnaya-mebel/urny/urna-profil/,/metallokonstruktsii-dlya-biznesa/,/metallokonstruktsii-dlya-biznesa/,true,true,internal,pass,
/ulichnaya-mebel/urny/urna-profil/,/topiarii/,/topiarii/,true,true,internal,pass,
/ulichnaya-mebel/urny/urna-profil/,/blagoustroystvo-territoriy/,/blagoustroystvo-territoriy/,true,true,internal,pass,
/ulichnaya-mebel/urny/urna-profil/,/stroitelstvo-i-remonty/,/stroitelstvo-i-remonty/,true,true,internal,pass,
/ulichnaya-mebel/urny/urna-profil/,/izgotovlenie-na-zakaz/,/izgotovlenie-na-zakaz/,true,true,internal,pass,
/ulichnaya-mebel/urny/urna-profil/,/vypolnennye-obekty/,/vypolnennye-obekty/,true,true,internal,pass,
/ulichnaya-mebel/urny/urna-profil/,/o-nas/,/o-nas/,true,true,internal,pass,
/ulichnaya-mebel/urny/urna-profil/,/kontakty/,/kontakty/,true,true,internal,pass,
/ulichnaya-mebel/urny/urna-profil/,/vakansii/,/vakansii/,true,true,internal,pass,
/ulichnaya-mebel/urny/urna-profil/,/izgotovlenie-na-zakaz/,/izgotovlenie-na-zakaz/,true,true,internal,pass,
/ulichnaya-mebel/urny/urna-profil/,/vypolnennye-obekty/,/vypolnennye-obekty/,true,true,internal,pass,
/ulichnaya-mebel/urny/urna-profil/,/o-nas/,/o-nas/,true,true,internal,pass,
/ulichnaya-mebel/urny/urna-profil/,/kontakty/,/kontakty/,true,true,internal,pass,
/ulichnaya-mebel/urny/urna-profil/,/vakansii/,/vakansii/,true,true,internal,pass,
/ulichnaya-mebel/urny/urna-profil/,#contact,/ulichnaya-mebel/urny/urna-profil/,true,true,anchor,pass,
/ulichnaya-mebel/urny/urna-profil/,tel:+79129735006,,true,true,tel,pass,
/ulichnaya-mebel/urny/urna-profil/,tel:+79125799665,,true,true,tel,pass,
/ulichnaya-mebel/urny/urna-profil/,https://t.me/smu1build,,true,true,external,pass,
/ulichnaya-mebel/urny/urna-profil/,mailto:smu1.kurgan@yandex.ru,,true,true,mailto,pass,
/ulichnaya-mebel/urny/urna-profil/,/politika-konfidencialnosti/,/politika-konfidencialnosti/,true,true,internal,pass,
/ulichnaya-mebel/urny/urna-profil/,/politika-konfidencialnosti/,/politika-konfidencialnosti/,true,true,internal,pass,
/ulichnaya-mebel/urny/urna-slim/,#main-content,/ulichnaya-mebel/urny/urna-slim/,true,true,anchor,pass,
/ulichnaya-mebel/urny/urna-slim/,/,/,true,true,internal,pass,
/ulichnaya-mebel/urny/urna-slim/,/ulichnaya-mebel/,/ulichnaya-mebel/,true,true,internal,pass,
/ulichnaya-mebel/urny/urna-slim/,/ograzhdeniya-i-zabory/,/ograzhdeniya-i-zabory/,true,true,internal,pass,
/ulichnaya-mebel/urny/urna-slim/,/navesy-i-kozyrki/,/navesy-i-kozyrki/,true,true,internal,pass,
/ulichnaya-mebel/urny/urna-slim/,/topiarii/,/topiarii/,true,true,internal,pass,
/ulichnaya-mebel/urny/urna-slim/,/izgotovlenie-na-zakaz/,/izgotovlenie-na-zakaz/,true,true,internal,pass,
/ulichnaya-mebel/urny/urna-slim/,/metallokonstruktsii-dlya-biznesa/,/metallokonstruktsii-dlya-biznesa/,true,true,internal,pass,
/ulichnaya-mebel/urny/urna-slim/,/blagoustroystvo-territoriy/,/blagoustroystvo-territoriy/,true,true,internal,pass,
/ulichnaya-mebel/urny/urna-slim/,/stroitelstvo-i-remonty/,/stroitelstvo-i-remonty/,true,true,internal,pass,
/ulichnaya-mebel/urny/urna-slim/,/vypolnennye-obekty/,/vypolnennye-obekty/,true,true,internal,pass,
/ulichnaya-mebel/urny/urna-slim/,/o-nas/,/o-nas/,true,true,internal,pass,
/ulichnaya-mebel/urny/urna-slim/,/kontakty/,/kontakty/,true,true,internal,pass,
/ulichnaya-mebel/urny/urna-slim/,/vakansii/,/vakansii/,true,true,internal,pass,
/ulichnaya-mebel/urny/urna-slim/,tel:+79129735006,,true,true,tel,pass,
/ulichnaya-mebel/urny/urna-slim/,https://t.me/smu1build,,true,true,external,pass,
/ulichnaya-mebel/urny/urna-slim/,#contact,/ulichnaya-mebel/urny/urna-slim/,true,true,anchor,pass,
/ulichnaya-mebel/urny/urna-slim/,/,/,true,true,internal,pass,
/ulichnaya-mebel/urny/urna-slim/,#contact,/ulichnaya-mebel/urny/urna-slim/,true,true,anchor,pass,
/ulichnaya-mebel/urny/urna-slim/,/ulichnaya-mebel/,/ulichnaya-mebel/,true,true,internal,pass,
/ulichnaya-mebel/urny/urna-slim/,/ograzhdeniya-i-zabory/,/ograzhdeniya-i-zabory/,true,true,internal,pass,
/ulichnaya-mebel/urny/urna-slim/,/navesy-i-kozyrki/,/navesy-i-kozyrki/,true,true,internal,pass,
/ulichnaya-mebel/urny/urna-slim/,/topiarii/,/topiarii/,true,true,internal,pass,
/ulichnaya-mebel/urny/urna-slim/,/metallokonstruktsii-dlya-biznesa/,/metallokonstruktsii-dlya-biznesa/,true,true,internal,pass,
/ulichnaya-mebel/urny/urna-slim/,/blagoustroystvo-territoriy/,/blagoustroystvo-territoriy/,true,true,internal,pass,
/ulichnaya-mebel/urny/urna-slim/,/stroitelstvo-i-remonty/,/stroitelstvo-i-remonty/,true,true,internal,pass,
/ulichnaya-mebel/urny/urna-slim/,/izgotovlenie-na-zakaz/,/izgotovlenie-na-zakaz/,true,true,internal,pass,
/ulichnaya-mebel/urny/urna-slim/,/vypolnennye-obekty/,/vypolnennye-obekty/,true,true,internal,pass,
/ulichnaya-mebel/urny/urna-slim/,/o-nas/,/o-nas/,true,true,internal,pass,
/ulichnaya-mebel/urny/urna-slim/,/kontakty/,/kontakty/,true,true,internal,pass,
/ulichnaya-mebel/urny/urna-slim/,/vakansii/,/vakansii/,true,true,internal,pass,
/ulichnaya-mebel/urny/urna-slim/,tel:+79129735006,,true,true,tel,pass,
/ulichnaya-mebel/urny/urna-slim/,tel:+79125799665,,true,true,tel,pass,
/ulichnaya-mebel/urny/urna-slim/,https://t.me/smu1build,,true,true,external,pass,
/ulichnaya-mebel/urny/urna-slim/,mailto:smu1.kurgan@yandex.ru,,true,true,mailto,pass,
/ulichnaya-mebel/urny/urna-slim/,/,/,true,true,internal,pass,
/ulichnaya-mebel/urny/urna-slim/,/ulichnaya-mebel/,/ulichnaya-mebel/,true,true,internal,pass,
/ulichnaya-mebel/urny/urna-slim/,/ulichnaya-mebel/urny/,/ulichnaya-mebel/urny/,true,true,internal,pass,
/ulichnaya-mebel/urny/urna-slim/,#contact,/ulichnaya-mebel/urny/urna-slim/,true,true,anchor,pass,
/ulichnaya-mebel/urny/urna-slim/,https://t.me/smu1build,,true,true,external,pass,
/ulichnaya-mebel/urny/urna-slim/,#contact,/ulichnaya-mebel/urny/urna-slim/,true,true,anchor,pass,
/ulichnaya-mebel/urny/urna-slim/,/ulichnaya-mebel/urny/,/ulichnaya-mebel/urny/,true,true,internal,pass,
/ulichnaya-mebel/urny/urna-slim/,/ulichnaya-mebel/urny/urna-vertikal/,/ulichnaya-mebel/urny/urna-vertikal/,true,true,internal,pass,
/ulichnaya-mebel/urny/urna-slim/,/ulichnaya-mebel/urny/urna-monolit/,/ulichnaya-mebel/urny/urna-monolit/,true,true,internal,pass,
/ulichnaya-mebel/urny/urna-slim/,/ulichnaya-mebel/urny/urna-panel/,/ulichnaya-mebel/urny/urna-panel/,true,true,internal,pass,
/ulichnaya-mebel/urny/urna-slim/,/ulichnaya-mebel/urny/urna-blok/,/ulichnaya-mebel/urny/urna-blok/,true,true,internal,pass,
/ulichnaya-mebel/urny/urna-slim/,https://t.me/smu1build,,true,true,external,pass,
/ulichnaya-mebel/urny/urna-slim/,/izgotovlenie-na-zakaz/,/izgotovlenie-na-zakaz/,true,true,internal,pass,
/ulichnaya-mebel/urny/urna-slim/,tel:+79129735006,,true,true,tel,pass,
/ulichnaya-mebel/urny/urna-slim/,https://t.me/smu1build,,true,true,external,pass,
/ulichnaya-mebel/urny/urna-slim/,mailto:smu1.kurgan@yandex.ru,,true,true,mailto,pass,
/ulichnaya-mebel/urny/urna-slim/,/kontakty/,/kontakty/,true,true,internal,pass,
/ulichnaya-mebel/urny/urna-slim/,/,/,true,true,internal,pass,
/ulichnaya-mebel/urny/urna-slim/,/ulichnaya-mebel/,/ulichnaya-mebel/,true,true,internal,pass,
/ulichnaya-mebel/urny/urna-slim/,/ograzhdeniya-i-zabory/,/ograzhdeniya-i-zabory/,true,true,internal,pass,
/ulichnaya-mebel/urny/urna-slim/,/navesy-i-kozyrki/,/navesy-i-kozyrki/,true,true,internal,pass,
/ulichnaya-mebel/urny/urna-slim/,/metallokonstruktsii-dlya-biznesa/,/metallokonstruktsii-dlya-biznesa/,true,true,internal,pass,
/ulichnaya-mebel/urny/urna-slim/,/topiarii/,/topiarii/,true,true,internal,pass,
/ulichnaya-mebel/urny/urna-slim/,/blagoustroystvo-territoriy/,/blagoustroystvo-territoriy/,true,true,internal,pass,
/ulichnaya-mebel/urny/urna-slim/,/stroitelstvo-i-remonty/,/stroitelstvo-i-remonty/,true,true,internal,pass,
/ulichnaya-mebel/urny/urna-slim/,/ulichnaya-mebel/,/ulichnaya-mebel/,true,true,internal,pass,
/ulichnaya-mebel/urny/urna-slim/,/ograzhdeniya-i-zabory/,/ograzhdeniya-i-zabory/,true,true,internal,pass,
/ulichnaya-mebel/urny/urna-slim/,/navesy-i-kozyrki/,/navesy-i-kozyrki/,true,true,internal,pass,
/ulichnaya-mebel/urny/urna-slim/,/metallokonstruktsii-dlya-biznesa/,/metallokonstruktsii-dlya-biznesa/,true,true,internal,pass,
/ulichnaya-mebel/urny/urna-slim/,/topiarii/,/topiarii/,true,true,internal,pass,
/ulichnaya-mebel/urny/urna-slim/,/blagoustroystvo-territoriy/,/blagoustroystvo-territoriy/,true,true,internal,pass,
/ulichnaya-mebel/urny/urna-slim/,/stroitelstvo-i-remonty/,/stroitelstvo-i-remonty/,true,true,internal,pass,
/ulichnaya-mebel/urny/urna-slim/,/izgotovlenie-na-zakaz/,/izgotovlenie-na-zakaz/,true,true,internal,pass,
/ulichnaya-mebel/urny/urna-slim/,/vypolnennye-obekty/,/vypolnennye-obekty/,true,true,internal,pass,
/ulichnaya-mebel/urny/urna-slim/,/o-nas/,/o-nas/,true,true,internal,pass,
/ulichnaya-mebel/urny/urna-slim/,/kontakty/,/kontakty/,true,true,internal,pass,
/ulichnaya-mebel/urny/urna-slim/,/vakansii/,/vakansii/,true,true,internal,pass,
/ulichnaya-mebel/urny/urna-slim/,/izgotovlenie-na-zakaz/,/izgotovlenie-na-zakaz/,true,true,internal,pass,
/ulichnaya-mebel/urny/urna-slim/,/vypolnennye-obekty/,/vypolnennye-obekty/,true,true,internal,pass,
/ulichnaya-mebel/urny/urna-slim/,/o-nas/,/o-nas/,true,true,internal,pass,
/ulichnaya-mebel/urny/urna-slim/,/kontakty/,/kontakty/,true,true,internal,pass,
/ulichnaya-mebel/urny/urna-slim/,/vakansii/,/vakansii/,true,true,internal,pass,
/ulichnaya-mebel/urny/urna-slim/,#contact,/ulichnaya-mebel/urny/urna-slim/,true,true,anchor,pass,
/ulichnaya-mebel/urny/urna-slim/,tel:+79129735006,,true,true,tel,pass,
/ulichnaya-mebel/urny/urna-slim/,tel:+79125799665,,true,true,tel,pass,
/ulichnaya-mebel/urny/urna-slim/,https://t.me/smu1build,,true,true,external,pass,
/ulichnaya-mebel/urny/urna-slim/,mailto:smu1.kurgan@yandex.ru,,true,true,mailto,pass,
/ulichnaya-mebel/urny/urna-slim/,/politika-konfidencialnosti/,/politika-konfidencialnosti/,true,true,internal,pass,
/ulichnaya-mebel/urny/urna-slim/,/politika-konfidencialnosti/,/politika-konfidencialnosti/,true,true,internal,pass,
/ulichnaya-mebel/urny/urna-vertikal/,#main-content,/ulichnaya-mebel/urny/urna-vertikal/,true,true,anchor,pass,
/ulichnaya-mebel/urny/urna-vertikal/,/,/,true,true,internal,pass,
/ulichnaya-mebel/urny/urna-vertikal/,/ulichnaya-mebel/,/ulichnaya-mebel/,true,true,internal,pass,
/ulichnaya-mebel/urny/urna-vertikal/,/ograzhdeniya-i-zabory/,/ograzhdeniya-i-zabory/,true,true,internal,pass,
/ulichnaya-mebel/urny/urna-vertikal/,/navesy-i-kozyrki/,/navesy-i-kozyrki/,true,true,internal,pass,
/ulichnaya-mebel/urny/urna-vertikal/,/topiarii/,/topiarii/,true,true,internal,pass,
/ulichnaya-mebel/urny/urna-vertikal/,/izgotovlenie-na-zakaz/,/izgotovlenie-na-zakaz/,true,true,internal,pass,
/ulichnaya-mebel/urny/urna-vertikal/,/metallokonstruktsii-dlya-biznesa/,/metallokonstruktsii-dlya-biznesa/,true,true,internal,pass,
/ulichnaya-mebel/urny/urna-vertikal/,/blagoustroystvo-territoriy/,/blagoustroystvo-territoriy/,true,true,internal,pass,
/ulichnaya-mebel/urny/urna-vertikal/,/stroitelstvo-i-remonty/,/stroitelstvo-i-remonty/,true,true,internal,pass,
/ulichnaya-mebel/urny/urna-vertikal/,/vypolnennye-obekty/,/vypolnennye-obekty/,true,true,internal,pass,
/ulichnaya-mebel/urny/urna-vertikal/,/o-nas/,/o-nas/,true,true,internal,pass,
/ulichnaya-mebel/urny/urna-vertikal/,/kontakty/,/kontakty/,true,true,internal,pass,
/ulichnaya-mebel/urny/urna-vertikal/,/vakansii/,/vakansii/,true,true,internal,pass,
/ulichnaya-mebel/urny/urna-vertikal/,tel:+79129735006,,true,true,tel,pass,
/ulichnaya-mebel/urny/urna-vertikal/,https://t.me/smu1build,,true,true,external,pass,
/ulichnaya-mebel/urny/urna-vertikal/,#contact,/ulichnaya-mebel/urny/urna-vertikal/,true,true,anchor,pass,
/ulichnaya-mebel/urny/urna-vertikal/,/,/,true,true,internal,pass,
/ulichnaya-mebel/urny/urna-vertikal/,#contact,/ulichnaya-mebel/urny/urna-vertikal/,true,true,anchor,pass,
/ulichnaya-mebel/urny/urna-vertikal/,/ulichnaya-mebel/,/ulichnaya-mebel/,true,true,internal,pass,
/ulichnaya-mebel/urny/urna-vertikal/,/ograzhdeniya-i-zabory/,/ograzhdeniya-i-zabory/,true,true,internal,pass,
/ulichnaya-mebel/urny/urna-vertikal/,/navesy-i-kozyrki/,/navesy-i-kozyrki/,true,true,internal,pass,
/ulichnaya-mebel/urny/urna-vertikal/,/topiarii/,/topiarii/,true,true,internal,pass,
/ulichnaya-mebel/urny/urna-vertikal/,/metallokonstruktsii-dlya-biznesa/,/metallokonstruktsii-dlya-biznesa/,true,true,internal,pass,
/ulichnaya-mebel/urny/urna-vertikal/,/blagoustroystvo-territoriy/,/blagoustroystvo-territoriy/,true,true,internal,pass,
/ulichnaya-mebel/urny/urna-vertikal/,/stroitelstvo-i-remonty/,/stroitelstvo-i-remonty/,true,true,internal,pass,
/ulichnaya-mebel/urny/urna-vertikal/,/izgotovlenie-na-zakaz/,/izgotovlenie-na-zakaz/,true,true,internal,pass,
/ulichnaya-mebel/urny/urna-vertikal/,/vypolnennye-obekty/,/vypolnennye-obekty/,true,true,internal,pass,
/ulichnaya-mebel/urny/urna-vertikal/,/o-nas/,/o-nas/,true,true,internal,pass,
/ulichnaya-mebel/urny/urna-vertikal/,/kontakty/,/kontakty/,true,true,internal,pass,
/ulichnaya-mebel/urny/urna-vertikal/,/vakansii/,/vakansii/,true,true,internal,pass,
/ulichnaya-mebel/urny/urna-vertikal/,tel:+79129735006,,true,true,tel,pass,
/ulichnaya-mebel/urny/urna-vertikal/,tel:+79125799665,,true,true,tel,pass,
/ulichnaya-mebel/urny/urna-vertikal/,https://t.me/smu1build,,true,true,external,pass,
/ulichnaya-mebel/urny/urna-vertikal/,mailto:smu1.kurgan@yandex.ru,,true,true,mailto,pass,
/ulichnaya-mebel/urny/urna-vertikal/,/,/,true,true,internal,pass,
/ulichnaya-mebel/urny/urna-vertikal/,/ulichnaya-mebel/,/ulichnaya-mebel/,true,true,internal,pass,
/ulichnaya-mebel/urny/urna-vertikal/,/ulichnaya-mebel/urny/,/ulichnaya-mebel/urny/,true,true,internal,pass,
/ulichnaya-mebel/urny/urna-vertikal/,#contact,/ulichnaya-mebel/urny/urna-vertikal/,true,true,anchor,pass,
/ulichnaya-mebel/urny/urna-vertikal/,https://t.me/smu1build,,true,true,external,pass,
/ulichnaya-mebel/urny/urna-vertikal/,#contact,/ulichnaya-mebel/urny/urna-vertikal/,true,true,anchor,pass,
/ulichnaya-mebel/urny/urna-vertikal/,/ulichnaya-mebel/urny/,/ulichnaya-mebel/urny/,true,true,internal,pass,
/ulichnaya-mebel/urny/urna-vertikal/,/ulichnaya-mebel/urny/urna-monolit/,/ulichnaya-mebel/urny/urna-monolit/,true,true,internal,pass,
/ulichnaya-mebel/urny/urna-vertikal/,/ulichnaya-mebel/urny/urna-panel/,/ulichnaya-mebel/urny/urna-panel/,true,true,internal,pass,
/ulichnaya-mebel/urny/urna-vertikal/,/ulichnaya-mebel/urny/urna-blok/,/ulichnaya-mebel/urny/urna-blok/,true,true,internal,pass,
/ulichnaya-mebel/urny/urna-vertikal/,/ulichnaya-mebel/urny/urna-kolonna/,/ulichnaya-mebel/urny/urna-kolonna/,true,true,internal,pass,
/ulichnaya-mebel/urny/urna-vertikal/,https://t.me/smu1build,,true,true,external,pass,
/ulichnaya-mebel/urny/urna-vertikal/,/izgotovlenie-na-zakaz/,/izgotovlenie-na-zakaz/,true,true,internal,pass,
/ulichnaya-mebel/urny/urna-vertikal/,tel:+79129735006,,true,true,tel,pass,
/ulichnaya-mebel/urny/urna-vertikal/,https://t.me/smu1build,,true,true,external,pass,
/ulichnaya-mebel/urny/urna-vertikal/,mailto:smu1.kurgan@yandex.ru,,true,true,mailto,pass,
/ulichnaya-mebel/urny/urna-vertikal/,/kontakty/,/kontakty/,true,true,internal,pass,
/ulichnaya-mebel/urny/urna-vertikal/,/,/,true,true,internal,pass,
/ulichnaya-mebel/urny/urna-vertikal/,/ulichnaya-mebel/,/ulichnaya-mebel/,true,true,internal,pass,
/ulichnaya-mebel/urny/urna-vertikal/,/ograzhdeniya-i-zabory/,/ograzhdeniya-i-zabory/,true,true,internal,pass,
/ulichnaya-mebel/urny/urna-vertikal/,/navesy-i-kozyrki/,/navesy-i-kozyrki/,true,true,internal,pass,
/ulichnaya-mebel/urny/urna-vertikal/,/metallokonstruktsii-dlya-biznesa/,/metallokonstruktsii-dlya-biznesa/,true,true,internal,pass,
/ulichnaya-mebel/urny/urna-vertikal/,/topiarii/,/topiarii/,true,true,internal,pass,
/ulichnaya-mebel/urny/urna-vertikal/,/blagoustroystvo-territoriy/,/blagoustroystvo-territoriy/,true,true,internal,pass,
/ulichnaya-mebel/urny/urna-vertikal/,/stroitelstvo-i-remonty/,/stroitelstvo-i-remonty/,true,true,internal,pass,
/ulichnaya-mebel/urny/urna-vertikal/,/ulichnaya-mebel/,/ulichnaya-mebel/,true,true,internal,pass,
/ulichnaya-mebel/urny/urna-vertikal/,/ograzhdeniya-i-zabory/,/ograzhdeniya-i-zabory/,true,true,internal,pass,
/ulichnaya-mebel/urny/urna-vertikal/,/navesy-i-kozyrki/,/navesy-i-kozyrki/,true,true,internal,pass,
/ulichnaya-mebel/urny/urna-vertikal/,/metallokonstruktsii-dlya-biznesa/,/metallokonstruktsii-dlya-biznesa/,true,true,internal,pass,
/ulichnaya-mebel/urny/urna-vertikal/,/topiarii/,/topiarii/,true,true,internal,pass,
/ulichnaya-mebel/urny/urna-vertikal/,/blagoustroystvo-territoriy/,/blagoustroystvo-territoriy/,true,true,internal,pass,
/ulichnaya-mebel/urny/urna-vertikal/,/stroitelstvo-i-remonty/,/stroitelstvo-i-remonty/,true,true,internal,pass,
/ulichnaya-mebel/urny/urna-vertikal/,/izgotovlenie-na-zakaz/,/izgotovlenie-na-zakaz/,true,true,internal,pass,
/ulichnaya-mebel/urny/urna-vertikal/,/vypolnennye-obekty/,/vypolnennye-obekty/,true,true,internal,pass,
/ulichnaya-mebel/urny/urna-vertikal/,/o-nas/,/o-nas/,true,true,internal,pass,
/ulichnaya-mebel/urny/urna-vertikal/,/kontakty/,/kontakty/,true,true,internal,pass,
/ulichnaya-mebel/urny/urna-vertikal/,/vakansii/,/vakansii/,true,true,internal,pass,
/ulichnaya-mebel/urny/urna-vertikal/,/izgotovlenie-na-zakaz/,/izgotovlenie-na-zakaz/,true,true,internal,pass,
/ulichnaya-mebel/urny/urna-vertikal/,/vypolnennye-obekty/,/vypolnennye-obekty/,true,true,internal,pass,
/ulichnaya-mebel/urny/urna-vertikal/,/o-nas/,/o-nas/,true,true,internal,pass,
/ulichnaya-mebel/urny/urna-vertikal/,/kontakty/,/kontakty/,true,true,internal,pass,
/ulichnaya-mebel/urny/urna-vertikal/,/vakansii/,/vakansii/,true,true,internal,pass,
/ulichnaya-mebel/urny/urna-vertikal/,#contact,/ulichnaya-mebel/urny/urna-vertikal/,true,true,anchor,pass,
/ulichnaya-mebel/urny/urna-vertikal/,tel:+79129735006,,true,true,tel,pass,
/ulichnaya-mebel/urny/urna-vertikal/,tel:+79125799665,,true,true,tel,pass,
/ulichnaya-mebel/urny/urna-vertikal/,https://t.me/smu1build,,true,true,external,pass,
/ulichnaya-mebel/urny/urna-vertikal/,mailto:smu1.kurgan@yandex.ru,,true,true,mailto,pass,
/ulichnaya-mebel/urny/urna-vertikal/,/politika-konfidencialnosti/,/politika-konfidencialnosti/,true,true,internal,pass,
/ulichnaya-mebel/urny/urna-vertikal/,/politika-konfidencialnosti/,/politika-konfidencialnosti/,true,true,internal,pass,
/ulichnaya-mebel/vazony-i-tsvetochnitsy/vazon-gorizont/,#main-content,/ulichnaya-mebel/vazony-i-tsvetochnitsy/vazon-gorizont/,true,true,anchor,pass,
/ulichnaya-mebel/vazony-i-tsvetochnitsy/vazon-gorizont/,/,/,true,true,internal,pass,
/ulichnaya-mebel/vazony-i-tsvetochnitsy/vazon-gorizont/,/ulichnaya-mebel/,/ulichnaya-mebel/,true,true,internal,pass,
/ulichnaya-mebel/vazony-i-tsvetochnitsy/vazon-gorizont/,/ograzhdeniya-i-zabory/,/ograzhdeniya-i-zabory/,true,true,internal,pass,
/ulichnaya-mebel/vazony-i-tsvetochnitsy/vazon-gorizont/,/navesy-i-kozyrki/,/navesy-i-kozyrki/,true,true,internal,pass,
/ulichnaya-mebel/vazony-i-tsvetochnitsy/vazon-gorizont/,/topiarii/,/topiarii/,true,true,internal,pass,
/ulichnaya-mebel/vazony-i-tsvetochnitsy/vazon-gorizont/,/izgotovlenie-na-zakaz/,/izgotovlenie-na-zakaz/,true,true,internal,pass,
/ulichnaya-mebel/vazony-i-tsvetochnitsy/vazon-gorizont/,/metallokonstruktsii-dlya-biznesa/,/metallokonstruktsii-dlya-biznesa/,true,true,internal,pass,
/ulichnaya-mebel/vazony-i-tsvetochnitsy/vazon-gorizont/,/blagoustroystvo-territoriy/,/blagoustroystvo-territoriy/,true,true,internal,pass,
/ulichnaya-mebel/vazony-i-tsvetochnitsy/vazon-gorizont/,/stroitelstvo-i-remonty/,/stroitelstvo-i-remonty/,true,true,internal,pass,
/ulichnaya-mebel/vazony-i-tsvetochnitsy/vazon-gorizont/,/vypolnennye-obekty/,/vypolnennye-obekty/,true,true,internal,pass,
/ulichnaya-mebel/vazony-i-tsvetochnitsy/vazon-gorizont/,/o-nas/,/o-nas/,true,true,internal,pass,
/ulichnaya-mebel/vazony-i-tsvetochnitsy/vazon-gorizont/,/kontakty/,/kontakty/,true,true,internal,pass,
/ulichnaya-mebel/vazony-i-tsvetochnitsy/vazon-gorizont/,/vakansii/,/vakansii/,true,true,internal,pass,
/ulichnaya-mebel/vazony-i-tsvetochnitsy/vazon-gorizont/,tel:+79129735006,,true,true,tel,pass,
/ulichnaya-mebel/vazony-i-tsvetochnitsy/vazon-gorizont/,https://t.me/smu1build,,true,true,external,pass,
/ulichnaya-mebel/vazony-i-tsvetochnitsy/vazon-gorizont/,#contact,/ulichnaya-mebel/vazony-i-tsvetochnitsy/vazon-gorizont/,true,true,anchor,pass,
/ulichnaya-mebel/vazony-i-tsvetochnitsy/vazon-gorizont/,/,/,true,true,internal,pass,
/ulichnaya-mebel/vazony-i-tsvetochnitsy/vazon-gorizont/,#contact,/ulichnaya-mebel/vazony-i-tsvetochnitsy/vazon-gorizont/,true,true,anchor,pass,
/ulichnaya-mebel/vazony-i-tsvetochnitsy/vazon-gorizont/,/ulichnaya-mebel/,/ulichnaya-mebel/,true,true,internal,pass,
/ulichnaya-mebel/vazony-i-tsvetochnitsy/vazon-gorizont/,/ograzhdeniya-i-zabory/,/ograzhdeniya-i-zabory/,true,true,internal,pass,
/ulichnaya-mebel/vazony-i-tsvetochnitsy/vazon-gorizont/,/navesy-i-kozyrki/,/navesy-i-kozyrki/,true,true,internal,pass,
/ulichnaya-mebel/vazony-i-tsvetochnitsy/vazon-gorizont/,/topiarii/,/topiarii/,true,true,internal,pass,
/ulichnaya-mebel/vazony-i-tsvetochnitsy/vazon-gorizont/,/metallokonstruktsii-dlya-biznesa/,/metallokonstruktsii-dlya-biznesa/,true,true,internal,pass,
/ulichnaya-mebel/vazony-i-tsvetochnitsy/vazon-gorizont/,/blagoustroystvo-territoriy/,/blagoustroystvo-territoriy/,true,true,internal,pass,
/ulichnaya-mebel/vazony-i-tsvetochnitsy/vazon-gorizont/,/stroitelstvo-i-remonty/,/stroitelstvo-i-remonty/,true,true,internal,pass,
/ulichnaya-mebel/vazony-i-tsvetochnitsy/vazon-gorizont/,/izgotovlenie-na-zakaz/,/izgotovlenie-na-zakaz/,true,true,internal,pass,
/ulichnaya-mebel/vazony-i-tsvetochnitsy/vazon-gorizont/,/vypolnennye-obekty/,/vypolnennye-obekty/,true,true,internal,pass,
/ulichnaya-mebel/vazony-i-tsvetochnitsy/vazon-gorizont/,/o-nas/,/o-nas/,true,true,internal,pass,
/ulichnaya-mebel/vazony-i-tsvetochnitsy/vazon-gorizont/,/kontakty/,/kontakty/,true,true,internal,pass,
/ulichnaya-mebel/vazony-i-tsvetochnitsy/vazon-gorizont/,/vakansii/,/vakansii/,true,true,internal,pass,
/ulichnaya-mebel/vazony-i-tsvetochnitsy/vazon-gorizont/,tel:+79129735006,,true,true,tel,pass,
/ulichnaya-mebel/vazony-i-tsvetochnitsy/vazon-gorizont/,tel:+79125799665,,true,true,tel,pass,
/ulichnaya-mebel/vazony-i-tsvetochnitsy/vazon-gorizont/,https://t.me/smu1build,,true,true,external,pass,
/ulichnaya-mebel/vazony-i-tsvetochnitsy/vazon-gorizont/,mailto:smu1.kurgan@yandex.ru,,true,true,mailto,pass,
/ulichnaya-mebel/vazony-i-tsvetochnitsy/vazon-gorizont/,/,/,true,true,internal,pass,
/ulichnaya-mebel/vazony-i-tsvetochnitsy/vazon-gorizont/,/ulichnaya-mebel/,/ulichnaya-mebel/,true,true,internal,pass,
/ulichnaya-mebel/vazony-i-tsvetochnitsy/vazon-gorizont/,/ulichnaya-mebel/vazony-i-tsvetochnitsy/,/ulichnaya-mebel/vazony-i-tsvetochnitsy/,true,true,internal,pass,
/ulichnaya-mebel/vazony-i-tsvetochnitsy/vazon-gorizont/,#contact,/ulichnaya-mebel/vazony-i-tsvetochnitsy/vazon-gorizont/,true,true,anchor,pass,
/ulichnaya-mebel/vazony-i-tsvetochnitsy/vazon-gorizont/,https://t.me/smu1build,,true,true,external,pass,
/ulichnaya-mebel/vazony-i-tsvetochnitsy/vazon-gorizont/,#contact,/ulichnaya-mebel/vazony-i-tsvetochnitsy/vazon-gorizont/,true,true,anchor,pass,
/ulichnaya-mebel/vazony-i-tsvetochnitsy/vazon-gorizont/,/ulichnaya-mebel/vazony-i-tsvetochnitsy/,/ulichnaya-mebel/vazony-i-tsvetochnitsy/,true,true,internal,pass,
/ulichnaya-mebel/vazony-i-tsvetochnitsy/vazon-gorizont/,/ulichnaya-mebel/vazony-i-tsvetochnitsy/vazon-ritm/,/ulichnaya-mebel/vazony-i-tsvetochnitsy/vazon-ritm/,true,true,internal,pass,
/ulichnaya-mebel/vazony-i-tsvetochnitsy/vazon-gorizont/,/ulichnaya-mebel/vazony-i-tsvetochnitsy/vazon-kontur/,/ulichnaya-mebel/vazony-i-tsvetochnitsy/vazon-kontur/,true,true,internal,pass,
/ulichnaya-mebel/vazony-i-tsvetochnitsy/vazon-gorizont/,/ulichnaya-mebel/vazony-i-tsvetochnitsy/vazon-koltso/,/ulichnaya-mebel/vazony-i-tsvetochnitsy/vazon-koltso/,true,true,internal,pass,
/ulichnaya-mebel/vazony-i-tsvetochnitsy/vazon-gorizont/,/ulichnaya-mebel/vazony-i-tsvetochnitsy/vazon-soft/,/ulichnaya-mebel/vazony-i-tsvetochnitsy/vazon-soft/,true,true,internal,pass,
/ulichnaya-mebel/vazony-i-tsvetochnitsy/vazon-gorizont/,https://t.me/smu1build,,true,true,external,pass,
/ulichnaya-mebel/vazony-i-tsvetochnitsy/vazon-gorizont/,/izgotovlenie-na-zakaz/,/izgotovlenie-na-zakaz/,true,true,internal,pass,
/ulichnaya-mebel/vazony-i-tsvetochnitsy/vazon-gorizont/,tel:+79129735006,,true,true,tel,pass,
/ulichnaya-mebel/vazony-i-tsvetochnitsy/vazon-gorizont/,https://t.me/smu1build,,true,true,external,pass,
/ulichnaya-mebel/vazony-i-tsvetochnitsy/vazon-gorizont/,mailto:smu1.kurgan@yandex.ru,,true,true,mailto,pass,
/ulichnaya-mebel/vazony-i-tsvetochnitsy/vazon-gorizont/,/kontakty/,/kontakty/,true,true,internal,pass,
/ulichnaya-mebel/vazony-i-tsvetochnitsy/vazon-gorizont/,/,/,true,true,internal,pass,
/ulichnaya-mebel/vazony-i-tsvetochnitsy/vazon-gorizont/,/ulichnaya-mebel/,/ulichnaya-mebel/,true,true,internal,pass,
/ulichnaya-mebel/vazony-i-tsvetochnitsy/vazon-gorizont/,/ograzhdeniya-i-zabory/,/ograzhdeniya-i-zabory/,true,true,internal,pass,
/ulichnaya-mebel/vazony-i-tsvetochnitsy/vazon-gorizont/,/navesy-i-kozyrki/,/navesy-i-kozyrki/,true,true,internal,pass,
/ulichnaya-mebel/vazony-i-tsvetochnitsy/vazon-gorizont/,/metallokonstruktsii-dlya-biznesa/,/metallokonstruktsii-dlya-biznesa/,true,true,internal,pass,
/ulichnaya-mebel/vazony-i-tsvetochnitsy/vazon-gorizont/,/topiarii/,/topiarii/,true,true,internal,pass,
/ulichnaya-mebel/vazony-i-tsvetochnitsy/vazon-gorizont/,/blagoustroystvo-territoriy/,/blagoustroystvo-territoriy/,true,true,internal,pass,
/ulichnaya-mebel/vazony-i-tsvetochnitsy/vazon-gorizont/,/stroitelstvo-i-remonty/,/stroitelstvo-i-remonty/,true,true,internal,pass,
/ulichnaya-mebel/vazony-i-tsvetochnitsy/vazon-gorizont/,/ulichnaya-mebel/,/ulichnaya-mebel/,true,true,internal,pass,
/ulichnaya-mebel/vazony-i-tsvetochnitsy/vazon-gorizont/,/ograzhdeniya-i-zabory/,/ograzhdeniya-i-zabory/,true,true,internal,pass,
/ulichnaya-mebel/vazony-i-tsvetochnitsy/vazon-gorizont/,/navesy-i-kozyrki/,/navesy-i-kozyrki/,true,true,internal,pass,
/ulichnaya-mebel/vazony-i-tsvetochnitsy/vazon-gorizont/,/metallokonstruktsii-dlya-biznesa/,/metallokonstruktsii-dlya-biznesa/,true,true,internal,pass,
/ulichnaya-mebel/vazony-i-tsvetochnitsy/vazon-gorizont/,/topiarii/,/topiarii/,true,true,internal,pass,
/ulichnaya-mebel/vazony-i-tsvetochnitsy/vazon-gorizont/,/blagoustroystvo-territoriy/,/blagoustroystvo-territoriy/,true,true,internal,pass,
/ulichnaya-mebel/vazony-i-tsvetochnitsy/vazon-gorizont/,/stroitelstvo-i-remonty/,/stroitelstvo-i-remonty/,true,true,internal,pass,
/ulichnaya-mebel/vazony-i-tsvetochnitsy/vazon-gorizont/,/izgotovlenie-na-zakaz/,/izgotovlenie-na-zakaz/,true,true,internal,pass,
/ulichnaya-mebel/vazony-i-tsvetochnitsy/vazon-gorizont/,/vypolnennye-obekty/,/vypolnennye-obekty/,true,true,internal,pass,
/ulichnaya-mebel/vazony-i-tsvetochnitsy/vazon-gorizont/,/o-nas/,/o-nas/,true,true,internal,pass,
/ulichnaya-mebel/vazony-i-tsvetochnitsy/vazon-gorizont/,/kontakty/,/kontakty/,true,true,internal,pass,
/ulichnaya-mebel/vazony-i-tsvetochnitsy/vazon-gorizont/,/vakansii/,/vakansii/,true,true,internal,pass,
/ulichnaya-mebel/vazony-i-tsvetochnitsy/vazon-gorizont/,/izgotovlenie-na-zakaz/,/izgotovlenie-na-zakaz/,true,true,internal,pass,
/ulichnaya-mebel/vazony-i-tsvetochnitsy/vazon-gorizont/,/vypolnennye-obekty/,/vypolnennye-obekty/,true,true,internal,pass,
/ulichnaya-mebel/vazony-i-tsvetochnitsy/vazon-gorizont/,/o-nas/,/o-nas/,true,true,internal,pass,
/ulichnaya-mebel/vazony-i-tsvetochnitsy/vazon-gorizont/,/kontakty/,/kontakty/,true,true,internal,pass,
/ulichnaya-mebel/vazony-i-tsvetochnitsy/vazon-gorizont/,/vakansii/,/vakansii/,true,true,internal,pass,
/ulichnaya-mebel/vazony-i-tsvetochnitsy/vazon-gorizont/,#contact,/ulichnaya-mebel/vazony-i-tsvetochnitsy/vazon-gorizont/,true,true,anchor,pass,
/ulichnaya-mebel/vazony-i-tsvetochnitsy/vazon-gorizont/,tel:+79129735006,,true,true,tel,pass,
/ulichnaya-mebel/vazony-i-tsvetochnitsy/vazon-gorizont/,tel:+79125799665,,true,true,tel,pass,
/ulichnaya-mebel/vazony-i-tsvetochnitsy/vazon-gorizont/,https://t.me/smu1build,,true,true,external,pass,
/ulichnaya-mebel/vazony-i-tsvetochnitsy/vazon-gorizont/,mailto:smu1.kurgan@yandex.ru,,true,true,mailto,pass,
/ulichnaya-mebel/vazony-i-tsvetochnitsy/vazon-gorizont/,/politika-konfidencialnosti/,/politika-konfidencialnosti/,true,true,internal,pass,
/ulichnaya-mebel/vazony-i-tsvetochnitsy/vazon-gorizont/,/politika-konfidencialnosti/,/politika-konfidencialnosti/,true,true,internal,pass,
/ulichnaya-mebel/vazony-i-tsvetochnitsy/vazon-koltso/,#main-content,/ulichnaya-mebel/vazony-i-tsvetochnitsy/vazon-koltso/,true,true,anchor,pass,
/ulichnaya-mebel/vazony-i-tsvetochnitsy/vazon-koltso/,/,/,true,true,internal,pass,
/ulichnaya-mebel/vazony-i-tsvetochnitsy/vazon-koltso/,/ulichnaya-mebel/,/ulichnaya-mebel/,true,true,internal,pass,
/ulichnaya-mebel/vazony-i-tsvetochnitsy/vazon-koltso/,/ograzhdeniya-i-zabory/,/ograzhdeniya-i-zabory/,true,true,internal,pass,
/ulichnaya-mebel/vazony-i-tsvetochnitsy/vazon-koltso/,/navesy-i-kozyrki/,/navesy-i-kozyrki/,true,true,internal,pass,
/ulichnaya-mebel/vazony-i-tsvetochnitsy/vazon-koltso/,/topiarii/,/topiarii/,true,true,internal,pass,
/ulichnaya-mebel/vazony-i-tsvetochnitsy/vazon-koltso/,/izgotovlenie-na-zakaz/,/izgotovlenie-na-zakaz/,true,true,internal,pass,
/ulichnaya-mebel/vazony-i-tsvetochnitsy/vazon-koltso/,/metallokonstruktsii-dlya-biznesa/,/metallokonstruktsii-dlya-biznesa/,true,true,internal,pass,
/ulichnaya-mebel/vazony-i-tsvetochnitsy/vazon-koltso/,/blagoustroystvo-territoriy/,/blagoustroystvo-territoriy/,true,true,internal,pass,
/ulichnaya-mebel/vazony-i-tsvetochnitsy/vazon-koltso/,/stroitelstvo-i-remonty/,/stroitelstvo-i-remonty/,true,true,internal,pass,
/ulichnaya-mebel/vazony-i-tsvetochnitsy/vazon-koltso/,/vypolnennye-obekty/,/vypolnennye-obekty/,true,true,internal,pass,
/ulichnaya-mebel/vazony-i-tsvetochnitsy/vazon-koltso/,/o-nas/,/o-nas/,true,true,internal,pass,
/ulichnaya-mebel/vazony-i-tsvetochnitsy/vazon-koltso/,/kontakty/,/kontakty/,true,true,internal,pass,
/ulichnaya-mebel/vazony-i-tsvetochnitsy/vazon-koltso/,/vakansii/,/vakansii/,true,true,internal,pass,
/ulichnaya-mebel/vazony-i-tsvetochnitsy/vazon-koltso/,tel:+79129735006,,true,true,tel,pass,
/ulichnaya-mebel/vazony-i-tsvetochnitsy/vazon-koltso/,https://t.me/smu1build,,true,true,external,pass,
/ulichnaya-mebel/vazony-i-tsvetochnitsy/vazon-koltso/,#contact,/ulichnaya-mebel/vazony-i-tsvetochnitsy/vazon-koltso/,true,true,anchor,pass,
/ulichnaya-mebel/vazony-i-tsvetochnitsy/vazon-koltso/,/,/,true,true,internal,pass,
/ulichnaya-mebel/vazony-i-tsvetochnitsy/vazon-koltso/,#contact,/ulichnaya-mebel/vazony-i-tsvetochnitsy/vazon-koltso/,true,true,anchor,pass,
/ulichnaya-mebel/vazony-i-tsvetochnitsy/vazon-koltso/,/ulichnaya-mebel/,/ulichnaya-mebel/,true,true,internal,pass,
/ulichnaya-mebel/vazony-i-tsvetochnitsy/vazon-koltso/,/ograzhdeniya-i-zabory/,/ograzhdeniya-i-zabory/,true,true,internal,pass,
/ulichnaya-mebel/vazony-i-tsvetochnitsy/vazon-koltso/,/navesy-i-kozyrki/,/navesy-i-kozyrki/,true,true,internal,pass,
/ulichnaya-mebel/vazony-i-tsvetochnitsy/vazon-koltso/,/topiarii/,/topiarii/,true,true,internal,pass,
/ulichnaya-mebel/vazony-i-tsvetochnitsy/vazon-koltso/,/metallokonstruktsii-dlya-biznesa/,/metallokonstruktsii-dlya-biznesa/,true,true,internal,pass,
/ulichnaya-mebel/vazony-i-tsvetochnitsy/vazon-koltso/,/blagoustroystvo-territoriy/,/blagoustroystvo-territoriy/,true,true,internal,pass,
/ulichnaya-mebel/vazony-i-tsvetochnitsy/vazon-koltso/,/stroitelstvo-i-remonty/,/stroitelstvo-i-remonty/,true,true,internal,pass,
/ulichnaya-mebel/vazony-i-tsvetochnitsy/vazon-koltso/,/izgotovlenie-na-zakaz/,/izgotovlenie-na-zakaz/,true,true,internal,pass,
/ulichnaya-mebel/vazony-i-tsvetochnitsy/vazon-koltso/,/vypolnennye-obekty/,/vypolnennye-obekty/,true,true,internal,pass,
/ulichnaya-mebel/vazony-i-tsvetochnitsy/vazon-koltso/,/o-nas/,/o-nas/,true,true,internal,pass,
/ulichnaya-mebel/vazony-i-tsvetochnitsy/vazon-koltso/,/kontakty/,/kontakty/,true,true,internal,pass,
/ulichnaya-mebel/vazony-i-tsvetochnitsy/vazon-koltso/,/vakansii/,/vakansii/,true,true,internal,pass,
/ulichnaya-mebel/vazony-i-tsvetochnitsy/vazon-koltso/,tel:+79129735006,,true,true,tel,pass,
/ulichnaya-mebel/vazony-i-tsvetochnitsy/vazon-koltso/,tel:+79125799665,,true,true,tel,pass,
/ulichnaya-mebel/vazony-i-tsvetochnitsy/vazon-koltso/,https://t.me/smu1build,,true,true,external,pass,
/ulichnaya-mebel/vazony-i-tsvetochnitsy/vazon-koltso/,mailto:smu1.kurgan@yandex.ru,,true,true,mailto,pass,
/ulichnaya-mebel/vazony-i-tsvetochnitsy/vazon-koltso/,/,/,true,true,internal,pass,
/ulichnaya-mebel/vazony-i-tsvetochnitsy/vazon-koltso/,/ulichnaya-mebel/,/ulichnaya-mebel/,true,true,internal,pass,
/ulichnaya-mebel/vazony-i-tsvetochnitsy/vazon-koltso/,/ulichnaya-mebel/vazony-i-tsvetochnitsy/,/ulichnaya-mebel/vazony-i-tsvetochnitsy/,true,true,internal,pass,
/ulichnaya-mebel/vazony-i-tsvetochnitsy/vazon-koltso/,#contact,/ulichnaya-mebel/vazony-i-tsvetochnitsy/vazon-koltso/,true,true,anchor,pass,
/ulichnaya-mebel/vazony-i-tsvetochnitsy/vazon-koltso/,https://t.me/smu1build,,true,true,external,pass,
/ulichnaya-mebel/vazony-i-tsvetochnitsy/vazon-koltso/,#contact,/ulichnaya-mebel/vazony-i-tsvetochnitsy/vazon-koltso/,true,true,anchor,pass,
/ulichnaya-mebel/vazony-i-tsvetochnitsy/vazon-koltso/,/ulichnaya-mebel/vazony-i-tsvetochnitsy/,/ulichnaya-mebel/vazony-i-tsvetochnitsy/,true,true,internal,pass,
/ulichnaya-mebel/vazony-i-tsvetochnitsy/vazon-koltso/,/ulichnaya-mebel/vazony-i-tsvetochnitsy/vazon-ritm/,/ulichnaya-mebel/vazony-i-tsvetochnitsy/vazon-ritm/,true,true,internal,pass,
/ulichnaya-mebel/vazony-i-tsvetochnitsy/vazon-koltso/,/ulichnaya-mebel/vazony-i-tsvetochnitsy/vazon-kontur/,/ulichnaya-mebel/vazony-i-tsvetochnitsy/vazon-kontur/,true,true,internal,pass,
/ulichnaya-mebel/vazony-i-tsvetochnitsy/vazon-koltso/,/ulichnaya-mebel/vazony-i-tsvetochnitsy/vazon-gorizont/,/ulichnaya-mebel/vazony-i-tsvetochnitsy/vazon-gorizont/,true,true,internal,pass,
/ulichnaya-mebel/vazony-i-tsvetochnitsy/vazon-koltso/,/ulichnaya-mebel/vazony-i-tsvetochnitsy/vazon-soft/,/ulichnaya-mebel/vazony-i-tsvetochnitsy/vazon-soft/,true,true,internal,pass,
/ulichnaya-mebel/vazony-i-tsvetochnitsy/vazon-koltso/,https://t.me/smu1build,,true,true,external,pass,
/ulichnaya-mebel/vazony-i-tsvetochnitsy/vazon-koltso/,/izgotovlenie-na-zakaz/,/izgotovlenie-na-zakaz/,true,true,internal,pass,
/ulichnaya-mebel/vazony-i-tsvetochnitsy/vazon-koltso/,tel:+79129735006,,true,true,tel,pass,
/ulichnaya-mebel/vazony-i-tsvetochnitsy/vazon-koltso/,https://t.me/smu1build,,true,true,external,pass,
/ulichnaya-mebel/vazony-i-tsvetochnitsy/vazon-koltso/,mailto:smu1.kurgan@yandex.ru,,true,true,mailto,pass,
/ulichnaya-mebel/vazony-i-tsvetochnitsy/vazon-koltso/,/kontakty/,/kontakty/,true,true,internal,pass,
/ulichnaya-mebel/vazony-i-tsvetochnitsy/vazon-koltso/,/,/,true,true,internal,pass,
/ulichnaya-mebel/vazony-i-tsvetochnitsy/vazon-koltso/,/ulichnaya-mebel/,/ulichnaya-mebel/,true,true,internal,pass,
/ulichnaya-mebel/vazony-i-tsvetochnitsy/vazon-koltso/,/ograzhdeniya-i-zabory/,/ograzhdeniya-i-zabory/,true,true,internal,pass,
/ulichnaya-mebel/vazony-i-tsvetochnitsy/vazon-koltso/,/navesy-i-kozyrki/,/navesy-i-kozyrki/,true,true,internal,pass,
/ulichnaya-mebel/vazony-i-tsvetochnitsy/vazon-koltso/,/metallokonstruktsii-dlya-biznesa/,/metallokonstruktsii-dlya-biznesa/,true,true,internal,pass,
/ulichnaya-mebel/vazony-i-tsvetochnitsy/vazon-koltso/,/topiarii/,/topiarii/,true,true,internal,pass,
/ulichnaya-mebel/vazony-i-tsvetochnitsy/vazon-koltso/,/blagoustroystvo-territoriy/,/blagoustroystvo-territoriy/,true,true,internal,pass,
/ulichnaya-mebel/vazony-i-tsvetochnitsy/vazon-koltso/,/stroitelstvo-i-remonty/,/stroitelstvo-i-remonty/,true,true,internal,pass,
/ulichnaya-mebel/vazony-i-tsvetochnitsy/vazon-koltso/,/ulichnaya-mebel/,/ulichnaya-mebel/,true,true,internal,pass,
/ulichnaya-mebel/vazony-i-tsvetochnitsy/vazon-koltso/,/ograzhdeniya-i-zabory/,/ograzhdeniya-i-zabory/,true,true,internal,pass,
/ulichnaya-mebel/vazony-i-tsvetochnitsy/vazon-koltso/,/navesy-i-kozyrki/,/navesy-i-kozyrki/,true,true,internal,pass,
/ulichnaya-mebel/vazony-i-tsvetochnitsy/vazon-koltso/,/metallokonstruktsii-dlya-biznesa/,/metallokonstruktsii-dlya-biznesa/,true,true,internal,pass,
/ulichnaya-mebel/vazony-i-tsvetochnitsy/vazon-koltso/,/topiarii/,/topiarii/,true,true,internal,pass,
/ulichnaya-mebel/vazony-i-tsvetochnitsy/vazon-koltso/,/blagoustroystvo-territoriy/,/blagoustroystvo-territoriy/,true,true,internal,pass,
/ulichnaya-mebel/vazony-i-tsvetochnitsy/vazon-koltso/,/stroitelstvo-i-remonty/,/stroitelstvo-i-remonty/,true,true,internal,pass,
/ulichnaya-mebel/vazony-i-tsvetochnitsy/vazon-koltso/,/izgotovlenie-na-zakaz/,/izgotovlenie-na-zakaz/,true,true,internal,pass,
/ulichnaya-mebel/vazony-i-tsvetochnitsy/vazon-koltso/,/vypolnennye-obekty/,/vypolnennye-obekty/,true,true,internal,pass,
/ulichnaya-mebel/vazony-i-tsvetochnitsy/vazon-koltso/,/o-nas/,/o-nas/,true,true,internal,pass,
/ulichnaya-mebel/vazony-i-tsvetochnitsy/vazon-koltso/,/kontakty/,/kontakty/,true,true,internal,pass,
/ulichnaya-mebel/vazony-i-tsvetochnitsy/vazon-koltso/,/vakansii/,/vakansii/,true,true,internal,pass,
/ulichnaya-mebel/vazony-i-tsvetochnitsy/vazon-koltso/,/izgotovlenie-na-zakaz/,/izgotovlenie-na-zakaz/,true,true,internal,pass,
/ulichnaya-mebel/vazony-i-tsvetochnitsy/vazon-koltso/,/vypolnennye-obekty/,/vypolnennye-obekty/,true,true,internal,pass,
/ulichnaya-mebel/vazony-i-tsvetochnitsy/vazon-koltso/,/o-nas/,/o-nas/,true,true,internal,pass,
/ulichnaya-mebel/vazony-i-tsvetochnitsy/vazon-koltso/,/kontakty/,/kontakty/,true,true,internal,pass,
/ulichnaya-mebel/vazony-i-tsvetochnitsy/vazon-koltso/,/vakansii/,/vakansii/,true,true,internal,pass,
/ulichnaya-mebel/vazony-i-tsvetochnitsy/vazon-koltso/,#contact,/ulichnaya-mebel/vazony-i-tsvetochnitsy/vazon-koltso/,true,true,anchor,pass,
/ulichnaya-mebel/vazony-i-tsvetochnitsy/vazon-koltso/,tel:+79129735006,,true,true,tel,pass,
/ulichnaya-mebel/vazony-i-tsvetochnitsy/vazon-koltso/,tel:+79125799665,,true,true,tel,pass,
/ulichnaya-mebel/vazony-i-tsvetochnitsy/vazon-koltso/,https://t.me/smu1build,,true,true,external,pass,
/ulichnaya-mebel/vazony-i-tsvetochnitsy/vazon-koltso/,mailto:smu1.kurgan@yandex.ru,,true,true,mailto,pass,
/ulichnaya-mebel/vazony-i-tsvetochnitsy/vazon-koltso/,/politika-konfidencialnosti/,/politika-konfidencialnosti/,true,true,internal,pass,
/ulichnaya-mebel/vazony-i-tsvetochnitsy/vazon-koltso/,/politika-konfidencialnosti/,/politika-konfidencialnosti/,true,true,internal,pass,
/ulichnaya-mebel/vazony-i-tsvetochnitsy/vazon-kontur/,#main-content,/ulichnaya-mebel/vazony-i-tsvetochnitsy/vazon-kontur/,true,true,anchor,pass,
/ulichnaya-mebel/vazony-i-tsvetochnitsy/vazon-kontur/,/,/,true,true,internal,pass,
/ulichnaya-mebel/vazony-i-tsvetochnitsy/vazon-kontur/,/ulichnaya-mebel/,/ulichnaya-mebel/,true,true,internal,pass,
/ulichnaya-mebel/vazony-i-tsvetochnitsy/vazon-kontur/,/ograzhdeniya-i-zabory/,/ograzhdeniya-i-zabory/,true,true,internal,pass,
/ulichnaya-mebel/vazony-i-tsvetochnitsy/vazon-kontur/,/navesy-i-kozyrki/,/navesy-i-kozyrki/,true,true,internal,pass,
/ulichnaya-mebel/vazony-i-tsvetochnitsy/vazon-kontur/,/topiarii/,/topiarii/,true,true,internal,pass,
/ulichnaya-mebel/vazony-i-tsvetochnitsy/vazon-kontur/,/izgotovlenie-na-zakaz/,/izgotovlenie-na-zakaz/,true,true,internal,pass,
/ulichnaya-mebel/vazony-i-tsvetochnitsy/vazon-kontur/,/metallokonstruktsii-dlya-biznesa/,/metallokonstruktsii-dlya-biznesa/,true,true,internal,pass,
/ulichnaya-mebel/vazony-i-tsvetochnitsy/vazon-kontur/,/blagoustroystvo-territoriy/,/blagoustroystvo-territoriy/,true,true,internal,pass,
/ulichnaya-mebel/vazony-i-tsvetochnitsy/vazon-kontur/,/stroitelstvo-i-remonty/,/stroitelstvo-i-remonty/,true,true,internal,pass,
/ulichnaya-mebel/vazony-i-tsvetochnitsy/vazon-kontur/,/vypolnennye-obekty/,/vypolnennye-obekty/,true,true,internal,pass,
/ulichnaya-mebel/vazony-i-tsvetochnitsy/vazon-kontur/,/o-nas/,/o-nas/,true,true,internal,pass,
/ulichnaya-mebel/vazony-i-tsvetochnitsy/vazon-kontur/,/kontakty/,/kontakty/,true,true,internal,pass,
/ulichnaya-mebel/vazony-i-tsvetochnitsy/vazon-kontur/,/vakansii/,/vakansii/,true,true,internal,pass,
/ulichnaya-mebel/vazony-i-tsvetochnitsy/vazon-kontur/,tel:+79129735006,,true,true,tel,pass,
/ulichnaya-mebel/vazony-i-tsvetochnitsy/vazon-kontur/,https://t.me/smu1build,,true,true,external,pass,
/ulichnaya-mebel/vazony-i-tsvetochnitsy/vazon-kontur/,#contact,/ulichnaya-mebel/vazony-i-tsvetochnitsy/vazon-kontur/,true,true,anchor,pass,
/ulichnaya-mebel/vazony-i-tsvetochnitsy/vazon-kontur/,/,/,true,true,internal,pass,
/ulichnaya-mebel/vazony-i-tsvetochnitsy/vazon-kontur/,#contact,/ulichnaya-mebel/vazony-i-tsvetochnitsy/vazon-kontur/,true,true,anchor,pass,
/ulichnaya-mebel/vazony-i-tsvetochnitsy/vazon-kontur/,/ulichnaya-mebel/,/ulichnaya-mebel/,true,true,internal,pass,
/ulichnaya-mebel/vazony-i-tsvetochnitsy/vazon-kontur/,/ograzhdeniya-i-zabory/,/ograzhdeniya-i-zabory/,true,true,internal,pass,
/ulichnaya-mebel/vazony-i-tsvetochnitsy/vazon-kontur/,/navesy-i-kozyrki/,/navesy-i-kozyrki/,true,true,internal,pass,
/ulichnaya-mebel/vazony-i-tsvetochnitsy/vazon-kontur/,/topiarii/,/topiarii/,true,true,internal,pass,
/ulichnaya-mebel/vazony-i-tsvetochnitsy/vazon-kontur/,/metallokonstruktsii-dlya-biznesa/,/metallokonstruktsii-dlya-biznesa/,true,true,internal,pass,
/ulichnaya-mebel/vazony-i-tsvetochnitsy/vazon-kontur/,/blagoustroystvo-territoriy/,/blagoustroystvo-territoriy/,true,true,internal,pass,
/ulichnaya-mebel/vazony-i-tsvetochnitsy/vazon-kontur/,/stroitelstvo-i-remonty/,/stroitelstvo-i-remonty/,true,true,internal,pass,
/ulichnaya-mebel/vazony-i-tsvetochnitsy/vazon-kontur/,/izgotovlenie-na-zakaz/,/izgotovlenie-na-zakaz/,true,true,internal,pass,
/ulichnaya-mebel/vazony-i-tsvetochnitsy/vazon-kontur/,/vypolnennye-obekty/,/vypolnennye-obekty/,true,true,internal,pass,
/ulichnaya-mebel/vazony-i-tsvetochnitsy/vazon-kontur/,/o-nas/,/o-nas/,true,true,internal,pass,
/ulichnaya-mebel/vazony-i-tsvetochnitsy/vazon-kontur/,/kontakty/,/kontakty/,true,true,internal,pass,
/ulichnaya-mebel/vazony-i-tsvetochnitsy/vazon-kontur/,/vakansii/,/vakansii/,true,true,internal,pass,
/ulichnaya-mebel/vazony-i-tsvetochnitsy/vazon-kontur/,tel:+79129735006,,true,true,tel,pass,
/ulichnaya-mebel/vazony-i-tsvetochnitsy/vazon-kontur/,tel:+79125799665,,true,true,tel,pass,
/ulichnaya-mebel/vazony-i-tsvetochnitsy/vazon-kontur/,https://t.me/smu1build,,true,true,external,pass,
/ulichnaya-mebel/vazony-i-tsvetochnitsy/vazon-kontur/,mailto:smu1.kurgan@yandex.ru,,true,true,mailto,pass,
/ulichnaya-mebel/vazony-i-tsvetochnitsy/vazon-kontur/,/,/,true,true,internal,pass,
/ulichnaya-mebel/vazony-i-tsvetochnitsy/vazon-kontur/,/ulichnaya-mebel/,/ulichnaya-mebel/,true,true,internal,pass,
/ulichnaya-mebel/vazony-i-tsvetochnitsy/vazon-kontur/,/ulichnaya-mebel/vazony-i-tsvetochnitsy/,/ulichnaya-mebel/vazony-i-tsvetochnitsy/,true,true,internal,pass,
/ulichnaya-mebel/vazony-i-tsvetochnitsy/vazon-kontur/,#contact,/ulichnaya-mebel/vazony-i-tsvetochnitsy/vazon-kontur/,true,true,anchor,pass,
/ulichnaya-mebel/vazony-i-tsvetochnitsy/vazon-kontur/,https://t.me/smu1build,,true,true,external,pass,
/ulichnaya-mebel/vazony-i-tsvetochnitsy/vazon-kontur/,#contact,/ulichnaya-mebel/vazony-i-tsvetochnitsy/vazon-kontur/,true,true,anchor,pass,
/ulichnaya-mebel/vazony-i-tsvetochnitsy/vazon-kontur/,/ulichnaya-mebel/vazony-i-tsvetochnitsy/,/ulichnaya-mebel/vazony-i-tsvetochnitsy/,true,true,internal,pass,
/ulichnaya-mebel/vazony-i-tsvetochnitsy/vazon-kontur/,/ulichnaya-mebel/vazony-i-tsvetochnitsy/vazon-ritm/,/ulichnaya-mebel/vazony-i-tsvetochnitsy/vazon-ritm/,true,true,internal,pass,
/ulichnaya-mebel/vazony-i-tsvetochnitsy/vazon-kontur/,/ulichnaya-mebel/vazony-i-tsvetochnitsy/vazon-koltso/,/ulichnaya-mebel/vazony-i-tsvetochnitsy/vazon-koltso/,true,true,internal,pass,
/ulichnaya-mebel/vazony-i-tsvetochnitsy/vazon-kontur/,/ulichnaya-mebel/vazony-i-tsvetochnitsy/vazon-gorizont/,/ulichnaya-mebel/vazony-i-tsvetochnitsy/vazon-gorizont/,true,true,internal,pass,
/ulichnaya-mebel/vazony-i-tsvetochnitsy/vazon-kontur/,/ulichnaya-mebel/vazony-i-tsvetochnitsy/vazon-soft/,/ulichnaya-mebel/vazony-i-tsvetochnitsy/vazon-soft/,true,true,internal,pass,
/ulichnaya-mebel/vazony-i-tsvetochnitsy/vazon-kontur/,https://t.me/smu1build,,true,true,external,pass,
/ulichnaya-mebel/vazony-i-tsvetochnitsy/vazon-kontur/,/izgotovlenie-na-zakaz/,/izgotovlenie-na-zakaz/,true,true,internal,pass,
/ulichnaya-mebel/vazony-i-tsvetochnitsy/vazon-kontur/,tel:+79129735006,,true,true,tel,pass,
/ulichnaya-mebel/vazony-i-tsvetochnitsy/vazon-kontur/,https://t.me/smu1build,,true,true,external,pass,
/ulichnaya-mebel/vazony-i-tsvetochnitsy/vazon-kontur/,mailto:smu1.kurgan@yandex.ru,,true,true,mailto,pass,
/ulichnaya-mebel/vazony-i-tsvetochnitsy/vazon-kontur/,/kontakty/,/kontakty/,true,true,internal,pass,
/ulichnaya-mebel/vazony-i-tsvetochnitsy/vazon-kontur/,/,/,true,true,internal,pass,
/ulichnaya-mebel/vazony-i-tsvetochnitsy/vazon-kontur/,/ulichnaya-mebel/,/ulichnaya-mebel/,true,true,internal,pass,
/ulichnaya-mebel/vazony-i-tsvetochnitsy/vazon-kontur/,/ograzhdeniya-i-zabory/,/ograzhdeniya-i-zabory/,true,true,internal,pass,
/ulichnaya-mebel/vazony-i-tsvetochnitsy/vazon-kontur/,/navesy-i-kozyrki/,/navesy-i-kozyrki/,true,true,internal,pass,
/ulichnaya-mebel/vazony-i-tsvetochnitsy/vazon-kontur/,/metallokonstruktsii-dlya-biznesa/,/metallokonstruktsii-dlya-biznesa/,true,true,internal,pass,
/ulichnaya-mebel/vazony-i-tsvetochnitsy/vazon-kontur/,/topiarii/,/topiarii/,true,true,internal,pass,
/ulichnaya-mebel/vazony-i-tsvetochnitsy/vazon-kontur/,/blagoustroystvo-territoriy/,/blagoustroystvo-territoriy/,true,true,internal,pass,
/ulichnaya-mebel/vazony-i-tsvetochnitsy/vazon-kontur/,/stroitelstvo-i-remonty/,/stroitelstvo-i-remonty/,true,true,internal,pass,
/ulichnaya-mebel/vazony-i-tsvetochnitsy/vazon-kontur/,/ulichnaya-mebel/,/ulichnaya-mebel/,true,true,internal,pass,
/ulichnaya-mebel/vazony-i-tsvetochnitsy/vazon-kontur/,/ograzhdeniya-i-zabory/,/ograzhdeniya-i-zabory/,true,true,internal,pass,
/ulichnaya-mebel/vazony-i-tsvetochnitsy/vazon-kontur/,/navesy-i-kozyrki/,/navesy-i-kozyrki/,true,true,internal,pass,
/ulichnaya-mebel/vazony-i-tsvetochnitsy/vazon-kontur/,/metallokonstruktsii-dlya-biznesa/,/metallokonstruktsii-dlya-biznesa/,true,true,internal,pass,
/ulichnaya-mebel/vazony-i-tsvetochnitsy/vazon-kontur/,/topiarii/,/topiarii/,true,true,internal,pass,
/ulichnaya-mebel/vazony-i-tsvetochnitsy/vazon-kontur/,/blagoustroystvo-territoriy/,/blagoustroystvo-territoriy/,true,true,internal,pass,
/ulichnaya-mebel/vazony-i-tsvetochnitsy/vazon-kontur/,/stroitelstvo-i-remonty/,/stroitelstvo-i-remonty/,true,true,internal,pass,
/ulichnaya-mebel/vazony-i-tsvetochnitsy/vazon-kontur/,/izgotovlenie-na-zakaz/,/izgotovlenie-na-zakaz/,true,true,internal,pass,
/ulichnaya-mebel/vazony-i-tsvetochnitsy/vazon-kontur/,/vypolnennye-obekty/,/vypolnennye-obekty/,true,true,internal,pass,
/ulichnaya-mebel/vazony-i-tsvetochnitsy/vazon-kontur/,/o-nas/,/o-nas/,true,true,internal,pass,
/ulichnaya-mebel/vazony-i-tsvetochnitsy/vazon-kontur/,/kontakty/,/kontakty/,true,true,internal,pass,
/ulichnaya-mebel/vazony-i-tsvetochnitsy/vazon-kontur/,/vakansii/,/vakansii/,true,true,internal,pass,
/ulichnaya-mebel/vazony-i-tsvetochnitsy/vazon-kontur/,/izgotovlenie-na-zakaz/,/izgotovlenie-na-zakaz/,true,true,internal,pass,
/ulichnaya-mebel/vazony-i-tsvetochnitsy/vazon-kontur/,/vypolnennye-obekty/,/vypolnennye-obekty/,true,true,internal,pass,
/ulichnaya-mebel/vazony-i-tsvetochnitsy/vazon-kontur/,/o-nas/,/o-nas/,true,true,internal,pass,
/ulichnaya-mebel/vazony-i-tsvetochnitsy/vazon-kontur/,/kontakty/,/kontakty/,true,true,internal,pass,
/ulichnaya-mebel/vazony-i-tsvetochnitsy/vazon-kontur/,/vakansii/,/vakansii/,true,true,internal,pass,
/ulichnaya-mebel/vazony-i-tsvetochnitsy/vazon-kontur/,#contact,/ulichnaya-mebel/vazony-i-tsvetochnitsy/vazon-kontur/,true,true,anchor,pass,
/ulichnaya-mebel/vazony-i-tsvetochnitsy/vazon-kontur/,tel:+79129735006,,true,true,tel,pass,
/ulichnaya-mebel/vazony-i-tsvetochnitsy/vazon-kontur/,tel:+79125799665,,true,true,tel,pass,
/ulichnaya-mebel/vazony-i-tsvetochnitsy/vazon-kontur/,https://t.me/smu1build,,true,true,external,pass,
/ulichnaya-mebel/vazony-i-tsvetochnitsy/vazon-kontur/,mailto:smu1.kurgan@yandex.ru,,true,true,mailto,pass,
/ulichnaya-mebel/vazony-i-tsvetochnitsy/vazon-kontur/,/politika-konfidencialnosti/,/politika-konfidencialnosti/,true,true,internal,pass,
/ulichnaya-mebel/vazony-i-tsvetochnitsy/vazon-kontur/,/politika-konfidencialnosti/,/politika-konfidencialnosti/,true,true,internal,pass,
/ulichnaya-mebel/vazony-i-tsvetochnitsy/vazon-lenta/,#main-content,/ulichnaya-mebel/vazony-i-tsvetochnitsy/vazon-lenta/,true,true,anchor,pass,
/ulichnaya-mebel/vazony-i-tsvetochnitsy/vazon-lenta/,/,/,true,true,internal,pass,
/ulichnaya-mebel/vazony-i-tsvetochnitsy/vazon-lenta/,/ulichnaya-mebel/,/ulichnaya-mebel/,true,true,internal,pass,
/ulichnaya-mebel/vazony-i-tsvetochnitsy/vazon-lenta/,/ograzhdeniya-i-zabory/,/ograzhdeniya-i-zabory/,true,true,internal,pass,
/ulichnaya-mebel/vazony-i-tsvetochnitsy/vazon-lenta/,/navesy-i-kozyrki/,/navesy-i-kozyrki/,true,true,internal,pass,
/ulichnaya-mebel/vazony-i-tsvetochnitsy/vazon-lenta/,/topiarii/,/topiarii/,true,true,internal,pass,
/ulichnaya-mebel/vazony-i-tsvetochnitsy/vazon-lenta/,/izgotovlenie-na-zakaz/,/izgotovlenie-na-zakaz/,true,true,internal,pass,
/ulichnaya-mebel/vazony-i-tsvetochnitsy/vazon-lenta/,/metallokonstruktsii-dlya-biznesa/,/metallokonstruktsii-dlya-biznesa/,true,true,internal,pass,
/ulichnaya-mebel/vazony-i-tsvetochnitsy/vazon-lenta/,/blagoustroystvo-territoriy/,/blagoustroystvo-territoriy/,true,true,internal,pass,
/ulichnaya-mebel/vazony-i-tsvetochnitsy/vazon-lenta/,/stroitelstvo-i-remonty/,/stroitelstvo-i-remonty/,true,true,internal,pass,
/ulichnaya-mebel/vazony-i-tsvetochnitsy/vazon-lenta/,/vypolnennye-obekty/,/vypolnennye-obekty/,true,true,internal,pass,
/ulichnaya-mebel/vazony-i-tsvetochnitsy/vazon-lenta/,/o-nas/,/o-nas/,true,true,internal,pass,
/ulichnaya-mebel/vazony-i-tsvetochnitsy/vazon-lenta/,/kontakty/,/kontakty/,true,true,internal,pass,
/ulichnaya-mebel/vazony-i-tsvetochnitsy/vazon-lenta/,/vakansii/,/vakansii/,true,true,internal,pass,
/ulichnaya-mebel/vazony-i-tsvetochnitsy/vazon-lenta/,tel:+79129735006,,true,true,tel,pass,
/ulichnaya-mebel/vazony-i-tsvetochnitsy/vazon-lenta/,https://t.me/smu1build,,true,true,external,pass,
/ulichnaya-mebel/vazony-i-tsvetochnitsy/vazon-lenta/,#contact,/ulichnaya-mebel/vazony-i-tsvetochnitsy/vazon-lenta/,true,true,anchor,pass,
/ulichnaya-mebel/vazony-i-tsvetochnitsy/vazon-lenta/,/,/,true,true,internal,pass,
/ulichnaya-mebel/vazony-i-tsvetochnitsy/vazon-lenta/,#contact,/ulichnaya-mebel/vazony-i-tsvetochnitsy/vazon-lenta/,true,true,anchor,pass,
/ulichnaya-mebel/vazony-i-tsvetochnitsy/vazon-lenta/,/ulichnaya-mebel/,/ulichnaya-mebel/,true,true,internal,pass,
/ulichnaya-mebel/vazony-i-tsvetochnitsy/vazon-lenta/,/ograzhdeniya-i-zabory/,/ograzhdeniya-i-zabory/,true,true,internal,pass,
/ulichnaya-mebel/vazony-i-tsvetochnitsy/vazon-lenta/,/navesy-i-kozyrki/,/navesy-i-kozyrki/,true,true,internal,pass,
/ulichnaya-mebel/vazony-i-tsvetochnitsy/vazon-lenta/,/topiarii/,/topiarii/,true,true,internal,pass,
/ulichnaya-mebel/vazony-i-tsvetochnitsy/vazon-lenta/,/metallokonstruktsii-dlya-biznesa/,/metallokonstruktsii-dlya-biznesa/,true,true,internal,pass,
/ulichnaya-mebel/vazony-i-tsvetochnitsy/vazon-lenta/,/blagoustroystvo-territoriy/,/blagoustroystvo-territoriy/,true,true,internal,pass,
/ulichnaya-mebel/vazony-i-tsvetochnitsy/vazon-lenta/,/stroitelstvo-i-remonty/,/stroitelstvo-i-remonty/,true,true,internal,pass,
/ulichnaya-mebel/vazony-i-tsvetochnitsy/vazon-lenta/,/izgotovlenie-na-zakaz/,/izgotovlenie-na-zakaz/,true,true,internal,pass,
/ulichnaya-mebel/vazony-i-tsvetochnitsy/vazon-lenta/,/vypolnennye-obekty/,/vypolnennye-obekty/,true,true,internal,pass,
/ulichnaya-mebel/vazony-i-tsvetochnitsy/vazon-lenta/,/o-nas/,/o-nas/,true,true,internal,pass,
/ulichnaya-mebel/vazony-i-tsvetochnitsy/vazon-lenta/,/kontakty/,/kontakty/,true,true,internal,pass,
/ulichnaya-mebel/vazony-i-tsvetochnitsy/vazon-lenta/,/vakansii/,/vakansii/,true,true,internal,pass,
/ulichnaya-mebel/vazony-i-tsvetochnitsy/vazon-lenta/,tel:+79129735006,,true,true,tel,pass,
/ulichnaya-mebel/vazony-i-tsvetochnitsy/vazon-lenta/,tel:+79125799665,,true,true,tel,pass,
/ulichnaya-mebel/vazony-i-tsvetochnitsy/vazon-lenta/,https://t.me/smu1build,,true,true,external,pass,
/ulichnaya-mebel/vazony-i-tsvetochnitsy/vazon-lenta/,mailto:smu1.kurgan@yandex.ru,,true,true,mailto,pass,
/ulichnaya-mebel/vazony-i-tsvetochnitsy/vazon-lenta/,/,/,true,true,internal,pass,
/ulichnaya-mebel/vazony-i-tsvetochnitsy/vazon-lenta/,/ulichnaya-mebel/,/ulichnaya-mebel/,true,true,internal,pass,
/ulichnaya-mebel/vazony-i-tsvetochnitsy/vazon-lenta/,/ulichnaya-mebel/vazony-i-tsvetochnitsy/,/ulichnaya-mebel/vazony-i-tsvetochnitsy/,true,true,internal,pass,
/ulichnaya-mebel/vazony-i-tsvetochnitsy/vazon-lenta/,#contact,/ulichnaya-mebel/vazony-i-tsvetochnitsy/vazon-lenta/,true,true,anchor,pass,
/ulichnaya-mebel/vazony-i-tsvetochnitsy/vazon-lenta/,https://t.me/smu1build,,true,true,external,pass,
/ulichnaya-mebel/vazony-i-tsvetochnitsy/vazon-lenta/,#contact,/ulichnaya-mebel/vazony-i-tsvetochnitsy/vazon-lenta/,true,true,anchor,pass,
/ulichnaya-mebel/vazony-i-tsvetochnitsy/vazon-lenta/,/ulichnaya-mebel/vazony-i-tsvetochnitsy/,/ulichnaya-mebel/vazony-i-tsvetochnitsy/,true,true,internal,pass,
/ulichnaya-mebel/vazony-i-tsvetochnitsy/vazon-lenta/,/ulichnaya-mebel/vazony-i-tsvetochnitsy/vazon-ritm/,/ulichnaya-mebel/vazony-i-tsvetochnitsy/vazon-ritm/,true,true,internal,pass,
/ulichnaya-mebel/vazony-i-tsvetochnitsy/vazon-lenta/,/ulichnaya-mebel/vazony-i-tsvetochnitsy/vazon-kontur/,/ulichnaya-mebel/vazony-i-tsvetochnitsy/vazon-kontur/,true,true,internal,pass,
/ulichnaya-mebel/vazony-i-tsvetochnitsy/vazon-lenta/,/ulichnaya-mebel/vazony-i-tsvetochnitsy/vazon-koltso/,/ulichnaya-mebel/vazony-i-tsvetochnitsy/vazon-koltso/,true,true,internal,pass,
/ulichnaya-mebel/vazony-i-tsvetochnitsy/vazon-lenta/,/ulichnaya-mebel/vazony-i-tsvetochnitsy/vazon-gorizont/,/ulichnaya-mebel/vazony-i-tsvetochnitsy/vazon-gorizont/,true,true,internal,pass,
/ulichnaya-mebel/vazony-i-tsvetochnitsy/vazon-lenta/,https://t.me/smu1build,,true,true,external,pass,
/ulichnaya-mebel/vazony-i-tsvetochnitsy/vazon-lenta/,/izgotovlenie-na-zakaz/,/izgotovlenie-na-zakaz/,true,true,internal,pass,
/ulichnaya-mebel/vazony-i-tsvetochnitsy/vazon-lenta/,tel:+79129735006,,true,true,tel,pass,
/ulichnaya-mebel/vazony-i-tsvetochnitsy/vazon-lenta/,https://t.me/smu1build,,true,true,external,pass,
/ulichnaya-mebel/vazony-i-tsvetochnitsy/vazon-lenta/,mailto:smu1.kurgan@yandex.ru,,true,true,mailto,pass,
/ulichnaya-mebel/vazony-i-tsvetochnitsy/vazon-lenta/,/kontakty/,/kontakty/,true,true,internal,pass,
/ulichnaya-mebel/vazony-i-tsvetochnitsy/vazon-lenta/,/,/,true,true,internal,pass,
/ulichnaya-mebel/vazony-i-tsvetochnitsy/vazon-lenta/,/ulichnaya-mebel/,/ulichnaya-mebel/,true,true,internal,pass,
/ulichnaya-mebel/vazony-i-tsvetochnitsy/vazon-lenta/,/ograzhdeniya-i-zabory/,/ograzhdeniya-i-zabory/,true,true,internal,pass,
/ulichnaya-mebel/vazony-i-tsvetochnitsy/vazon-lenta/,/navesy-i-kozyrki/,/navesy-i-kozyrki/,true,true,internal,pass,
/ulichnaya-mebel/vazony-i-tsvetochnitsy/vazon-lenta/,/metallokonstruktsii-dlya-biznesa/,/metallokonstruktsii-dlya-biznesa/,true,true,internal,pass,
/ulichnaya-mebel/vazony-i-tsvetochnitsy/vazon-lenta/,/topiarii/,/topiarii/,true,true,internal,pass,
/ulichnaya-mebel/vazony-i-tsvetochnitsy/vazon-lenta/,/blagoustroystvo-territoriy/,/blagoustroystvo-territoriy/,true,true,internal,pass,
/ulichnaya-mebel/vazony-i-tsvetochnitsy/vazon-lenta/,/stroitelstvo-i-remonty/,/stroitelstvo-i-remonty/,true,true,internal,pass,
/ulichnaya-mebel/vazony-i-tsvetochnitsy/vazon-lenta/,/ulichnaya-mebel/,/ulichnaya-mebel/,true,true,internal,pass,
/ulichnaya-mebel/vazony-i-tsvetochnitsy/vazon-lenta/,/ograzhdeniya-i-zabory/,/ograzhdeniya-i-zabory/,true,true,internal,pass,
/ulichnaya-mebel/vazony-i-tsvetochnitsy/vazon-lenta/,/navesy-i-kozyrki/,/navesy-i-kozyrki/,true,true,internal,pass,
/ulichnaya-mebel/vazony-i-tsvetochnitsy/vazon-lenta/,/metallokonstruktsii-dlya-biznesa/,/metallokonstruktsii-dlya-biznesa/,true,true,internal,pass,
/ulichnaya-mebel/vazony-i-tsvetochnitsy/vazon-lenta/,/topiarii/,/topiarii/,true,true,internal,pass,
/ulichnaya-mebel/vazony-i-tsvetochnitsy/vazon-lenta/,/blagoustroystvo-territoriy/,/blagoustroystvo-territoriy/,true,true,internal,pass,
/ulichnaya-mebel/vazony-i-tsvetochnitsy/vazon-lenta/,/stroitelstvo-i-remonty/,/stroitelstvo-i-remonty/,true,true,internal,pass,
/ulichnaya-mebel/vazony-i-tsvetochnitsy/vazon-lenta/,/izgotovlenie-na-zakaz/,/izgotovlenie-na-zakaz/,true,true,internal,pass,
/ulichnaya-mebel/vazony-i-tsvetochnitsy/vazon-lenta/,/vypolnennye-obekty/,/vypolnennye-obekty/,true,true,internal,pass,
/ulichnaya-mebel/vazony-i-tsvetochnitsy/vazon-lenta/,/o-nas/,/o-nas/,true,true,internal,pass,
/ulichnaya-mebel/vazony-i-tsvetochnitsy/vazon-lenta/,/kontakty/,/kontakty/,true,true,internal,pass,
/ulichnaya-mebel/vazony-i-tsvetochnitsy/vazon-lenta/,/vakansii/,/vakansii/,true,true,internal,pass,
/ulichnaya-mebel/vazony-i-tsvetochnitsy/vazon-lenta/,/izgotovlenie-na-zakaz/,/izgotovlenie-na-zakaz/,true,true,internal,pass,
/ulichnaya-mebel/vazony-i-tsvetochnitsy/vazon-lenta/,/vypolnennye-obekty/,/vypolnennye-obekty/,true,true,internal,pass,
/ulichnaya-mebel/vazony-i-tsvetochnitsy/vazon-lenta/,/o-nas/,/o-nas/,true,true,internal,pass,
/ulichnaya-mebel/vazony-i-tsvetochnitsy/vazon-lenta/,/kontakty/,/kontakty/,true,true,internal,pass,
/ulichnaya-mebel/vazony-i-tsvetochnitsy/vazon-lenta/,/vakansii/,/vakansii/,true,true,internal,pass,
/ulichnaya-mebel/vazony-i-tsvetochnitsy/vazon-lenta/,#contact,/ulichnaya-mebel/vazony-i-tsvetochnitsy/vazon-lenta/,true,true,anchor,pass,
/ulichnaya-mebel/vazony-i-tsvetochnitsy/vazon-lenta/,tel:+79129735006,,true,true,tel,pass,
/ulichnaya-mebel/vazony-i-tsvetochnitsy/vazon-lenta/,tel:+79125799665,,true,true,tel,pass,
/ulichnaya-mebel/vazony-i-tsvetochnitsy/vazon-lenta/,https://t.me/smu1build,,true,true,external,pass,
/ulichnaya-mebel/vazony-i-tsvetochnitsy/vazon-lenta/,mailto:smu1.kurgan@yandex.ru,,true,true,mailto,pass,
/ulichnaya-mebel/vazony-i-tsvetochnitsy/vazon-lenta/,/politika-konfidencialnosti/,/politika-konfidencialnosti/,true,true,internal,pass,
/ulichnaya-mebel/vazony-i-tsvetochnitsy/vazon-lenta/,/politika-konfidencialnosti/,/politika-konfidencialnosti/,true,true,internal,pass,
/ulichnaya-mebel/vazony-i-tsvetochnitsy/vazon-oval/,#main-content,/ulichnaya-mebel/vazony-i-tsvetochnitsy/vazon-oval/,true,true,anchor,pass,
/ulichnaya-mebel/vazony-i-tsvetochnitsy/vazon-oval/,/,/,true,true,internal,pass,
/ulichnaya-mebel/vazony-i-tsvetochnitsy/vazon-oval/,/ulichnaya-mebel/,/ulichnaya-mebel/,true,true,internal,pass,
/ulichnaya-mebel/vazony-i-tsvetochnitsy/vazon-oval/,/ograzhdeniya-i-zabory/,/ograzhdeniya-i-zabory/,true,true,internal,pass,
/ulichnaya-mebel/vazony-i-tsvetochnitsy/vazon-oval/,/navesy-i-kozyrki/,/navesy-i-kozyrki/,true,true,internal,pass,
/ulichnaya-mebel/vazony-i-tsvetochnitsy/vazon-oval/,/topiarii/,/topiarii/,true,true,internal,pass,
/ulichnaya-mebel/vazony-i-tsvetochnitsy/vazon-oval/,/izgotovlenie-na-zakaz/,/izgotovlenie-na-zakaz/,true,true,internal,pass,
/ulichnaya-mebel/vazony-i-tsvetochnitsy/vazon-oval/,/metallokonstruktsii-dlya-biznesa/,/metallokonstruktsii-dlya-biznesa/,true,true,internal,pass,
/ulichnaya-mebel/vazony-i-tsvetochnitsy/vazon-oval/,/blagoustroystvo-territoriy/,/blagoustroystvo-territoriy/,true,true,internal,pass,
/ulichnaya-mebel/vazony-i-tsvetochnitsy/vazon-oval/,/stroitelstvo-i-remonty/,/stroitelstvo-i-remonty/,true,true,internal,pass,
/ulichnaya-mebel/vazony-i-tsvetochnitsy/vazon-oval/,/vypolnennye-obekty/,/vypolnennye-obekty/,true,true,internal,pass,
/ulichnaya-mebel/vazony-i-tsvetochnitsy/vazon-oval/,/o-nas/,/o-nas/,true,true,internal,pass,
/ulichnaya-mebel/vazony-i-tsvetochnitsy/vazon-oval/,/kontakty/,/kontakty/,true,true,internal,pass,
/ulichnaya-mebel/vazony-i-tsvetochnitsy/vazon-oval/,/vakansii/,/vakansii/,true,true,internal,pass,
/ulichnaya-mebel/vazony-i-tsvetochnitsy/vazon-oval/,tel:+79129735006,,true,true,tel,pass,
/ulichnaya-mebel/vazony-i-tsvetochnitsy/vazon-oval/,https://t.me/smu1build,,true,true,external,pass,
/ulichnaya-mebel/vazony-i-tsvetochnitsy/vazon-oval/,#contact,/ulichnaya-mebel/vazony-i-tsvetochnitsy/vazon-oval/,true,true,anchor,pass,
/ulichnaya-mebel/vazony-i-tsvetochnitsy/vazon-oval/,/,/,true,true,internal,pass,
/ulichnaya-mebel/vazony-i-tsvetochnitsy/vazon-oval/,#contact,/ulichnaya-mebel/vazony-i-tsvetochnitsy/vazon-oval/,true,true,anchor,pass,
/ulichnaya-mebel/vazony-i-tsvetochnitsy/vazon-oval/,/ulichnaya-mebel/,/ulichnaya-mebel/,true,true,internal,pass,
/ulichnaya-mebel/vazony-i-tsvetochnitsy/vazon-oval/,/ograzhdeniya-i-zabory/,/ograzhdeniya-i-zabory/,true,true,internal,pass,
/ulichnaya-mebel/vazony-i-tsvetochnitsy/vazon-oval/,/navesy-i-kozyrki/,/navesy-i-kozyrki/,true,true,internal,pass,
/ulichnaya-mebel/vazony-i-tsvetochnitsy/vazon-oval/,/topiarii/,/topiarii/,true,true,internal,pass,
/ulichnaya-mebel/vazony-i-tsvetochnitsy/vazon-oval/,/metallokonstruktsii-dlya-biznesa/,/metallokonstruktsii-dlya-biznesa/,true,true,internal,pass,
/ulichnaya-mebel/vazony-i-tsvetochnitsy/vazon-oval/,/blagoustroystvo-territoriy/,/blagoustroystvo-territoriy/,true,true,internal,pass,
/ulichnaya-mebel/vazony-i-tsvetochnitsy/vazon-oval/,/stroitelstvo-i-remonty/,/stroitelstvo-i-remonty/,true,true,internal,pass,
/ulichnaya-mebel/vazony-i-tsvetochnitsy/vazon-oval/,/izgotovlenie-na-zakaz/,/izgotovlenie-na-zakaz/,true,true,internal,pass,
/ulichnaya-mebel/vazony-i-tsvetochnitsy/vazon-oval/,/vypolnennye-obekty/,/vypolnennye-obekty/,true,true,internal,pass,
/ulichnaya-mebel/vazony-i-tsvetochnitsy/vazon-oval/,/o-nas/,/o-nas/,true,true,internal,pass,
/ulichnaya-mebel/vazony-i-tsvetochnitsy/vazon-oval/,/kontakty/,/kontakty/,true,true,internal,pass,
/ulichnaya-mebel/vazony-i-tsvetochnitsy/vazon-oval/,/vakansii/,/vakansii/,true,true,internal,pass,
/ulichnaya-mebel/vazony-i-tsvetochnitsy/vazon-oval/,tel:+79129735006,,true,true,tel,pass,
/ulichnaya-mebel/vazony-i-tsvetochnitsy/vazon-oval/,tel:+79125799665,,true,true,tel,pass,
/ulichnaya-mebel/vazony-i-tsvetochnitsy/vazon-oval/,https://t.me/smu1build,,true,true,external,pass,
/ulichnaya-mebel/vazony-i-tsvetochnitsy/vazon-oval/,mailto:smu1.kurgan@yandex.ru,,true,true,mailto,pass,
/ulichnaya-mebel/vazony-i-tsvetochnitsy/vazon-oval/,/,/,true,true,internal,pass,
/ulichnaya-mebel/vazony-i-tsvetochnitsy/vazon-oval/,/ulichnaya-mebel/,/ulichnaya-mebel/,true,true,internal,pass,
/ulichnaya-mebel/vazony-i-tsvetochnitsy/vazon-oval/,/ulichnaya-mebel/vazony-i-tsvetochnitsy/,/ulichnaya-mebel/vazony-i-tsvetochnitsy/,true,true,internal,pass,
/ulichnaya-mebel/vazony-i-tsvetochnitsy/vazon-oval/,#contact,/ulichnaya-mebel/vazony-i-tsvetochnitsy/vazon-oval/,true,true,anchor,pass,
/ulichnaya-mebel/vazony-i-tsvetochnitsy/vazon-oval/,https://t.me/smu1build,,true,true,external,pass,
/ulichnaya-mebel/vazony-i-tsvetochnitsy/vazon-oval/,#contact,/ulichnaya-mebel/vazony-i-tsvetochnitsy/vazon-oval/,true,true,anchor,pass,
/ulichnaya-mebel/vazony-i-tsvetochnitsy/vazon-oval/,/ulichnaya-mebel/vazony-i-tsvetochnitsy/,/ulichnaya-mebel/vazony-i-tsvetochnitsy/,true,true,internal,pass,
/ulichnaya-mebel/vazony-i-tsvetochnitsy/vazon-oval/,/ulichnaya-mebel/vazony-i-tsvetochnitsy/vazon-ritm/,/ulichnaya-mebel/vazony-i-tsvetochnitsy/vazon-ritm/,true,true,internal,pass,
/ulichnaya-mebel/vazony-i-tsvetochnitsy/vazon-oval/,/ulichnaya-mebel/vazony-i-tsvetochnitsy/vazon-kontur/,/ulichnaya-mebel/vazony-i-tsvetochnitsy/vazon-kontur/,true,true,internal,pass,
/ulichnaya-mebel/vazony-i-tsvetochnitsy/vazon-oval/,/ulichnaya-mebel/vazony-i-tsvetochnitsy/vazon-koltso/,/ulichnaya-mebel/vazony-i-tsvetochnitsy/vazon-koltso/,true,true,internal,pass,
/ulichnaya-mebel/vazony-i-tsvetochnitsy/vazon-oval/,/ulichnaya-mebel/vazony-i-tsvetochnitsy/vazon-gorizont/,/ulichnaya-mebel/vazony-i-tsvetochnitsy/vazon-gorizont/,true,true,internal,pass,
/ulichnaya-mebel/vazony-i-tsvetochnitsy/vazon-oval/,https://t.me/smu1build,,true,true,external,pass,
/ulichnaya-mebel/vazony-i-tsvetochnitsy/vazon-oval/,/izgotovlenie-na-zakaz/,/izgotovlenie-na-zakaz/,true,true,internal,pass,
/ulichnaya-mebel/vazony-i-tsvetochnitsy/vazon-oval/,tel:+79129735006,,true,true,tel,pass,
/ulichnaya-mebel/vazony-i-tsvetochnitsy/vazon-oval/,https://t.me/smu1build,,true,true,external,pass,
/ulichnaya-mebel/vazony-i-tsvetochnitsy/vazon-oval/,mailto:smu1.kurgan@yandex.ru,,true,true,mailto,pass,
/ulichnaya-mebel/vazony-i-tsvetochnitsy/vazon-oval/,/kontakty/,/kontakty/,true,true,internal,pass,
/ulichnaya-mebel/vazony-i-tsvetochnitsy/vazon-oval/,/,/,true,true,internal,pass,
/ulichnaya-mebel/vazony-i-tsvetochnitsy/vazon-oval/,/ulichnaya-mebel/,/ulichnaya-mebel/,true,true,internal,pass,
/ulichnaya-mebel/vazony-i-tsvetochnitsy/vazon-oval/,/ograzhdeniya-i-zabory/,/ograzhdeniya-i-zabory/,true,true,internal,pass,
/ulichnaya-mebel/vazony-i-tsvetochnitsy/vazon-oval/,/navesy-i-kozyrki/,/navesy-i-kozyrki/,true,true,internal,pass,
/ulichnaya-mebel/vazony-i-tsvetochnitsy/vazon-oval/,/metallokonstruktsii-dlya-biznesa/,/metallokonstruktsii-dlya-biznesa/,true,true,internal,pass,
/ulichnaya-mebel/vazony-i-tsvetochnitsy/vazon-oval/,/topiarii/,/topiarii/,true,true,internal,pass,
/ulichnaya-mebel/vazony-i-tsvetochnitsy/vazon-oval/,/blagoustroystvo-territoriy/,/blagoustroystvo-territoriy/,true,true,internal,pass,
/ulichnaya-mebel/vazony-i-tsvetochnitsy/vazon-oval/,/stroitelstvo-i-remonty/,/stroitelstvo-i-remonty/,true,true,internal,pass,
/ulichnaya-mebel/vazony-i-tsvetochnitsy/vazon-oval/,/ulichnaya-mebel/,/ulichnaya-mebel/,true,true,internal,pass,
/ulichnaya-mebel/vazony-i-tsvetochnitsy/vazon-oval/,/ograzhdeniya-i-zabory/,/ograzhdeniya-i-zabory/,true,true,internal,pass,
/ulichnaya-mebel/vazony-i-tsvetochnitsy/vazon-oval/,/navesy-i-kozyrki/,/navesy-i-kozyrki/,true,true,internal,pass,
/ulichnaya-mebel/vazony-i-tsvetochnitsy/vazon-oval/,/metallokonstruktsii-dlya-biznesa/,/metallokonstruktsii-dlya-biznesa/,true,true,internal,pass,
/ulichnaya-mebel/vazony-i-tsvetochnitsy/vazon-oval/,/topiarii/,/topiarii/,true,true,internal,pass,
/ulichnaya-mebel/vazony-i-tsvetochnitsy/vazon-oval/,/blagoustroystvo-territoriy/,/blagoustroystvo-territoriy/,true,true,internal,pass,
/ulichnaya-mebel/vazony-i-tsvetochnitsy/vazon-oval/,/stroitelstvo-i-remonty/,/stroitelstvo-i-remonty/,true,true,internal,pass,
/ulichnaya-mebel/vazony-i-tsvetochnitsy/vazon-oval/,/izgotovlenie-na-zakaz/,/izgotovlenie-na-zakaz/,true,true,internal,pass,
/ulichnaya-mebel/vazony-i-tsvetochnitsy/vazon-oval/,/vypolnennye-obekty/,/vypolnennye-obekty/,true,true,internal,pass,
/ulichnaya-mebel/vazony-i-tsvetochnitsy/vazon-oval/,/o-nas/,/o-nas/,true,true,internal,pass,
/ulichnaya-mebel/vazony-i-tsvetochnitsy/vazon-oval/,/kontakty/,/kontakty/,true,true,internal,pass,
/ulichnaya-mebel/vazony-i-tsvetochnitsy/vazon-oval/,/vakansii/,/vakansii/,true,true,internal,pass,
/ulichnaya-mebel/vazony-i-tsvetochnitsy/vazon-oval/,/izgotovlenie-na-zakaz/,/izgotovlenie-na-zakaz/,true,true,internal,pass,
/ulichnaya-mebel/vazony-i-tsvetochnitsy/vazon-oval/,/vypolnennye-obekty/,/vypolnennye-obekty/,true,true,internal,pass,
/ulichnaya-mebel/vazony-i-tsvetochnitsy/vazon-oval/,/o-nas/,/o-nas/,true,true,internal,pass,
/ulichnaya-mebel/vazony-i-tsvetochnitsy/vazon-oval/,/kontakty/,/kontakty/,true,true,internal,pass,
/ulichnaya-mebel/vazony-i-tsvetochnitsy/vazon-oval/,/vakansii/,/vakansii/,true,true,internal,pass,
/ulichnaya-mebel/vazony-i-tsvetochnitsy/vazon-oval/,#contact,/ulichnaya-mebel/vazony-i-tsvetochnitsy/vazon-oval/,true,true,anchor,pass,
/ulichnaya-mebel/vazony-i-tsvetochnitsy/vazon-oval/,tel:+79129735006,,true,true,tel,pass,
/ulichnaya-mebel/vazony-i-tsvetochnitsy/vazon-oval/,tel:+79125799665,,true,true,tel,pass,
/ulichnaya-mebel/vazony-i-tsvetochnitsy/vazon-oval/,https://t.me/smu1build,,true,true,external,pass,
/ulichnaya-mebel/vazony-i-tsvetochnitsy/vazon-oval/,mailto:smu1.kurgan@yandex.ru,,true,true,mailto,pass,
/ulichnaya-mebel/vazony-i-tsvetochnitsy/vazon-oval/,/politika-konfidencialnosti/,/politika-konfidencialnosti/,true,true,internal,pass,
/ulichnaya-mebel/vazony-i-tsvetochnitsy/vazon-oval/,/politika-konfidencialnosti/,/politika-konfidencialnosti/,true,true,internal,pass,
/ulichnaya-mebel/vazony-i-tsvetochnitsy/vazon-ritm/,#main-content,/ulichnaya-mebel/vazony-i-tsvetochnitsy/vazon-ritm/,true,true,anchor,pass,
/ulichnaya-mebel/vazony-i-tsvetochnitsy/vazon-ritm/,/,/,true,true,internal,pass,
/ulichnaya-mebel/vazony-i-tsvetochnitsy/vazon-ritm/,/ulichnaya-mebel/,/ulichnaya-mebel/,true,true,internal,pass,
/ulichnaya-mebel/vazony-i-tsvetochnitsy/vazon-ritm/,/ograzhdeniya-i-zabory/,/ograzhdeniya-i-zabory/,true,true,internal,pass,
/ulichnaya-mebel/vazony-i-tsvetochnitsy/vazon-ritm/,/navesy-i-kozyrki/,/navesy-i-kozyrki/,true,true,internal,pass,
/ulichnaya-mebel/vazony-i-tsvetochnitsy/vazon-ritm/,/topiarii/,/topiarii/,true,true,internal,pass,
/ulichnaya-mebel/vazony-i-tsvetochnitsy/vazon-ritm/,/izgotovlenie-na-zakaz/,/izgotovlenie-na-zakaz/,true,true,internal,pass,
/ulichnaya-mebel/vazony-i-tsvetochnitsy/vazon-ritm/,/metallokonstruktsii-dlya-biznesa/,/metallokonstruktsii-dlya-biznesa/,true,true,internal,pass,
/ulichnaya-mebel/vazony-i-tsvetochnitsy/vazon-ritm/,/blagoustroystvo-territoriy/,/blagoustroystvo-territoriy/,true,true,internal,pass,
/ulichnaya-mebel/vazony-i-tsvetochnitsy/vazon-ritm/,/stroitelstvo-i-remonty/,/stroitelstvo-i-remonty/,true,true,internal,pass,
/ulichnaya-mebel/vazony-i-tsvetochnitsy/vazon-ritm/,/vypolnennye-obekty/,/vypolnennye-obekty/,true,true,internal,pass,
/ulichnaya-mebel/vazony-i-tsvetochnitsy/vazon-ritm/,/o-nas/,/o-nas/,true,true,internal,pass,
/ulichnaya-mebel/vazony-i-tsvetochnitsy/vazon-ritm/,/kontakty/,/kontakty/,true,true,internal,pass,
/ulichnaya-mebel/vazony-i-tsvetochnitsy/vazon-ritm/,/vakansii/,/vakansii/,true,true,internal,pass,
/ulichnaya-mebel/vazony-i-tsvetochnitsy/vazon-ritm/,tel:+79129735006,,true,true,tel,pass,
/ulichnaya-mebel/vazony-i-tsvetochnitsy/vazon-ritm/,https://t.me/smu1build,,true,true,external,pass,
/ulichnaya-mebel/vazony-i-tsvetochnitsy/vazon-ritm/,#contact,/ulichnaya-mebel/vazony-i-tsvetochnitsy/vazon-ritm/,true,true,anchor,pass,
/ulichnaya-mebel/vazony-i-tsvetochnitsy/vazon-ritm/,/,/,true,true,internal,pass,
/ulichnaya-mebel/vazony-i-tsvetochnitsy/vazon-ritm/,#contact,/ulichnaya-mebel/vazony-i-tsvetochnitsy/vazon-ritm/,true,true,anchor,pass,
/ulichnaya-mebel/vazony-i-tsvetochnitsy/vazon-ritm/,/ulichnaya-mebel/,/ulichnaya-mebel/,true,true,internal,pass,
/ulichnaya-mebel/vazony-i-tsvetochnitsy/vazon-ritm/,/ograzhdeniya-i-zabory/,/ograzhdeniya-i-zabory/,true,true,internal,pass,
/ulichnaya-mebel/vazony-i-tsvetochnitsy/vazon-ritm/,/navesy-i-kozyrki/,/navesy-i-kozyrki/,true,true,internal,pass,
/ulichnaya-mebel/vazony-i-tsvetochnitsy/vazon-ritm/,/topiarii/,/topiarii/,true,true,internal,pass,
/ulichnaya-mebel/vazony-i-tsvetochnitsy/vazon-ritm/,/metallokonstruktsii-dlya-biznesa/,/metallokonstruktsii-dlya-biznesa/,true,true,internal,pass,
/ulichnaya-mebel/vazony-i-tsvetochnitsy/vazon-ritm/,/blagoustroystvo-territoriy/,/blagoustroystvo-territoriy/,true,true,internal,pass,
/ulichnaya-mebel/vazony-i-tsvetochnitsy/vazon-ritm/,/stroitelstvo-i-remonty/,/stroitelstvo-i-remonty/,true,true,internal,pass,
/ulichnaya-mebel/vazony-i-tsvetochnitsy/vazon-ritm/,/izgotovlenie-na-zakaz/,/izgotovlenie-na-zakaz/,true,true,internal,pass,
/ulichnaya-mebel/vazony-i-tsvetochnitsy/vazon-ritm/,/vypolnennye-obekty/,/vypolnennye-obekty/,true,true,internal,pass,
/ulichnaya-mebel/vazony-i-tsvetochnitsy/vazon-ritm/,/o-nas/,/o-nas/,true,true,internal,pass,
/ulichnaya-mebel/vazony-i-tsvetochnitsy/vazon-ritm/,/kontakty/,/kontakty/,true,true,internal,pass,
/ulichnaya-mebel/vazony-i-tsvetochnitsy/vazon-ritm/,/vakansii/,/vakansii/,true,true,internal,pass,
/ulichnaya-mebel/vazony-i-tsvetochnitsy/vazon-ritm/,tel:+79129735006,,true,true,tel,pass,
/ulichnaya-mebel/vazony-i-tsvetochnitsy/vazon-ritm/,tel:+79125799665,,true,true,tel,pass,
/ulichnaya-mebel/vazony-i-tsvetochnitsy/vazon-ritm/,https://t.me/smu1build,,true,true,external,pass,
/ulichnaya-mebel/vazony-i-tsvetochnitsy/vazon-ritm/,mailto:smu1.kurgan@yandex.ru,,true,true,mailto,pass,
/ulichnaya-mebel/vazony-i-tsvetochnitsy/vazon-ritm/,/,/,true,true,internal,pass,
/ulichnaya-mebel/vazony-i-tsvetochnitsy/vazon-ritm/,/ulichnaya-mebel/,/ulichnaya-mebel/,true,true,internal,pass,
/ulichnaya-mebel/vazony-i-tsvetochnitsy/vazon-ritm/,/ulichnaya-mebel/vazony-i-tsvetochnitsy/,/ulichnaya-mebel/vazony-i-tsvetochnitsy/,true,true,internal,pass,
/ulichnaya-mebel/vazony-i-tsvetochnitsy/vazon-ritm/,#contact,/ulichnaya-mebel/vazony-i-tsvetochnitsy/vazon-ritm/,true,true,anchor,pass,
/ulichnaya-mebel/vazony-i-tsvetochnitsy/vazon-ritm/,https://t.me/smu1build,,true,true,external,pass,
/ulichnaya-mebel/vazony-i-tsvetochnitsy/vazon-ritm/,#contact,/ulichnaya-mebel/vazony-i-tsvetochnitsy/vazon-ritm/,true,true,anchor,pass,
/ulichnaya-mebel/vazony-i-tsvetochnitsy/vazon-ritm/,/ulichnaya-mebel/vazony-i-tsvetochnitsy/,/ulichnaya-mebel/vazony-i-tsvetochnitsy/,true,true,internal,pass,
/ulichnaya-mebel/vazony-i-tsvetochnitsy/vazon-ritm/,/ulichnaya-mebel/vazony-i-tsvetochnitsy/vazon-kontur/,/ulichnaya-mebel/vazony-i-tsvetochnitsy/vazon-kontur/,true,true,internal,pass,
/ulichnaya-mebel/vazony-i-tsvetochnitsy/vazon-ritm/,/ulichnaya-mebel/vazony-i-tsvetochnitsy/vazon-koltso/,/ulichnaya-mebel/vazony-i-tsvetochnitsy/vazon-koltso/,true,true,internal,pass,
/ulichnaya-mebel/vazony-i-tsvetochnitsy/vazon-ritm/,/ulichnaya-mebel/vazony-i-tsvetochnitsy/vazon-gorizont/,/ulichnaya-mebel/vazony-i-tsvetochnitsy/vazon-gorizont/,true,true,internal,pass,
/ulichnaya-mebel/vazony-i-tsvetochnitsy/vazon-ritm/,/ulichnaya-mebel/vazony-i-tsvetochnitsy/vazon-soft/,/ulichnaya-mebel/vazony-i-tsvetochnitsy/vazon-soft/,true,true,internal,pass,
/ulichnaya-mebel/vazony-i-tsvetochnitsy/vazon-ritm/,https://t.me/smu1build,,true,true,external,pass,
/ulichnaya-mebel/vazony-i-tsvetochnitsy/vazon-ritm/,/izgotovlenie-na-zakaz/,/izgotovlenie-na-zakaz/,true,true,internal,pass,
/ulichnaya-mebel/vazony-i-tsvetochnitsy/vazon-ritm/,tel:+79129735006,,true,true,tel,pass,
/ulichnaya-mebel/vazony-i-tsvetochnitsy/vazon-ritm/,https://t.me/smu1build,,true,true,external,pass,
/ulichnaya-mebel/vazony-i-tsvetochnitsy/vazon-ritm/,mailto:smu1.kurgan@yandex.ru,,true,true,mailto,pass,
/ulichnaya-mebel/vazony-i-tsvetochnitsy/vazon-ritm/,/kontakty/,/kontakty/,true,true,internal,pass,
/ulichnaya-mebel/vazony-i-tsvetochnitsy/vazon-ritm/,/,/,true,true,internal,pass,
/ulichnaya-mebel/vazony-i-tsvetochnitsy/vazon-ritm/,/ulichnaya-mebel/,/ulichnaya-mebel/,true,true,internal,pass,
/ulichnaya-mebel/vazony-i-tsvetochnitsy/vazon-ritm/,/ograzhdeniya-i-zabory/,/ograzhdeniya-i-zabory/,true,true,internal,pass,
/ulichnaya-mebel/vazony-i-tsvetochnitsy/vazon-ritm/,/navesy-i-kozyrki/,/navesy-i-kozyrki/,true,true,internal,pass,
/ulichnaya-mebel/vazony-i-tsvetochnitsy/vazon-ritm/,/metallokonstruktsii-dlya-biznesa/,/metallokonstruktsii-dlya-biznesa/,true,true,internal,pass,
/ulichnaya-mebel/vazony-i-tsvetochnitsy/vazon-ritm/,/topiarii/,/topiarii/,true,true,internal,pass,
/ulichnaya-mebel/vazony-i-tsvetochnitsy/vazon-ritm/,/blagoustroystvo-territoriy/,/blagoustroystvo-territoriy/,true,true,internal,pass,
/ulichnaya-mebel/vazony-i-tsvetochnitsy/vazon-ritm/,/stroitelstvo-i-remonty/,/stroitelstvo-i-remonty/,true,true,internal,pass,
/ulichnaya-mebel/vazony-i-tsvetochnitsy/vazon-ritm/,/ulichnaya-mebel/,/ulichnaya-mebel/,true,true,internal,pass,
/ulichnaya-mebel/vazony-i-tsvetochnitsy/vazon-ritm/,/ograzhdeniya-i-zabory/,/ograzhdeniya-i-zabory/,true,true,internal,pass,
/ulichnaya-mebel/vazony-i-tsvetochnitsy/vazon-ritm/,/navesy-i-kozyrki/,/navesy-i-kozyrki/,true,true,internal,pass,
/ulichnaya-mebel/vazony-i-tsvetochnitsy/vazon-ritm/,/metallokonstruktsii-dlya-biznesa/,/metallokonstruktsii-dlya-biznesa/,true,true,internal,pass,
/ulichnaya-mebel/vazony-i-tsvetochnitsy/vazon-ritm/,/topiarii/,/topiarii/,true,true,internal,pass,
/ulichnaya-mebel/vazony-i-tsvetochnitsy/vazon-ritm/,/blagoustroystvo-territoriy/,/blagoustroystvo-territoriy/,true,true,internal,pass,
/ulichnaya-mebel/vazony-i-tsvetochnitsy/vazon-ritm/,/stroitelstvo-i-remonty/,/stroitelstvo-i-remonty/,true,true,internal,pass,
/ulichnaya-mebel/vazony-i-tsvetochnitsy/vazon-ritm/,/izgotovlenie-na-zakaz/,/izgotovlenie-na-zakaz/,true,true,internal,pass,
/ulichnaya-mebel/vazony-i-tsvetochnitsy/vazon-ritm/,/vypolnennye-obekty/,/vypolnennye-obekty/,true,true,internal,pass,
/ulichnaya-mebel/vazony-i-tsvetochnitsy/vazon-ritm/,/o-nas/,/o-nas/,true,true,internal,pass,
/ulichnaya-mebel/vazony-i-tsvetochnitsy/vazon-ritm/,/kontakty/,/kontakty/,true,true,internal,pass,
/ulichnaya-mebel/vazony-i-tsvetochnitsy/vazon-ritm/,/vakansii/,/vakansii/,true,true,internal,pass,
/ulichnaya-mebel/vazony-i-tsvetochnitsy/vazon-ritm/,/izgotovlenie-na-zakaz/,/izgotovlenie-na-zakaz/,true,true,internal,pass,
/ulichnaya-mebel/vazony-i-tsvetochnitsy/vazon-ritm/,/vypolnennye-obekty/,/vypolnennye-obekty/,true,true,internal,pass,
/ulichnaya-mebel/vazony-i-tsvetochnitsy/vazon-ritm/,/o-nas/,/o-nas/,true,true,internal,pass,
/ulichnaya-mebel/vazony-i-tsvetochnitsy/vazon-ritm/,/kontakty/,/kontakty/,true,true,internal,pass,
/ulichnaya-mebel/vazony-i-tsvetochnitsy/vazon-ritm/,/vakansii/,/vakansii/,true,true,internal,pass,
/ulichnaya-mebel/vazony-i-tsvetochnitsy/vazon-ritm/,#contact,/ulichnaya-mebel/vazony-i-tsvetochnitsy/vazon-ritm/,true,true,anchor,pass,
/ulichnaya-mebel/vazony-i-tsvetochnitsy/vazon-ritm/,tel:+79129735006,,true,true,tel,pass,
/ulichnaya-mebel/vazony-i-tsvetochnitsy/vazon-ritm/,tel:+79125799665,,true,true,tel,pass,
/ulichnaya-mebel/vazony-i-tsvetochnitsy/vazon-ritm/,https://t.me/smu1build,,true,true,external,pass,
/ulichnaya-mebel/vazony-i-tsvetochnitsy/vazon-ritm/,mailto:smu1.kurgan@yandex.ru,,true,true,mailto,pass,
/ulichnaya-mebel/vazony-i-tsvetochnitsy/vazon-ritm/,/politika-konfidencialnosti/,/politika-konfidencialnosti/,true,true,internal,pass,
/ulichnaya-mebel/vazony-i-tsvetochnitsy/vazon-ritm/,/politika-konfidencialnosti/,/politika-konfidencialnosti/,true,true,internal,pass,
/ulichnaya-mebel/vazony-i-tsvetochnitsy/vazon-soft/,#main-content,/ulichnaya-mebel/vazony-i-tsvetochnitsy/vazon-soft/,true,true,anchor,pass,
/ulichnaya-mebel/vazony-i-tsvetochnitsy/vazon-soft/,/,/,true,true,internal,pass,
/ulichnaya-mebel/vazony-i-tsvetochnitsy/vazon-soft/,/ulichnaya-mebel/,/ulichnaya-mebel/,true,true,internal,pass,
/ulichnaya-mebel/vazony-i-tsvetochnitsy/vazon-soft/,/ograzhdeniya-i-zabory/,/ograzhdeniya-i-zabory/,true,true,internal,pass,
/ulichnaya-mebel/vazony-i-tsvetochnitsy/vazon-soft/,/navesy-i-kozyrki/,/navesy-i-kozyrki/,true,true,internal,pass,
/ulichnaya-mebel/vazony-i-tsvetochnitsy/vazon-soft/,/topiarii/,/topiarii/,true,true,internal,pass,
/ulichnaya-mebel/vazony-i-tsvetochnitsy/vazon-soft/,/izgotovlenie-na-zakaz/,/izgotovlenie-na-zakaz/,true,true,internal,pass,
/ulichnaya-mebel/vazony-i-tsvetochnitsy/vazon-soft/,/metallokonstruktsii-dlya-biznesa/,/metallokonstruktsii-dlya-biznesa/,true,true,internal,pass,
/ulichnaya-mebel/vazony-i-tsvetochnitsy/vazon-soft/,/blagoustroystvo-territoriy/,/blagoustroystvo-territoriy/,true,true,internal,pass,
/ulichnaya-mebel/vazony-i-tsvetochnitsy/vazon-soft/,/stroitelstvo-i-remonty/,/stroitelstvo-i-remonty/,true,true,internal,pass,
/ulichnaya-mebel/vazony-i-tsvetochnitsy/vazon-soft/,/vypolnennye-obekty/,/vypolnennye-obekty/,true,true,internal,pass,
/ulichnaya-mebel/vazony-i-tsvetochnitsy/vazon-soft/,/o-nas/,/o-nas/,true,true,internal,pass,
/ulichnaya-mebel/vazony-i-tsvetochnitsy/vazon-soft/,/kontakty/,/kontakty/,true,true,internal,pass,
/ulichnaya-mebel/vazony-i-tsvetochnitsy/vazon-soft/,/vakansii/,/vakansii/,true,true,internal,pass,
/ulichnaya-mebel/vazony-i-tsvetochnitsy/vazon-soft/,tel:+79129735006,,true,true,tel,pass,
/ulichnaya-mebel/vazony-i-tsvetochnitsy/vazon-soft/,https://t.me/smu1build,,true,true,external,pass,
/ulichnaya-mebel/vazony-i-tsvetochnitsy/vazon-soft/,#contact,/ulichnaya-mebel/vazony-i-tsvetochnitsy/vazon-soft/,true,true,anchor,pass,
/ulichnaya-mebel/vazony-i-tsvetochnitsy/vazon-soft/,/,/,true,true,internal,pass,
/ulichnaya-mebel/vazony-i-tsvetochnitsy/vazon-soft/,#contact,/ulichnaya-mebel/vazony-i-tsvetochnitsy/vazon-soft/,true,true,anchor,pass,
/ulichnaya-mebel/vazony-i-tsvetochnitsy/vazon-soft/,/ulichnaya-mebel/,/ulichnaya-mebel/,true,true,internal,pass,
/ulichnaya-mebel/vazony-i-tsvetochnitsy/vazon-soft/,/ograzhdeniya-i-zabory/,/ograzhdeniya-i-zabory/,true,true,internal,pass,
/ulichnaya-mebel/vazony-i-tsvetochnitsy/vazon-soft/,/navesy-i-kozyrki/,/navesy-i-kozyrki/,true,true,internal,pass,
/ulichnaya-mebel/vazony-i-tsvetochnitsy/vazon-soft/,/topiarii/,/topiarii/,true,true,internal,pass,
/ulichnaya-mebel/vazony-i-tsvetochnitsy/vazon-soft/,/metallokonstruktsii-dlya-biznesa/,/metallokonstruktsii-dlya-biznesa/,true,true,internal,pass,
/ulichnaya-mebel/vazony-i-tsvetochnitsy/vazon-soft/,/blagoustroystvo-territoriy/,/blagoustroystvo-territoriy/,true,true,internal,pass,
/ulichnaya-mebel/vazony-i-tsvetochnitsy/vazon-soft/,/stroitelstvo-i-remonty/,/stroitelstvo-i-remonty/,true,true,internal,pass,
/ulichnaya-mebel/vazony-i-tsvetochnitsy/vazon-soft/,/izgotovlenie-na-zakaz/,/izgotovlenie-na-zakaz/,true,true,internal,pass,
/ulichnaya-mebel/vazony-i-tsvetochnitsy/vazon-soft/,/vypolnennye-obekty/,/vypolnennye-obekty/,true,true,internal,pass,
/ulichnaya-mebel/vazony-i-tsvetochnitsy/vazon-soft/,/o-nas/,/o-nas/,true,true,internal,pass,
/ulichnaya-mebel/vazony-i-tsvetochnitsy/vazon-soft/,/kontakty/,/kontakty/,true,true,internal,pass,
/ulichnaya-mebel/vazony-i-tsvetochnitsy/vazon-soft/,/vakansii/,/vakansii/,true,true,internal,pass,
/ulichnaya-mebel/vazony-i-tsvetochnitsy/vazon-soft/,tel:+79129735006,,true,true,tel,pass,
/ulichnaya-mebel/vazony-i-tsvetochnitsy/vazon-soft/,tel:+79125799665,,true,true,tel,pass,
/ulichnaya-mebel/vazony-i-tsvetochnitsy/vazon-soft/,https://t.me/smu1build,,true,true,external,pass,
/ulichnaya-mebel/vazony-i-tsvetochnitsy/vazon-soft/,mailto:smu1.kurgan@yandex.ru,,true,true,mailto,pass,
/ulichnaya-mebel/vazony-i-tsvetochnitsy/vazon-soft/,/,/,true,true,internal,pass,
/ulichnaya-mebel/vazony-i-tsvetochnitsy/vazon-soft/,/ulichnaya-mebel/,/ulichnaya-mebel/,true,true,internal,pass,
/ulichnaya-mebel/vazony-i-tsvetochnitsy/vazon-soft/,/ulichnaya-mebel/vazony-i-tsvetochnitsy/,/ulichnaya-mebel/vazony-i-tsvetochnitsy/,true,true,internal,pass,
/ulichnaya-mebel/vazony-i-tsvetochnitsy/vazon-soft/,#contact,/ulichnaya-mebel/vazony-i-tsvetochnitsy/vazon-soft/,true,true,anchor,pass,
/ulichnaya-mebel/vazony-i-tsvetochnitsy/vazon-soft/,https://t.me/smu1build,,true,true,external,pass,
/ulichnaya-mebel/vazony-i-tsvetochnitsy/vazon-soft/,#contact,/ulichnaya-mebel/vazony-i-tsvetochnitsy/vazon-soft/,true,true,anchor,pass,
/ulichnaya-mebel/vazony-i-tsvetochnitsy/vazon-soft/,/ulichnaya-mebel/vazony-i-tsvetochnitsy/,/ulichnaya-mebel/vazony-i-tsvetochnitsy/,true,true,internal,pass,
/ulichnaya-mebel/vazony-i-tsvetochnitsy/vazon-soft/,/ulichnaya-mebel/vazony-i-tsvetochnitsy/vazon-ritm/,/ulichnaya-mebel/vazony-i-tsvetochnitsy/vazon-ritm/,true,true,internal,pass,
/ulichnaya-mebel/vazony-i-tsvetochnitsy/vazon-soft/,/ulichnaya-mebel/vazony-i-tsvetochnitsy/vazon-kontur/,/ulichnaya-mebel/vazony-i-tsvetochnitsy/vazon-kontur/,true,true,internal,pass,
/ulichnaya-mebel/vazony-i-tsvetochnitsy/vazon-soft/,/ulichnaya-mebel/vazony-i-tsvetochnitsy/vazon-koltso/,/ulichnaya-mebel/vazony-i-tsvetochnitsy/vazon-koltso/,true,true,internal,pass,
/ulichnaya-mebel/vazony-i-tsvetochnitsy/vazon-soft/,/ulichnaya-mebel/vazony-i-tsvetochnitsy/vazon-gorizont/,/ulichnaya-mebel/vazony-i-tsvetochnitsy/vazon-gorizont/,true,true,internal,pass,
/ulichnaya-mebel/vazony-i-tsvetochnitsy/vazon-soft/,https://t.me/smu1build,,true,true,external,pass,
/ulichnaya-mebel/vazony-i-tsvetochnitsy/vazon-soft/,/izgotovlenie-na-zakaz/,/izgotovlenie-na-zakaz/,true,true,internal,pass,
/ulichnaya-mebel/vazony-i-tsvetochnitsy/vazon-soft/,tel:+79129735006,,true,true,tel,pass,
/ulichnaya-mebel/vazony-i-tsvetochnitsy/vazon-soft/,https://t.me/smu1build,,true,true,external,pass,
/ulichnaya-mebel/vazony-i-tsvetochnitsy/vazon-soft/,mailto:smu1.kurgan@yandex.ru,,true,true,mailto,pass,
/ulichnaya-mebel/vazony-i-tsvetochnitsy/vazon-soft/,/kontakty/,/kontakty/,true,true,internal,pass,
/ulichnaya-mebel/vazony-i-tsvetochnitsy/vazon-soft/,/,/,true,true,internal,pass,
/ulichnaya-mebel/vazony-i-tsvetochnitsy/vazon-soft/,/ulichnaya-mebel/,/ulichnaya-mebel/,true,true,internal,pass,
/ulichnaya-mebel/vazony-i-tsvetochnitsy/vazon-soft/,/ograzhdeniya-i-zabory/,/ograzhdeniya-i-zabory/,true,true,internal,pass,
/ulichnaya-mebel/vazony-i-tsvetochnitsy/vazon-soft/,/navesy-i-kozyrki/,/navesy-i-kozyrki/,true,true,internal,pass,
/ulichnaya-mebel/vazony-i-tsvetochnitsy/vazon-soft/,/metallokonstruktsii-dlya-biznesa/,/metallokonstruktsii-dlya-biznesa/,true,true,internal,pass,
/ulichnaya-mebel/vazony-i-tsvetochnitsy/vazon-soft/,/topiarii/,/topiarii/,true,true,internal,pass,
/ulichnaya-mebel/vazony-i-tsvetochnitsy/vazon-soft/,/blagoustroystvo-territoriy/,/blagoustroystvo-territoriy/,true,true,internal,pass,
/ulichnaya-mebel/vazony-i-tsvetochnitsy/vazon-soft/,/stroitelstvo-i-remonty/,/stroitelstvo-i-remonty/,true,true,internal,pass,
/ulichnaya-mebel/vazony-i-tsvetochnitsy/vazon-soft/,/ulichnaya-mebel/,/ulichnaya-mebel/,true,true,internal,pass,
/ulichnaya-mebel/vazony-i-tsvetochnitsy/vazon-soft/,/ograzhdeniya-i-zabory/,/ograzhdeniya-i-zabory/,true,true,internal,pass,
/ulichnaya-mebel/vazony-i-tsvetochnitsy/vazon-soft/,/navesy-i-kozyrki/,/navesy-i-kozyrki/,true,true,internal,pass,
/ulichnaya-mebel/vazony-i-tsvetochnitsy/vazon-soft/,/metallokonstruktsii-dlya-biznesa/,/metallokonstruktsii-dlya-biznesa/,true,true,internal,pass,
/ulichnaya-mebel/vazony-i-tsvetochnitsy/vazon-soft/,/topiarii/,/topiarii/,true,true,internal,pass,
/ulichnaya-mebel/vazony-i-tsvetochnitsy/vazon-soft/,/blagoustroystvo-territoriy/,/blagoustroystvo-territoriy/,true,true,internal,pass,
/ulichnaya-mebel/vazony-i-tsvetochnitsy/vazon-soft/,/stroitelstvo-i-remonty/,/stroitelstvo-i-remonty/,true,true,internal,pass,
/ulichnaya-mebel/vazony-i-tsvetochnitsy/vazon-soft/,/izgotovlenie-na-zakaz/,/izgotovlenie-na-zakaz/,true,true,internal,pass,
/ulichnaya-mebel/vazony-i-tsvetochnitsy/vazon-soft/,/vypolnennye-obekty/,/vypolnennye-obekty/,true,true,internal,pass,
/ulichnaya-mebel/vazony-i-tsvetochnitsy/vazon-soft/,/o-nas/,/o-nas/,true,true,internal,pass,
/ulichnaya-mebel/vazony-i-tsvetochnitsy/vazon-soft/,/kontakty/,/kontakty/,true,true,internal,pass,
/ulichnaya-mebel/vazony-i-tsvetochnitsy/vazon-soft/,/vakansii/,/vakansii/,true,true,internal,pass,
/ulichnaya-mebel/vazony-i-tsvetochnitsy/vazon-soft/,/izgotovlenie-na-zakaz/,/izgotovlenie-na-zakaz/,true,true,internal,pass,
/ulichnaya-mebel/vazony-i-tsvetochnitsy/vazon-soft/,/vypolnennye-obekty/,/vypolnennye-obekty/,true,true,internal,pass,
/ulichnaya-mebel/vazony-i-tsvetochnitsy/vazon-soft/,/o-nas/,/o-nas/,true,true,internal,pass,
/ulichnaya-mebel/vazony-i-tsvetochnitsy/vazon-soft/,/kontakty/,/kontakty/,true,true,internal,pass,
/ulichnaya-mebel/vazony-i-tsvetochnitsy/vazon-soft/,/vakansii/,/vakansii/,true,true,internal,pass,
/ulichnaya-mebel/vazony-i-tsvetochnitsy/vazon-soft/,#contact,/ulichnaya-mebel/vazony-i-tsvetochnitsy/vazon-soft/,true,true,anchor,pass,
/ulichnaya-mebel/vazony-i-tsvetochnitsy/vazon-soft/,tel:+79129735006,,true,true,tel,pass,
/ulichnaya-mebel/vazony-i-tsvetochnitsy/vazon-soft/,tel:+79125799665,,true,true,tel,pass,
/ulichnaya-mebel/vazony-i-tsvetochnitsy/vazon-soft/,https://t.me/smu1build,,true,true,external,pass,
/ulichnaya-mebel/vazony-i-tsvetochnitsy/vazon-soft/,mailto:smu1.kurgan@yandex.ru,,true,true,mailto,pass,
/ulichnaya-mebel/vazony-i-tsvetochnitsy/vazon-soft/,/politika-konfidencialnosti/,/politika-konfidencialnosti/,true,true,internal,pass,
/ulichnaya-mebel/vazony-i-tsvetochnitsy/vazon-soft/,/politika-konfidencialnosti/,/politika-konfidencialnosti/,true,true,internal,pass,
/ulichnaya-mebel/veloparkovki/veloparkovka-duga/,#main-content,/ulichnaya-mebel/veloparkovki/veloparkovka-duga/,true,true,anchor,pass,
/ulichnaya-mebel/veloparkovki/veloparkovka-duga/,/,/,true,true,internal,pass,
/ulichnaya-mebel/veloparkovki/veloparkovka-duga/,/ulichnaya-mebel/,/ulichnaya-mebel/,true,true,internal,pass,
/ulichnaya-mebel/veloparkovki/veloparkovka-duga/,/ograzhdeniya-i-zabory/,/ograzhdeniya-i-zabory/,true,true,internal,pass,
/ulichnaya-mebel/veloparkovki/veloparkovka-duga/,/navesy-i-kozyrki/,/navesy-i-kozyrki/,true,true,internal,pass,
/ulichnaya-mebel/veloparkovki/veloparkovka-duga/,/topiarii/,/topiarii/,true,true,internal,pass,
/ulichnaya-mebel/veloparkovki/veloparkovka-duga/,/izgotovlenie-na-zakaz/,/izgotovlenie-na-zakaz/,true,true,internal,pass,
/ulichnaya-mebel/veloparkovki/veloparkovka-duga/,/metallokonstruktsii-dlya-biznesa/,/metallokonstruktsii-dlya-biznesa/,true,true,internal,pass,
/ulichnaya-mebel/veloparkovki/veloparkovka-duga/,/blagoustroystvo-territoriy/,/blagoustroystvo-territoriy/,true,true,internal,pass,
/ulichnaya-mebel/veloparkovki/veloparkovka-duga/,/stroitelstvo-i-remonty/,/stroitelstvo-i-remonty/,true,true,internal,pass,
/ulichnaya-mebel/veloparkovki/veloparkovka-duga/,/vypolnennye-obekty/,/vypolnennye-obekty/,true,true,internal,pass,
/ulichnaya-mebel/veloparkovki/veloparkovka-duga/,/o-nas/,/o-nas/,true,true,internal,pass,
/ulichnaya-mebel/veloparkovki/veloparkovka-duga/,/kontakty/,/kontakty/,true,true,internal,pass,
/ulichnaya-mebel/veloparkovki/veloparkovka-duga/,/vakansii/,/vakansii/,true,true,internal,pass,
/ulichnaya-mebel/veloparkovki/veloparkovka-duga/,tel:+79129735006,,true,true,tel,pass,
/ulichnaya-mebel/veloparkovki/veloparkovka-duga/,https://t.me/smu1build,,true,true,external,pass,
/ulichnaya-mebel/veloparkovki/veloparkovka-duga/,#contact,/ulichnaya-mebel/veloparkovki/veloparkovka-duga/,true,true,anchor,pass,
/ulichnaya-mebel/veloparkovki/veloparkovka-duga/,/,/,true,true,internal,pass,
/ulichnaya-mebel/veloparkovki/veloparkovka-duga/,#contact,/ulichnaya-mebel/veloparkovki/veloparkovka-duga/,true,true,anchor,pass,
/ulichnaya-mebel/veloparkovki/veloparkovka-duga/,/ulichnaya-mebel/,/ulichnaya-mebel/,true,true,internal,pass,
/ulichnaya-mebel/veloparkovki/veloparkovka-duga/,/ograzhdeniya-i-zabory/,/ograzhdeniya-i-zabory/,true,true,internal,pass,
/ulichnaya-mebel/veloparkovki/veloparkovka-duga/,/navesy-i-kozyrki/,/navesy-i-kozyrki/,true,true,internal,pass,
/ulichnaya-mebel/veloparkovki/veloparkovka-duga/,/topiarii/,/topiarii/,true,true,internal,pass,
/ulichnaya-mebel/veloparkovki/veloparkovka-duga/,/metallokonstruktsii-dlya-biznesa/,/metallokonstruktsii-dlya-biznesa/,true,true,internal,pass,
/ulichnaya-mebel/veloparkovki/veloparkovka-duga/,/blagoustroystvo-territoriy/,/blagoustroystvo-territoriy/,true,true,internal,pass,
/ulichnaya-mebel/veloparkovki/veloparkovka-duga/,/stroitelstvo-i-remonty/,/stroitelstvo-i-remonty/,true,true,internal,pass,
/ulichnaya-mebel/veloparkovki/veloparkovka-duga/,/izgotovlenie-na-zakaz/,/izgotovlenie-na-zakaz/,true,true,internal,pass,
/ulichnaya-mebel/veloparkovki/veloparkovka-duga/,/vypolnennye-obekty/,/vypolnennye-obekty/,true,true,internal,pass,
/ulichnaya-mebel/veloparkovki/veloparkovka-duga/,/o-nas/,/o-nas/,true,true,internal,pass,
/ulichnaya-mebel/veloparkovki/veloparkovka-duga/,/kontakty/,/kontakty/,true,true,internal,pass,
/ulichnaya-mebel/veloparkovki/veloparkovka-duga/,/vakansii/,/vakansii/,true,true,internal,pass,
/ulichnaya-mebel/veloparkovki/veloparkovka-duga/,tel:+79129735006,,true,true,tel,pass,
/ulichnaya-mebel/veloparkovki/veloparkovka-duga/,tel:+79125799665,,true,true,tel,pass,
/ulichnaya-mebel/veloparkovki/veloparkovka-duga/,https://t.me/smu1build,,true,true,external,pass,
/ulichnaya-mebel/veloparkovki/veloparkovka-duga/,mailto:smu1.kurgan@yandex.ru,,true,true,mailto,pass,
/ulichnaya-mebel/veloparkovki/veloparkovka-duga/,/,/,true,true,internal,pass,
/ulichnaya-mebel/veloparkovki/veloparkovka-duga/,/ulichnaya-mebel/,/ulichnaya-mebel/,true,true,internal,pass,
/ulichnaya-mebel/veloparkovki/veloparkovka-duga/,/ulichnaya-mebel/veloparkovki/,/ulichnaya-mebel/veloparkovki/,true,true,internal,pass,
/ulichnaya-mebel/veloparkovki/veloparkovka-duga/,#contact,/ulichnaya-mebel/veloparkovki/veloparkovka-duga/,true,true,anchor,pass,
/ulichnaya-mebel/veloparkovki/veloparkovka-duga/,https://t.me/smu1build,,true,true,external,pass,
/ulichnaya-mebel/veloparkovki/veloparkovka-duga/,#contact,/ulichnaya-mebel/veloparkovki/veloparkovka-duga/,true,true,anchor,pass,
/ulichnaya-mebel/veloparkovki/veloparkovka-duga/,/ulichnaya-mebel/veloparkovki/,/ulichnaya-mebel/veloparkovki/,true,true,internal,pass,
/ulichnaya-mebel/veloparkovki/veloparkovka-duga/,/ulichnaya-mebel/veloparkovki/parkovka-dlya-samokatov-arka/,/ulichnaya-mebel/veloparkovki/parkovka-dlya-samokatov-arka/,true,true,internal,pass,
/ulichnaya-mebel/veloparkovki/veloparkovka-duga/,/ulichnaya-mebel/veloparkovki/veloparkovka-marker/,/ulichnaya-mebel/veloparkovki/veloparkovka-marker/,true,true,internal,pass,
/ulichnaya-mebel/veloparkovki/veloparkovka-duga/,/ulichnaya-mebel/veloparkovki/veloparkovka-pik/,/ulichnaya-mebel/veloparkovki/veloparkovka-pik/,true,true,internal,pass,
/ulichnaya-mebel/veloparkovki/veloparkovka-duga/,/ulichnaya-mebel/veloparkovki/veloparkovka-pilon/,/ulichnaya-mebel/veloparkovki/veloparkovka-pilon/,true,true,internal,pass,
/ulichnaya-mebel/veloparkovki/veloparkovka-duga/,https://t.me/smu1build,,true,true,external,pass,
/ulichnaya-mebel/veloparkovki/veloparkovka-duga/,/izgotovlenie-na-zakaz/,/izgotovlenie-na-zakaz/,true,true,internal,pass,
/ulichnaya-mebel/veloparkovki/veloparkovka-duga/,tel:+79129735006,,true,true,tel,pass,
/ulichnaya-mebel/veloparkovki/veloparkovka-duga/,https://t.me/smu1build,,true,true,external,pass,
/ulichnaya-mebel/veloparkovki/veloparkovka-duga/,mailto:smu1.kurgan@yandex.ru,,true,true,mailto,pass,
/ulichnaya-mebel/veloparkovki/veloparkovka-duga/,/kontakty/,/kontakty/,true,true,internal,pass,
/ulichnaya-mebel/veloparkovki/veloparkovka-duga/,/,/,true,true,internal,pass,
/ulichnaya-mebel/veloparkovki/veloparkovka-duga/,/ulichnaya-mebel/,/ulichnaya-mebel/,true,true,internal,pass,
/ulichnaya-mebel/veloparkovki/veloparkovka-duga/,/ograzhdeniya-i-zabory/,/ograzhdeniya-i-zabory/,true,true,internal,pass,
/ulichnaya-mebel/veloparkovki/veloparkovka-duga/,/navesy-i-kozyrki/,/navesy-i-kozyrki/,true,true,internal,pass,
/ulichnaya-mebel/veloparkovki/veloparkovka-duga/,/metallokonstruktsii-dlya-biznesa/,/metallokonstruktsii-dlya-biznesa/,true,true,internal,pass,
/ulichnaya-mebel/veloparkovki/veloparkovka-duga/,/topiarii/,/topiarii/,true,true,internal,pass,
/ulichnaya-mebel/veloparkovki/veloparkovka-duga/,/blagoustroystvo-territoriy/,/blagoustroystvo-territoriy/,true,true,internal,pass,
/ulichnaya-mebel/veloparkovki/veloparkovka-duga/,/stroitelstvo-i-remonty/,/stroitelstvo-i-remonty/,true,true,internal,pass,
/ulichnaya-mebel/veloparkovki/veloparkovka-duga/,/ulichnaya-mebel/,/ulichnaya-mebel/,true,true,internal,pass,
/ulichnaya-mebel/veloparkovki/veloparkovka-duga/,/ograzhdeniya-i-zabory/,/ograzhdeniya-i-zabory/,true,true,internal,pass,
/ulichnaya-mebel/veloparkovki/veloparkovka-duga/,/navesy-i-kozyrki/,/navesy-i-kozyrki/,true,true,internal,pass,
/ulichnaya-mebel/veloparkovki/veloparkovka-duga/,/metallokonstruktsii-dlya-biznesa/,/metallokonstruktsii-dlya-biznesa/,true,true,internal,pass,
/ulichnaya-mebel/veloparkovki/veloparkovka-duga/,/topiarii/,/topiarii/,true,true,internal,pass,
/ulichnaya-mebel/veloparkovki/veloparkovka-duga/,/blagoustroystvo-territoriy/,/blagoustroystvo-territoriy/,true,true,internal,pass,
/ulichnaya-mebel/veloparkovki/veloparkovka-duga/,/stroitelstvo-i-remonty/,/stroitelstvo-i-remonty/,true,true,internal,pass,
/ulichnaya-mebel/veloparkovki/veloparkovka-duga/,/izgotovlenie-na-zakaz/,/izgotovlenie-na-zakaz/,true,true,internal,pass,
/ulichnaya-mebel/veloparkovki/veloparkovka-duga/,/vypolnennye-obekty/,/vypolnennye-obekty/,true,true,internal,pass,
/ulichnaya-mebel/veloparkovki/veloparkovka-duga/,/o-nas/,/o-nas/,true,true,internal,pass,
/ulichnaya-mebel/veloparkovki/veloparkovka-duga/,/kontakty/,/kontakty/,true,true,internal,pass,
/ulichnaya-mebel/veloparkovki/veloparkovka-duga/,/vakansii/,/vakansii/,true,true,internal,pass,
/ulichnaya-mebel/veloparkovki/veloparkovka-duga/,/izgotovlenie-na-zakaz/,/izgotovlenie-na-zakaz/,true,true,internal,pass,
/ulichnaya-mebel/veloparkovki/veloparkovka-duga/,/vypolnennye-obekty/,/vypolnennye-obekty/,true,true,internal,pass,
/ulichnaya-mebel/veloparkovki/veloparkovka-duga/,/o-nas/,/o-nas/,true,true,internal,pass,
/ulichnaya-mebel/veloparkovki/veloparkovka-duga/,/kontakty/,/kontakty/,true,true,internal,pass,
/ulichnaya-mebel/veloparkovki/veloparkovka-duga/,/vakansii/,/vakansii/,true,true,internal,pass,
/ulichnaya-mebel/veloparkovki/veloparkovka-duga/,#contact,/ulichnaya-mebel/veloparkovki/veloparkovka-duga/,true,true,anchor,pass,
/ulichnaya-mebel/veloparkovki/veloparkovka-duga/,tel:+79129735006,,true,true,tel,pass,
/ulichnaya-mebel/veloparkovki/veloparkovka-duga/,tel:+79125799665,,true,true,tel,pass,
/ulichnaya-mebel/veloparkovki/veloparkovka-duga/,https://t.me/smu1build,,true,true,external,pass,
/ulichnaya-mebel/veloparkovki/veloparkovka-duga/,mailto:smu1.kurgan@yandex.ru,,true,true,mailto,pass,
/ulichnaya-mebel/veloparkovki/veloparkovka-duga/,/politika-konfidencialnosti/,/politika-konfidencialnosti/,true,true,internal,pass,
/ulichnaya-mebel/veloparkovki/veloparkovka-duga/,/politika-konfidencialnosti/,/politika-konfidencialnosti/,true,true,internal,pass,
/ulichnaya-mebel/veloparkovki/veloparkovka-marker/,#main-content,/ulichnaya-mebel/veloparkovki/veloparkovka-marker/,true,true,anchor,pass,
/ulichnaya-mebel/veloparkovki/veloparkovka-marker/,/,/,true,true,internal,pass,
/ulichnaya-mebel/veloparkovki/veloparkovka-marker/,/ulichnaya-mebel/,/ulichnaya-mebel/,true,true,internal,pass,
/ulichnaya-mebel/veloparkovki/veloparkovka-marker/,/ograzhdeniya-i-zabory/,/ograzhdeniya-i-zabory/,true,true,internal,pass,
/ulichnaya-mebel/veloparkovki/veloparkovka-marker/,/navesy-i-kozyrki/,/navesy-i-kozyrki/,true,true,internal,pass,
/ulichnaya-mebel/veloparkovki/veloparkovka-marker/,/topiarii/,/topiarii/,true,true,internal,pass,
/ulichnaya-mebel/veloparkovki/veloparkovka-marker/,/izgotovlenie-na-zakaz/,/izgotovlenie-na-zakaz/,true,true,internal,pass,
/ulichnaya-mebel/veloparkovki/veloparkovka-marker/,/metallokonstruktsii-dlya-biznesa/,/metallokonstruktsii-dlya-biznesa/,true,true,internal,pass,
/ulichnaya-mebel/veloparkovki/veloparkovka-marker/,/blagoustroystvo-territoriy/,/blagoustroystvo-territoriy/,true,true,internal,pass,
/ulichnaya-mebel/veloparkovki/veloparkovka-marker/,/stroitelstvo-i-remonty/,/stroitelstvo-i-remonty/,true,true,internal,pass,
/ulichnaya-mebel/veloparkovki/veloparkovka-marker/,/vypolnennye-obekty/,/vypolnennye-obekty/,true,true,internal,pass,
/ulichnaya-mebel/veloparkovki/veloparkovka-marker/,/o-nas/,/o-nas/,true,true,internal,pass,
/ulichnaya-mebel/veloparkovki/veloparkovka-marker/,/kontakty/,/kontakty/,true,true,internal,pass,
/ulichnaya-mebel/veloparkovki/veloparkovka-marker/,/vakansii/,/vakansii/,true,true,internal,pass,
/ulichnaya-mebel/veloparkovki/veloparkovka-marker/,tel:+79129735006,,true,true,tel,pass,
/ulichnaya-mebel/veloparkovki/veloparkovka-marker/,https://t.me/smu1build,,true,true,external,pass,
/ulichnaya-mebel/veloparkovki/veloparkovka-marker/,#contact,/ulichnaya-mebel/veloparkovki/veloparkovka-marker/,true,true,anchor,pass,
/ulichnaya-mebel/veloparkovki/veloparkovka-marker/,/,/,true,true,internal,pass,
/ulichnaya-mebel/veloparkovki/veloparkovka-marker/,#contact,/ulichnaya-mebel/veloparkovki/veloparkovka-marker/,true,true,anchor,pass,
/ulichnaya-mebel/veloparkovki/veloparkovka-marker/,/ulichnaya-mebel/,/ulichnaya-mebel/,true,true,internal,pass,
/ulichnaya-mebel/veloparkovki/veloparkovka-marker/,/ograzhdeniya-i-zabory/,/ograzhdeniya-i-zabory/,true,true,internal,pass,
/ulichnaya-mebel/veloparkovki/veloparkovka-marker/,/navesy-i-kozyrki/,/navesy-i-kozyrki/,true,true,internal,pass,
/ulichnaya-mebel/veloparkovki/veloparkovka-marker/,/topiarii/,/topiarii/,true,true,internal,pass,
/ulichnaya-mebel/veloparkovki/veloparkovka-marker/,/metallokonstruktsii-dlya-biznesa/,/metallokonstruktsii-dlya-biznesa/,true,true,internal,pass,
/ulichnaya-mebel/veloparkovki/veloparkovka-marker/,/blagoustroystvo-territoriy/,/blagoustroystvo-territoriy/,true,true,internal,pass,
/ulichnaya-mebel/veloparkovki/veloparkovka-marker/,/stroitelstvo-i-remonty/,/stroitelstvo-i-remonty/,true,true,internal,pass,
/ulichnaya-mebel/veloparkovki/veloparkovka-marker/,/izgotovlenie-na-zakaz/,/izgotovlenie-na-zakaz/,true,true,internal,pass,
/ulichnaya-mebel/veloparkovki/veloparkovka-marker/,/vypolnennye-obekty/,/vypolnennye-obekty/,true,true,internal,pass,
/ulichnaya-mebel/veloparkovki/veloparkovka-marker/,/o-nas/,/o-nas/,true,true,internal,pass,
/ulichnaya-mebel/veloparkovki/veloparkovka-marker/,/kontakty/,/kontakty/,true,true,internal,pass,
/ulichnaya-mebel/veloparkovki/veloparkovka-marker/,/vakansii/,/vakansii/,true,true,internal,pass,
/ulichnaya-mebel/veloparkovki/veloparkovka-marker/,tel:+79129735006,,true,true,tel,pass,
/ulichnaya-mebel/veloparkovki/veloparkovka-marker/,tel:+79125799665,,true,true,tel,pass,
/ulichnaya-mebel/veloparkovki/veloparkovka-marker/,https://t.me/smu1build,,true,true,external,pass,
/ulichnaya-mebel/veloparkovki/veloparkovka-marker/,mailto:smu1.kurgan@yandex.ru,,true,true,mailto,pass,
/ulichnaya-mebel/veloparkovki/veloparkovka-marker/,/,/,true,true,internal,pass,
/ulichnaya-mebel/veloparkovki/veloparkovka-marker/,/ulichnaya-mebel/,/ulichnaya-mebel/,true,true,internal,pass,
/ulichnaya-mebel/veloparkovki/veloparkovka-marker/,/ulichnaya-mebel/veloparkovki/,/ulichnaya-mebel/veloparkovki/,true,true,internal,pass,
/ulichnaya-mebel/veloparkovki/veloparkovka-marker/,#contact,/ulichnaya-mebel/veloparkovki/veloparkovka-marker/,true,true,anchor,pass,
/ulichnaya-mebel/veloparkovki/veloparkovka-marker/,https://t.me/smu1build,,true,true,external,pass,
/ulichnaya-mebel/veloparkovki/veloparkovka-marker/,#contact,/ulichnaya-mebel/veloparkovki/veloparkovka-marker/,true,true,anchor,pass,
/ulichnaya-mebel/veloparkovki/veloparkovka-marker/,/ulichnaya-mebel/veloparkovki/,/ulichnaya-mebel/veloparkovki/,true,true,internal,pass,
/ulichnaya-mebel/veloparkovki/veloparkovka-marker/,/ulichnaya-mebel/veloparkovki/parkovka-dlya-samokatov-arka/,/ulichnaya-mebel/veloparkovki/parkovka-dlya-samokatov-arka/,true,true,internal,pass,
/ulichnaya-mebel/veloparkovki/veloparkovka-marker/,/ulichnaya-mebel/veloparkovki/veloparkovka-pik/,/ulichnaya-mebel/veloparkovki/veloparkovka-pik/,true,true,internal,pass,
/ulichnaya-mebel/veloparkovki/veloparkovka-marker/,/ulichnaya-mebel/veloparkovki/veloparkovka-duga/,/ulichnaya-mebel/veloparkovki/veloparkovka-duga/,true,true,internal,pass,
/ulichnaya-mebel/veloparkovki/veloparkovka-marker/,/ulichnaya-mebel/veloparkovki/veloparkovka-pilon/,/ulichnaya-mebel/veloparkovki/veloparkovka-pilon/,true,true,internal,pass,
/ulichnaya-mebel/veloparkovki/veloparkovka-marker/,https://t.me/smu1build,,true,true,external,pass,
/ulichnaya-mebel/veloparkovki/veloparkovka-marker/,/izgotovlenie-na-zakaz/,/izgotovlenie-na-zakaz/,true,true,internal,pass,
/ulichnaya-mebel/veloparkovki/veloparkovka-marker/,tel:+79129735006,,true,true,tel,pass,
/ulichnaya-mebel/veloparkovki/veloparkovka-marker/,https://t.me/smu1build,,true,true,external,pass,
/ulichnaya-mebel/veloparkovki/veloparkovka-marker/,mailto:smu1.kurgan@yandex.ru,,true,true,mailto,pass,
/ulichnaya-mebel/veloparkovki/veloparkovka-marker/,/kontakty/,/kontakty/,true,true,internal,pass,
/ulichnaya-mebel/veloparkovki/veloparkovka-marker/,/,/,true,true,internal,pass,
/ulichnaya-mebel/veloparkovki/veloparkovka-marker/,/ulichnaya-mebel/,/ulichnaya-mebel/,true,true,internal,pass,
/ulichnaya-mebel/veloparkovki/veloparkovka-marker/,/ograzhdeniya-i-zabory/,/ograzhdeniya-i-zabory/,true,true,internal,pass,
/ulichnaya-mebel/veloparkovki/veloparkovka-marker/,/navesy-i-kozyrki/,/navesy-i-kozyrki/,true,true,internal,pass,
/ulichnaya-mebel/veloparkovki/veloparkovka-marker/,/metallokonstruktsii-dlya-biznesa/,/metallokonstruktsii-dlya-biznesa/,true,true,internal,pass,
/ulichnaya-mebel/veloparkovki/veloparkovka-marker/,/topiarii/,/topiarii/,true,true,internal,pass,
/ulichnaya-mebel/veloparkovki/veloparkovka-marker/,/blagoustroystvo-territoriy/,/blagoustroystvo-territoriy/,true,true,internal,pass,
/ulichnaya-mebel/veloparkovki/veloparkovka-marker/,/stroitelstvo-i-remonty/,/stroitelstvo-i-remonty/,true,true,internal,pass,
/ulichnaya-mebel/veloparkovki/veloparkovka-marker/,/ulichnaya-mebel/,/ulichnaya-mebel/,true,true,internal,pass,
/ulichnaya-mebel/veloparkovki/veloparkovka-marker/,/ograzhdeniya-i-zabory/,/ograzhdeniya-i-zabory/,true,true,internal,pass,
/ulichnaya-mebel/veloparkovki/veloparkovka-marker/,/navesy-i-kozyrki/,/navesy-i-kozyrki/,true,true,internal,pass,
/ulichnaya-mebel/veloparkovki/veloparkovka-marker/,/metallokonstruktsii-dlya-biznesa/,/metallokonstruktsii-dlya-biznesa/,true,true,internal,pass,
/ulichnaya-mebel/veloparkovki/veloparkovka-marker/,/topiarii/,/topiarii/,true,true,internal,pass,
/ulichnaya-mebel/veloparkovki/veloparkovka-marker/,/blagoustroystvo-territoriy/,/blagoustroystvo-territoriy/,true,true,internal,pass,
/ulichnaya-mebel/veloparkovki/veloparkovka-marker/,/stroitelstvo-i-remonty/,/stroitelstvo-i-remonty/,true,true,internal,pass,
/ulichnaya-mebel/veloparkovki/veloparkovka-marker/,/izgotovlenie-na-zakaz/,/izgotovlenie-na-zakaz/,true,true,internal,pass,
/ulichnaya-mebel/veloparkovki/veloparkovka-marker/,/vypolnennye-obekty/,/vypolnennye-obekty/,true,true,internal,pass,
/ulichnaya-mebel/veloparkovki/veloparkovka-marker/,/o-nas/,/o-nas/,true,true,internal,pass,
/ulichnaya-mebel/veloparkovki/veloparkovka-marker/,/kontakty/,/kontakty/,true,true,internal,pass,
/ulichnaya-mebel/veloparkovki/veloparkovka-marker/,/vakansii/,/vakansii/,true,true,internal,pass,
/ulichnaya-mebel/veloparkovki/veloparkovka-marker/,/izgotovlenie-na-zakaz/,/izgotovlenie-na-zakaz/,true,true,internal,pass,
/ulichnaya-mebel/veloparkovki/veloparkovka-marker/,/vypolnennye-obekty/,/vypolnennye-obekty/,true,true,internal,pass,
/ulichnaya-mebel/veloparkovki/veloparkovka-marker/,/o-nas/,/o-nas/,true,true,internal,pass,
/ulichnaya-mebel/veloparkovki/veloparkovka-marker/,/kontakty/,/kontakty/,true,true,internal,pass,
/ulichnaya-mebel/veloparkovki/veloparkovka-marker/,/vakansii/,/vakansii/,true,true,internal,pass,
/ulichnaya-mebel/veloparkovki/veloparkovka-marker/,#contact,/ulichnaya-mebel/veloparkovki/veloparkovka-marker/,true,true,anchor,pass,
/ulichnaya-mebel/veloparkovki/veloparkovka-marker/,tel:+79129735006,,true,true,tel,pass,
/ulichnaya-mebel/veloparkovki/veloparkovka-marker/,tel:+79125799665,,true,true,tel,pass,
/ulichnaya-mebel/veloparkovki/veloparkovka-marker/,https://t.me/smu1build,,true,true,external,pass,
/ulichnaya-mebel/veloparkovki/veloparkovka-marker/,mailto:smu1.kurgan@yandex.ru,,true,true,mailto,pass,
/ulichnaya-mebel/veloparkovki/veloparkovka-marker/,/politika-konfidencialnosti/,/politika-konfidencialnosti/,true,true,internal,pass,
/ulichnaya-mebel/veloparkovki/veloparkovka-marker/,/politika-konfidencialnosti/,/politika-konfidencialnosti/,true,true,internal,pass,
/ulichnaya-mebel/veloparkovki/veloparkovka-pik/,#main-content,/ulichnaya-mebel/veloparkovki/veloparkovka-pik/,true,true,anchor,pass,
/ulichnaya-mebel/veloparkovki/veloparkovka-pik/,/,/,true,true,internal,pass,
/ulichnaya-mebel/veloparkovki/veloparkovka-pik/,/ulichnaya-mebel/,/ulichnaya-mebel/,true,true,internal,pass,
/ulichnaya-mebel/veloparkovki/veloparkovka-pik/,/ograzhdeniya-i-zabory/,/ograzhdeniya-i-zabory/,true,true,internal,pass,
/ulichnaya-mebel/veloparkovki/veloparkovka-pik/,/navesy-i-kozyrki/,/navesy-i-kozyrki/,true,true,internal,pass,
/ulichnaya-mebel/veloparkovki/veloparkovka-pik/,/topiarii/,/topiarii/,true,true,internal,pass,
/ulichnaya-mebel/veloparkovki/veloparkovka-pik/,/izgotovlenie-na-zakaz/,/izgotovlenie-na-zakaz/,true,true,internal,pass,
/ulichnaya-mebel/veloparkovki/veloparkovka-pik/,/metallokonstruktsii-dlya-biznesa/,/metallokonstruktsii-dlya-biznesa/,true,true,internal,pass,
/ulichnaya-mebel/veloparkovki/veloparkovka-pik/,/blagoustroystvo-territoriy/,/blagoustroystvo-territoriy/,true,true,internal,pass,
/ulichnaya-mebel/veloparkovki/veloparkovka-pik/,/stroitelstvo-i-remonty/,/stroitelstvo-i-remonty/,true,true,internal,pass,
/ulichnaya-mebel/veloparkovki/veloparkovka-pik/,/vypolnennye-obekty/,/vypolnennye-obekty/,true,true,internal,pass,
/ulichnaya-mebel/veloparkovki/veloparkovka-pik/,/o-nas/,/o-nas/,true,true,internal,pass,
/ulichnaya-mebel/veloparkovki/veloparkovka-pik/,/kontakty/,/kontakty/,true,true,internal,pass,
/ulichnaya-mebel/veloparkovki/veloparkovka-pik/,/vakansii/,/vakansii/,true,true,internal,pass,
/ulichnaya-mebel/veloparkovki/veloparkovka-pik/,tel:+79129735006,,true,true,tel,pass,
/ulichnaya-mebel/veloparkovki/veloparkovka-pik/,https://t.me/smu1build,,true,true,external,pass,
/ulichnaya-mebel/veloparkovki/veloparkovka-pik/,#contact,/ulichnaya-mebel/veloparkovki/veloparkovka-pik/,true,true,anchor,pass,
/ulichnaya-mebel/veloparkovki/veloparkovka-pik/,/,/,true,true,internal,pass,
/ulichnaya-mebel/veloparkovki/veloparkovka-pik/,#contact,/ulichnaya-mebel/veloparkovki/veloparkovka-pik/,true,true,anchor,pass,
/ulichnaya-mebel/veloparkovki/veloparkovka-pik/,/ulichnaya-mebel/,/ulichnaya-mebel/,true,true,internal,pass,
/ulichnaya-mebel/veloparkovki/veloparkovka-pik/,/ograzhdeniya-i-zabory/,/ograzhdeniya-i-zabory/,true,true,internal,pass,
/ulichnaya-mebel/veloparkovki/veloparkovka-pik/,/navesy-i-kozyrki/,/navesy-i-kozyrki/,true,true,internal,pass,
/ulichnaya-mebel/veloparkovki/veloparkovka-pik/,/topiarii/,/topiarii/,true,true,internal,pass,
/ulichnaya-mebel/veloparkovki/veloparkovka-pik/,/metallokonstruktsii-dlya-biznesa/,/metallokonstruktsii-dlya-biznesa/,true,true,internal,pass,
/ulichnaya-mebel/veloparkovki/veloparkovka-pik/,/blagoustroystvo-territoriy/,/blagoustroystvo-territoriy/,true,true,internal,pass,
/ulichnaya-mebel/veloparkovki/veloparkovka-pik/,/stroitelstvo-i-remonty/,/stroitelstvo-i-remonty/,true,true,internal,pass,
/ulichnaya-mebel/veloparkovki/veloparkovka-pik/,/izgotovlenie-na-zakaz/,/izgotovlenie-na-zakaz/,true,true,internal,pass,
/ulichnaya-mebel/veloparkovki/veloparkovka-pik/,/vypolnennye-obekty/,/vypolnennye-obekty/,true,true,internal,pass,
/ulichnaya-mebel/veloparkovki/veloparkovka-pik/,/o-nas/,/o-nas/,true,true,internal,pass,
/ulichnaya-mebel/veloparkovki/veloparkovka-pik/,/kontakty/,/kontakty/,true,true,internal,pass,
/ulichnaya-mebel/veloparkovki/veloparkovka-pik/,/vakansii/,/vakansii/,true,true,internal,pass,
/ulichnaya-mebel/veloparkovki/veloparkovka-pik/,tel:+79129735006,,true,true,tel,pass,
/ulichnaya-mebel/veloparkovki/veloparkovka-pik/,tel:+79125799665,,true,true,tel,pass,
/ulichnaya-mebel/veloparkovki/veloparkovka-pik/,https://t.me/smu1build,,true,true,external,pass,
/ulichnaya-mebel/veloparkovki/veloparkovka-pik/,mailto:smu1.kurgan@yandex.ru,,true,true,mailto,pass,
/ulichnaya-mebel/veloparkovki/veloparkovka-pik/,/,/,true,true,internal,pass,
/ulichnaya-mebel/veloparkovki/veloparkovka-pik/,/ulichnaya-mebel/,/ulichnaya-mebel/,true,true,internal,pass,
/ulichnaya-mebel/veloparkovki/veloparkovka-pik/,/ulichnaya-mebel/veloparkovki/,/ulichnaya-mebel/veloparkovki/,true,true,internal,pass,
/ulichnaya-mebel/veloparkovki/veloparkovka-pik/,#contact,/ulichnaya-mebel/veloparkovki/veloparkovka-pik/,true,true,anchor,pass,
/ulichnaya-mebel/veloparkovki/veloparkovka-pik/,https://t.me/smu1build,,true,true,external,pass,
/ulichnaya-mebel/veloparkovki/veloparkovka-pik/,#contact,/ulichnaya-mebel/veloparkovki/veloparkovka-pik/,true,true,anchor,pass,
/ulichnaya-mebel/veloparkovki/veloparkovka-pik/,/ulichnaya-mebel/veloparkovki/,/ulichnaya-mebel/veloparkovki/,true,true,internal,pass,
/ulichnaya-mebel/veloparkovki/veloparkovka-pik/,/ulichnaya-mebel/veloparkovki/parkovka-dlya-samokatov-arka/,/ulichnaya-mebel/veloparkovki/parkovka-dlya-samokatov-arka/,true,true,internal,pass,
/ulichnaya-mebel/veloparkovki/veloparkovka-pik/,/ulichnaya-mebel/veloparkovki/veloparkovka-marker/,/ulichnaya-mebel/veloparkovki/veloparkovka-marker/,true,true,internal,pass,
/ulichnaya-mebel/veloparkovki/veloparkovka-pik/,/ulichnaya-mebel/veloparkovki/veloparkovka-duga/,/ulichnaya-mebel/veloparkovki/veloparkovka-duga/,true,true,internal,pass,
/ulichnaya-mebel/veloparkovki/veloparkovka-pik/,/ulichnaya-mebel/veloparkovki/veloparkovka-pilon/,/ulichnaya-mebel/veloparkovki/veloparkovka-pilon/,true,true,internal,pass,
/ulichnaya-mebel/veloparkovki/veloparkovka-pik/,https://t.me/smu1build,,true,true,external,pass,
/ulichnaya-mebel/veloparkovki/veloparkovka-pik/,/izgotovlenie-na-zakaz/,/izgotovlenie-na-zakaz/,true,true,internal,pass,
/ulichnaya-mebel/veloparkovki/veloparkovka-pik/,tel:+79129735006,,true,true,tel,pass,
/ulichnaya-mebel/veloparkovki/veloparkovka-pik/,https://t.me/smu1build,,true,true,external,pass,
/ulichnaya-mebel/veloparkovki/veloparkovka-pik/,mailto:smu1.kurgan@yandex.ru,,true,true,mailto,pass,
/ulichnaya-mebel/veloparkovki/veloparkovka-pik/,/kontakty/,/kontakty/,true,true,internal,pass,
/ulichnaya-mebel/veloparkovki/veloparkovka-pik/,/,/,true,true,internal,pass,
/ulichnaya-mebel/veloparkovki/veloparkovka-pik/,/ulichnaya-mebel/,/ulichnaya-mebel/,true,true,internal,pass,
/ulichnaya-mebel/veloparkovki/veloparkovka-pik/,/ograzhdeniya-i-zabory/,/ograzhdeniya-i-zabory/,true,true,internal,pass,
/ulichnaya-mebel/veloparkovki/veloparkovka-pik/,/navesy-i-kozyrki/,/navesy-i-kozyrki/,true,true,internal,pass,
/ulichnaya-mebel/veloparkovki/veloparkovka-pik/,/metallokonstruktsii-dlya-biznesa/,/metallokonstruktsii-dlya-biznesa/,true,true,internal,pass,
/ulichnaya-mebel/veloparkovki/veloparkovka-pik/,/topiarii/,/topiarii/,true,true,internal,pass,
/ulichnaya-mebel/veloparkovki/veloparkovka-pik/,/blagoustroystvo-territoriy/,/blagoustroystvo-territoriy/,true,true,internal,pass,
/ulichnaya-mebel/veloparkovki/veloparkovka-pik/,/stroitelstvo-i-remonty/,/stroitelstvo-i-remonty/,true,true,internal,pass,
/ulichnaya-mebel/veloparkovki/veloparkovka-pik/,/ulichnaya-mebel/,/ulichnaya-mebel/,true,true,internal,pass,
/ulichnaya-mebel/veloparkovki/veloparkovka-pik/,/ograzhdeniya-i-zabory/,/ograzhdeniya-i-zabory/,true,true,internal,pass,
/ulichnaya-mebel/veloparkovki/veloparkovka-pik/,/navesy-i-kozyrki/,/navesy-i-kozyrki/,true,true,internal,pass,
/ulichnaya-mebel/veloparkovki/veloparkovka-pik/,/metallokonstruktsii-dlya-biznesa/,/metallokonstruktsii-dlya-biznesa/,true,true,internal,pass,
/ulichnaya-mebel/veloparkovki/veloparkovka-pik/,/topiarii/,/topiarii/,true,true,internal,pass,
/ulichnaya-mebel/veloparkovki/veloparkovka-pik/,/blagoustroystvo-territoriy/,/blagoustroystvo-territoriy/,true,true,internal,pass,
/ulichnaya-mebel/veloparkovki/veloparkovka-pik/,/stroitelstvo-i-remonty/,/stroitelstvo-i-remonty/,true,true,internal,pass,
/ulichnaya-mebel/veloparkovki/veloparkovka-pik/,/izgotovlenie-na-zakaz/,/izgotovlenie-na-zakaz/,true,true,internal,pass,
/ulichnaya-mebel/veloparkovki/veloparkovka-pik/,/vypolnennye-obekty/,/vypolnennye-obekty/,true,true,internal,pass,
/ulichnaya-mebel/veloparkovki/veloparkovka-pik/,/o-nas/,/o-nas/,true,true,internal,pass,
/ulichnaya-mebel/veloparkovki/veloparkovka-pik/,/kontakty/,/kontakty/,true,true,internal,pass,
/ulichnaya-mebel/veloparkovki/veloparkovka-pik/,/vakansii/,/vakansii/,true,true,internal,pass,
/ulichnaya-mebel/veloparkovki/veloparkovka-pik/,/izgotovlenie-na-zakaz/,/izgotovlenie-na-zakaz/,true,true,internal,pass,
/ulichnaya-mebel/veloparkovki/veloparkovka-pik/,/vypolnennye-obekty/,/vypolnennye-obekty/,true,true,internal,pass,
/ulichnaya-mebel/veloparkovki/veloparkovka-pik/,/o-nas/,/o-nas/,true,true,internal,pass,
/ulichnaya-mebel/veloparkovki/veloparkovka-pik/,/kontakty/,/kontakty/,true,true,internal,pass,
/ulichnaya-mebel/veloparkovki/veloparkovka-pik/,/vakansii/,/vakansii/,true,true,internal,pass,
/ulichnaya-mebel/veloparkovki/veloparkovka-pik/,#contact,/ulichnaya-mebel/veloparkovki/veloparkovka-pik/,true,true,anchor,pass,
/ulichnaya-mebel/veloparkovki/veloparkovka-pik/,tel:+79129735006,,true,true,tel,pass,
/ulichnaya-mebel/veloparkovki/veloparkovka-pik/,tel:+79125799665,,true,true,tel,pass,
/ulichnaya-mebel/veloparkovki/veloparkovka-pik/,https://t.me/smu1build,,true,true,external,pass,
/ulichnaya-mebel/veloparkovki/veloparkovka-pik/,mailto:smu1.kurgan@yandex.ru,,true,true,mailto,pass,
/ulichnaya-mebel/veloparkovki/veloparkovka-pik/,/politika-konfidencialnosti/,/politika-konfidencialnosti/,true,true,internal,pass,
/ulichnaya-mebel/veloparkovki/veloparkovka-pik/,/politika-konfidencialnosti/,/politika-konfidencialnosti/,true,true,internal,pass,
/ulichnaya-mebel/veloparkovki/veloparkovka-pilon/,#main-content,/ulichnaya-mebel/veloparkovki/veloparkovka-pilon/,true,true,anchor,pass,
/ulichnaya-mebel/veloparkovki/veloparkovka-pilon/,/,/,true,true,internal,pass,
/ulichnaya-mebel/veloparkovki/veloparkovka-pilon/,/ulichnaya-mebel/,/ulichnaya-mebel/,true,true,internal,pass,
/ulichnaya-mebel/veloparkovki/veloparkovka-pilon/,/ograzhdeniya-i-zabory/,/ograzhdeniya-i-zabory/,true,true,internal,pass,
/ulichnaya-mebel/veloparkovki/veloparkovka-pilon/,/navesy-i-kozyrki/,/navesy-i-kozyrki/,true,true,internal,pass,
/ulichnaya-mebel/veloparkovki/veloparkovka-pilon/,/topiarii/,/topiarii/,true,true,internal,pass,
/ulichnaya-mebel/veloparkovki/veloparkovka-pilon/,/izgotovlenie-na-zakaz/,/izgotovlenie-na-zakaz/,true,true,internal,pass,
/ulichnaya-mebel/veloparkovki/veloparkovka-pilon/,/metallokonstruktsii-dlya-biznesa/,/metallokonstruktsii-dlya-biznesa/,true,true,internal,pass,
/ulichnaya-mebel/veloparkovki/veloparkovka-pilon/,/blagoustroystvo-territoriy/,/blagoustroystvo-territoriy/,true,true,internal,pass,
/ulichnaya-mebel/veloparkovki/veloparkovka-pilon/,/stroitelstvo-i-remonty/,/stroitelstvo-i-remonty/,true,true,internal,pass,
/ulichnaya-mebel/veloparkovki/veloparkovka-pilon/,/vypolnennye-obekty/,/vypolnennye-obekty/,true,true,internal,pass,
/ulichnaya-mebel/veloparkovki/veloparkovka-pilon/,/o-nas/,/o-nas/,true,true,internal,pass,
/ulichnaya-mebel/veloparkovki/veloparkovka-pilon/,/kontakty/,/kontakty/,true,true,internal,pass,
/ulichnaya-mebel/veloparkovki/veloparkovka-pilon/,/vakansii/,/vakansii/,true,true,internal,pass,
/ulichnaya-mebel/veloparkovki/veloparkovka-pilon/,tel:+79129735006,,true,true,tel,pass,
/ulichnaya-mebel/veloparkovki/veloparkovka-pilon/,https://t.me/smu1build,,true,true,external,pass,
/ulichnaya-mebel/veloparkovki/veloparkovka-pilon/,#contact,/ulichnaya-mebel/veloparkovki/veloparkovka-pilon/,true,true,anchor,pass,
/ulichnaya-mebel/veloparkovki/veloparkovka-pilon/,/,/,true,true,internal,pass,
/ulichnaya-mebel/veloparkovki/veloparkovka-pilon/,#contact,/ulichnaya-mebel/veloparkovki/veloparkovka-pilon/,true,true,anchor,pass,
/ulichnaya-mebel/veloparkovki/veloparkovka-pilon/,/ulichnaya-mebel/,/ulichnaya-mebel/,true,true,internal,pass,
/ulichnaya-mebel/veloparkovki/veloparkovka-pilon/,/ograzhdeniya-i-zabory/,/ograzhdeniya-i-zabory/,true,true,internal,pass,
/ulichnaya-mebel/veloparkovki/veloparkovka-pilon/,/navesy-i-kozyrki/,/navesy-i-kozyrki/,true,true,internal,pass,
/ulichnaya-mebel/veloparkovki/veloparkovka-pilon/,/topiarii/,/topiarii/,true,true,internal,pass,
/ulichnaya-mebel/veloparkovki/veloparkovka-pilon/,/metallokonstruktsii-dlya-biznesa/,/metallokonstruktsii-dlya-biznesa/,true,true,internal,pass,
/ulichnaya-mebel/veloparkovki/veloparkovka-pilon/,/blagoustroystvo-territoriy/,/blagoustroystvo-territoriy/,true,true,internal,pass,
/ulichnaya-mebel/veloparkovki/veloparkovka-pilon/,/stroitelstvo-i-remonty/,/stroitelstvo-i-remonty/,true,true,internal,pass,
/ulichnaya-mebel/veloparkovki/veloparkovka-pilon/,/izgotovlenie-na-zakaz/,/izgotovlenie-na-zakaz/,true,true,internal,pass,
/ulichnaya-mebel/veloparkovki/veloparkovka-pilon/,/vypolnennye-obekty/,/vypolnennye-obekty/,true,true,internal,pass,
/ulichnaya-mebel/veloparkovki/veloparkovka-pilon/,/o-nas/,/o-nas/,true,true,internal,pass,
/ulichnaya-mebel/veloparkovki/veloparkovka-pilon/,/kontakty/,/kontakty/,true,true,internal,pass,
/ulichnaya-mebel/veloparkovki/veloparkovka-pilon/,/vakansii/,/vakansii/,true,true,internal,pass,
/ulichnaya-mebel/veloparkovki/veloparkovka-pilon/,tel:+79129735006,,true,true,tel,pass,
/ulichnaya-mebel/veloparkovki/veloparkovka-pilon/,tel:+79125799665,,true,true,tel,pass,
/ulichnaya-mebel/veloparkovki/veloparkovka-pilon/,https://t.me/smu1build,,true,true,external,pass,
/ulichnaya-mebel/veloparkovki/veloparkovka-pilon/,mailto:smu1.kurgan@yandex.ru,,true,true,mailto,pass,
/ulichnaya-mebel/veloparkovki/veloparkovka-pilon/,/,/,true,true,internal,pass,
/ulichnaya-mebel/veloparkovki/veloparkovka-pilon/,/ulichnaya-mebel/,/ulichnaya-mebel/,true,true,internal,pass,
/ulichnaya-mebel/veloparkovki/veloparkovka-pilon/,/ulichnaya-mebel/veloparkovki/,/ulichnaya-mebel/veloparkovki/,true,true,internal,pass,
/ulichnaya-mebel/veloparkovki/veloparkovka-pilon/,#contact,/ulichnaya-mebel/veloparkovki/veloparkovka-pilon/,true,true,anchor,pass,
/ulichnaya-mebel/veloparkovki/veloparkovka-pilon/,https://t.me/smu1build,,true,true,external,pass,
/ulichnaya-mebel/veloparkovki/veloparkovka-pilon/,#contact,/ulichnaya-mebel/veloparkovki/veloparkovka-pilon/,true,true,anchor,pass,
/ulichnaya-mebel/veloparkovki/veloparkovka-pilon/,/ulichnaya-mebel/veloparkovki/,/ulichnaya-mebel/veloparkovki/,true,true,internal,pass,
/ulichnaya-mebel/veloparkovki/veloparkovka-pilon/,/ulichnaya-mebel/veloparkovki/parkovka-dlya-samokatov-arka/,/ulichnaya-mebel/veloparkovki/parkovka-dlya-samokatov-arka/,true,true,internal,pass,
/ulichnaya-mebel/veloparkovki/veloparkovka-pilon/,/ulichnaya-mebel/veloparkovki/veloparkovka-marker/,/ulichnaya-mebel/veloparkovki/veloparkovka-marker/,true,true,internal,pass,
/ulichnaya-mebel/veloparkovki/veloparkovka-pilon/,/ulichnaya-mebel/veloparkovki/veloparkovka-pik/,/ulichnaya-mebel/veloparkovki/veloparkovka-pik/,true,true,internal,pass,
/ulichnaya-mebel/veloparkovki/veloparkovka-pilon/,/ulichnaya-mebel/veloparkovki/veloparkovka-duga/,/ulichnaya-mebel/veloparkovki/veloparkovka-duga/,true,true,internal,pass,
/ulichnaya-mebel/veloparkovki/veloparkovka-pilon/,https://t.me/smu1build,,true,true,external,pass,
/ulichnaya-mebel/veloparkovki/veloparkovka-pilon/,/izgotovlenie-na-zakaz/,/izgotovlenie-na-zakaz/,true,true,internal,pass,
/ulichnaya-mebel/veloparkovki/veloparkovka-pilon/,tel:+79129735006,,true,true,tel,pass,
/ulichnaya-mebel/veloparkovki/veloparkovka-pilon/,https://t.me/smu1build,,true,true,external,pass,
/ulichnaya-mebel/veloparkovki/veloparkovka-pilon/,mailto:smu1.kurgan@yandex.ru,,true,true,mailto,pass,
/ulichnaya-mebel/veloparkovki/veloparkovka-pilon/,/kontakty/,/kontakty/,true,true,internal,pass,
/ulichnaya-mebel/veloparkovki/veloparkovka-pilon/,/,/,true,true,internal,pass,
/ulichnaya-mebel/veloparkovki/veloparkovka-pilon/,/ulichnaya-mebel/,/ulichnaya-mebel/,true,true,internal,pass,
/ulichnaya-mebel/veloparkovki/veloparkovka-pilon/,/ograzhdeniya-i-zabory/,/ograzhdeniya-i-zabory/,true,true,internal,pass,
/ulichnaya-mebel/veloparkovki/veloparkovka-pilon/,/navesy-i-kozyrki/,/navesy-i-kozyrki/,true,true,internal,pass,
/ulichnaya-mebel/veloparkovki/veloparkovka-pilon/,/metallokonstruktsii-dlya-biznesa/,/metallokonstruktsii-dlya-biznesa/,true,true,internal,pass,
/ulichnaya-mebel/veloparkovki/veloparkovka-pilon/,/topiarii/,/topiarii/,true,true,internal,pass,
/ulichnaya-mebel/veloparkovki/veloparkovka-pilon/,/blagoustroystvo-territoriy/,/blagoustroystvo-territoriy/,true,true,internal,pass,
/ulichnaya-mebel/veloparkovki/veloparkovka-pilon/,/stroitelstvo-i-remonty/,/stroitelstvo-i-remonty/,true,true,internal,pass,
/ulichnaya-mebel/veloparkovki/veloparkovka-pilon/,/ulichnaya-mebel/,/ulichnaya-mebel/,true,true,internal,pass,
/ulichnaya-mebel/veloparkovki/veloparkovka-pilon/,/ograzhdeniya-i-zabory/,/ograzhdeniya-i-zabory/,true,true,internal,pass,
/ulichnaya-mebel/veloparkovki/veloparkovka-pilon/,/navesy-i-kozyrki/,/navesy-i-kozyrki/,true,true,internal,pass,
/ulichnaya-mebel/veloparkovki/veloparkovka-pilon/,/metallokonstruktsii-dlya-biznesa/,/metallokonstruktsii-dlya-biznesa/,true,true,internal,pass,
/ulichnaya-mebel/veloparkovki/veloparkovka-pilon/,/topiarii/,/topiarii/,true,true,internal,pass,
/ulichnaya-mebel/veloparkovki/veloparkovka-pilon/,/blagoustroystvo-territoriy/,/blagoustroystvo-territoriy/,true,true,internal,pass,
/ulichnaya-mebel/veloparkovki/veloparkovka-pilon/,/stroitelstvo-i-remonty/,/stroitelstvo-i-remonty/,true,true,internal,pass,
/ulichnaya-mebel/veloparkovki/veloparkovka-pilon/,/izgotovlenie-na-zakaz/,/izgotovlenie-na-zakaz/,true,true,internal,pass,
/ulichnaya-mebel/veloparkovki/veloparkovka-pilon/,/vypolnennye-obekty/,/vypolnennye-obekty/,true,true,internal,pass,
/ulichnaya-mebel/veloparkovki/veloparkovka-pilon/,/o-nas/,/o-nas/,true,true,internal,pass,
/ulichnaya-mebel/veloparkovki/veloparkovka-pilon/,/kontakty/,/kontakty/,true,true,internal,pass,
/ulichnaya-mebel/veloparkovki/veloparkovka-pilon/,/vakansii/,/vakansii/,true,true,internal,pass,
/ulichnaya-mebel/veloparkovki/veloparkovka-pilon/,/izgotovlenie-na-zakaz/,/izgotovlenie-na-zakaz/,true,true,internal,pass,
/ulichnaya-mebel/veloparkovki/veloparkovka-pilon/,/vypolnennye-obekty/,/vypolnennye-obekty/,true,true,internal,pass,
/ulichnaya-mebel/veloparkovki/veloparkovka-pilon/,/o-nas/,/o-nas/,true,true,internal,pass,
/ulichnaya-mebel/veloparkovki/veloparkovka-pilon/,/kontakty/,/kontakty/,true,true,internal,pass,
/ulichnaya-mebel/veloparkovki/veloparkovka-pilon/,/vakansii/,/vakansii/,true,true,internal,pass,
/ulichnaya-mebel/veloparkovki/veloparkovka-pilon/,#contact,/ulichnaya-mebel/veloparkovki/veloparkovka-pilon/,true,true,anchor,pass,
/ulichnaya-mebel/veloparkovki/veloparkovka-pilon/,tel:+79129735006,,true,true,tel,pass,
/ulichnaya-mebel/veloparkovki/veloparkovka-pilon/,tel:+79125799665,,true,true,tel,pass,
/ulichnaya-mebel/veloparkovki/veloparkovka-pilon/,https://t.me/smu1build,,true,true,external,pass,
/ulichnaya-mebel/veloparkovki/veloparkovka-pilon/,mailto:smu1.kurgan@yandex.ru,,true,true,mailto,pass,
/ulichnaya-mebel/veloparkovki/veloparkovka-pilon/,/politika-konfidencialnosti/,/politika-konfidencialnosti/,true,true,internal,pass,
/ulichnaya-mebel/veloparkovki/veloparkovka-pilon/,/politika-konfidencialnosti/,/politika-konfidencialnosti/,true,true,internal,pass,
/ulichnaya-mebel/veloparkovki/veloparkovka-ramka/,#main-content,/ulichnaya-mebel/veloparkovki/veloparkovka-ramka/,true,true,anchor,pass,
/ulichnaya-mebel/veloparkovki/veloparkovka-ramka/,/,/,true,true,internal,pass,
/ulichnaya-mebel/veloparkovki/veloparkovka-ramka/,/ulichnaya-mebel/,/ulichnaya-mebel/,true,true,internal,pass,
/ulichnaya-mebel/veloparkovki/veloparkovka-ramka/,/ograzhdeniya-i-zabory/,/ograzhdeniya-i-zabory/,true,true,internal,pass,
/ulichnaya-mebel/veloparkovki/veloparkovka-ramka/,/navesy-i-kozyrki/,/navesy-i-kozyrki/,true,true,internal,pass,
/ulichnaya-mebel/veloparkovki/veloparkovka-ramka/,/topiarii/,/topiarii/,true,true,internal,pass,
/ulichnaya-mebel/veloparkovki/veloparkovka-ramka/,/izgotovlenie-na-zakaz/,/izgotovlenie-na-zakaz/,true,true,internal,pass,
/ulichnaya-mebel/veloparkovki/veloparkovka-ramka/,/metallokonstruktsii-dlya-biznesa/,/metallokonstruktsii-dlya-biznesa/,true,true,internal,pass,
/ulichnaya-mebel/veloparkovki/veloparkovka-ramka/,/blagoustroystvo-territoriy/,/blagoustroystvo-territoriy/,true,true,internal,pass,
/ulichnaya-mebel/veloparkovki/veloparkovka-ramka/,/stroitelstvo-i-remonty/,/stroitelstvo-i-remonty/,true,true,internal,pass,
/ulichnaya-mebel/veloparkovki/veloparkovka-ramka/,/vypolnennye-obekty/,/vypolnennye-obekty/,true,true,internal,pass,
/ulichnaya-mebel/veloparkovki/veloparkovka-ramka/,/o-nas/,/o-nas/,true,true,internal,pass,
/ulichnaya-mebel/veloparkovki/veloparkovka-ramka/,/kontakty/,/kontakty/,true,true,internal,pass,
/ulichnaya-mebel/veloparkovki/veloparkovka-ramka/,/vakansii/,/vakansii/,true,true,internal,pass,
/ulichnaya-mebel/veloparkovki/veloparkovka-ramka/,tel:+79129735006,,true,true,tel,pass,
/ulichnaya-mebel/veloparkovki/veloparkovka-ramka/,https://t.me/smu1build,,true,true,external,pass,
/ulichnaya-mebel/veloparkovki/veloparkovka-ramka/,#contact,/ulichnaya-mebel/veloparkovki/veloparkovka-ramka/,true,true,anchor,pass,
/ulichnaya-mebel/veloparkovki/veloparkovka-ramka/,/,/,true,true,internal,pass,
/ulichnaya-mebel/veloparkovki/veloparkovka-ramka/,#contact,/ulichnaya-mebel/veloparkovki/veloparkovka-ramka/,true,true,anchor,pass,
/ulichnaya-mebel/veloparkovki/veloparkovka-ramka/,/ulichnaya-mebel/,/ulichnaya-mebel/,true,true,internal,pass,
/ulichnaya-mebel/veloparkovki/veloparkovka-ramka/,/ograzhdeniya-i-zabory/,/ograzhdeniya-i-zabory/,true,true,internal,pass,
/ulichnaya-mebel/veloparkovki/veloparkovka-ramka/,/navesy-i-kozyrki/,/navesy-i-kozyrki/,true,true,internal,pass,
/ulichnaya-mebel/veloparkovki/veloparkovka-ramka/,/topiarii/,/topiarii/,true,true,internal,pass,
/ulichnaya-mebel/veloparkovki/veloparkovka-ramka/,/metallokonstruktsii-dlya-biznesa/,/metallokonstruktsii-dlya-biznesa/,true,true,internal,pass,
/ulichnaya-mebel/veloparkovki/veloparkovka-ramka/,/blagoustroystvo-territoriy/,/blagoustroystvo-territoriy/,true,true,internal,pass,
/ulichnaya-mebel/veloparkovki/veloparkovka-ramka/,/stroitelstvo-i-remonty/,/stroitelstvo-i-remonty/,true,true,internal,pass,
/ulichnaya-mebel/veloparkovki/veloparkovka-ramka/,/izgotovlenie-na-zakaz/,/izgotovlenie-na-zakaz/,true,true,internal,pass,
/ulichnaya-mebel/veloparkovki/veloparkovka-ramka/,/vypolnennye-obekty/,/vypolnennye-obekty/,true,true,internal,pass,
/ulichnaya-mebel/veloparkovki/veloparkovka-ramka/,/o-nas/,/o-nas/,true,true,internal,pass,
/ulichnaya-mebel/veloparkovki/veloparkovka-ramka/,/kontakty/,/kontakty/,true,true,internal,pass,
/ulichnaya-mebel/veloparkovki/veloparkovka-ramka/,/vakansii/,/vakansii/,true,true,internal,pass,
/ulichnaya-mebel/veloparkovki/veloparkovka-ramka/,tel:+79129735006,,true,true,tel,pass,
/ulichnaya-mebel/veloparkovki/veloparkovka-ramka/,tel:+79125799665,,true,true,tel,pass,
/ulichnaya-mebel/veloparkovki/veloparkovka-ramka/,https://t.me/smu1build,,true,true,external,pass,
/ulichnaya-mebel/veloparkovki/veloparkovka-ramka/,mailto:smu1.kurgan@yandex.ru,,true,true,mailto,pass,
/ulichnaya-mebel/veloparkovki/veloparkovka-ramka/,/,/,true,true,internal,pass,
/ulichnaya-mebel/veloparkovki/veloparkovka-ramka/,/ulichnaya-mebel/,/ulichnaya-mebel/,true,true,internal,pass,
/ulichnaya-mebel/veloparkovki/veloparkovka-ramka/,/ulichnaya-mebel/veloparkovki/,/ulichnaya-mebel/veloparkovki/,true,true,internal,pass,
/ulichnaya-mebel/veloparkovki/veloparkovka-ramka/,#contact,/ulichnaya-mebel/veloparkovki/veloparkovka-ramka/,true,true,anchor,pass,
/ulichnaya-mebel/veloparkovki/veloparkovka-ramka/,https://t.me/smu1build,,true,true,external,pass,
/ulichnaya-mebel/veloparkovki/veloparkovka-ramka/,#contact,/ulichnaya-mebel/veloparkovki/veloparkovka-ramka/,true,true,anchor,pass,
/ulichnaya-mebel/veloparkovki/veloparkovka-ramka/,/ulichnaya-mebel/veloparkovki/,/ulichnaya-mebel/veloparkovki/,true,true,internal,pass,
/ulichnaya-mebel/veloparkovki/veloparkovka-ramka/,/ulichnaya-mebel/veloparkovki/parkovka-dlya-samokatov-arka/,/ulichnaya-mebel/veloparkovki/parkovka-dlya-samokatov-arka/,true,true,internal,pass,
/ulichnaya-mebel/veloparkovki/veloparkovka-ramka/,/ulichnaya-mebel/veloparkovki/veloparkovka-marker/,/ulichnaya-mebel/veloparkovki/veloparkovka-marker/,true,true,internal,pass,
/ulichnaya-mebel/veloparkovki/veloparkovka-ramka/,/ulichnaya-mebel/veloparkovki/veloparkovka-pik/,/ulichnaya-mebel/veloparkovki/veloparkovka-pik/,true,true,internal,pass,
/ulichnaya-mebel/veloparkovki/veloparkovka-ramka/,/ulichnaya-mebel/veloparkovki/veloparkovka-duga/,/ulichnaya-mebel/veloparkovki/veloparkovka-duga/,true,true,internal,pass,
/ulichnaya-mebel/veloparkovki/veloparkovka-ramka/,https://t.me/smu1build,,true,true,external,pass,
/ulichnaya-mebel/veloparkovki/veloparkovka-ramka/,/izgotovlenie-na-zakaz/,/izgotovlenie-na-zakaz/,true,true,internal,pass,
/ulichnaya-mebel/veloparkovki/veloparkovka-ramka/,tel:+79129735006,,true,true,tel,pass,
/ulichnaya-mebel/veloparkovki/veloparkovka-ramka/,https://t.me/smu1build,,true,true,external,pass,
/ulichnaya-mebel/veloparkovki/veloparkovka-ramka/,mailto:smu1.kurgan@yandex.ru,,true,true,mailto,pass,
/ulichnaya-mebel/veloparkovki/veloparkovka-ramka/,/kontakty/,/kontakty/,true,true,internal,pass,
/ulichnaya-mebel/veloparkovki/veloparkovka-ramka/,/,/,true,true,internal,pass,
/ulichnaya-mebel/veloparkovki/veloparkovka-ramka/,/ulichnaya-mebel/,/ulichnaya-mebel/,true,true,internal,pass,
/ulichnaya-mebel/veloparkovki/veloparkovka-ramka/,/ograzhdeniya-i-zabory/,/ograzhdeniya-i-zabory/,true,true,internal,pass,
/ulichnaya-mebel/veloparkovki/veloparkovka-ramka/,/navesy-i-kozyrki/,/navesy-i-kozyrki/,true,true,internal,pass,
/ulichnaya-mebel/veloparkovki/veloparkovka-ramka/,/metallokonstruktsii-dlya-biznesa/,/metallokonstruktsii-dlya-biznesa/,true,true,internal,pass,
/ulichnaya-mebel/veloparkovki/veloparkovka-ramka/,/topiarii/,/topiarii/,true,true,internal,pass,
/ulichnaya-mebel/veloparkovki/veloparkovka-ramka/,/blagoustroystvo-territoriy/,/blagoustroystvo-territoriy/,true,true,internal,pass,
/ulichnaya-mebel/veloparkovki/veloparkovka-ramka/,/stroitelstvo-i-remonty/,/stroitelstvo-i-remonty/,true,true,internal,pass,
/ulichnaya-mebel/veloparkovki/veloparkovka-ramka/,/ulichnaya-mebel/,/ulichnaya-mebel/,true,true,internal,pass,
/ulichnaya-mebel/veloparkovki/veloparkovka-ramka/,/ograzhdeniya-i-zabory/,/ograzhdeniya-i-zabory/,true,true,internal,pass,
/ulichnaya-mebel/veloparkovki/veloparkovka-ramka/,/navesy-i-kozyrki/,/navesy-i-kozyrki/,true,true,internal,pass,
/ulichnaya-mebel/veloparkovki/veloparkovka-ramka/,/metallokonstruktsii-dlya-biznesa/,/metallokonstruktsii-dlya-biznesa/,true,true,internal,pass,
/ulichnaya-mebel/veloparkovki/veloparkovka-ramka/,/topiarii/,/topiarii/,true,true,internal,pass,
/ulichnaya-mebel/veloparkovki/veloparkovka-ramka/,/blagoustroystvo-territoriy/,/blagoustroystvo-territoriy/,true,true,internal,pass,
/ulichnaya-mebel/veloparkovki/veloparkovka-ramka/,/stroitelstvo-i-remonty/,/stroitelstvo-i-remonty/,true,true,internal,pass,
/ulichnaya-mebel/veloparkovki/veloparkovka-ramka/,/izgotovlenie-na-zakaz/,/izgotovlenie-na-zakaz/,true,true,internal,pass,
/ulichnaya-mebel/veloparkovki/veloparkovka-ramka/,/vypolnennye-obekty/,/vypolnennye-obekty/,true,true,internal,pass,
/ulichnaya-mebel/veloparkovki/veloparkovka-ramka/,/o-nas/,/o-nas/,true,true,internal,pass,
/ulichnaya-mebel/veloparkovki/veloparkovka-ramka/,/kontakty/,/kontakty/,true,true,internal,pass,
/ulichnaya-mebel/veloparkovki/veloparkovka-ramka/,/vakansii/,/vakansii/,true,true,internal,pass,
/ulichnaya-mebel/veloparkovki/veloparkovka-ramka/,/izgotovlenie-na-zakaz/,/izgotovlenie-na-zakaz/,true,true,internal,pass,
/ulichnaya-mebel/veloparkovki/veloparkovka-ramka/,/vypolnennye-obekty/,/vypolnennye-obekty/,true,true,internal,pass,
/ulichnaya-mebel/veloparkovki/veloparkovka-ramka/,/o-nas/,/o-nas/,true,true,internal,pass,
/ulichnaya-mebel/veloparkovki/veloparkovka-ramka/,/kontakty/,/kontakty/,true,true,internal,pass,
/ulichnaya-mebel/veloparkovki/veloparkovka-ramka/,/vakansii/,/vakansii/,true,true,internal,pass,
/ulichnaya-mebel/veloparkovki/veloparkovka-ramka/,#contact,/ulichnaya-mebel/veloparkovki/veloparkovka-ramka/,true,true,anchor,pass,
/ulichnaya-mebel/veloparkovki/veloparkovka-ramka/,tel:+79129735006,,true,true,tel,pass,
/ulichnaya-mebel/veloparkovki/veloparkovka-ramka/,tel:+79125799665,,true,true,tel,pass,
/ulichnaya-mebel/veloparkovki/veloparkovka-ramka/,https://t.me/smu1build,,true,true,external,pass,
/ulichnaya-mebel/veloparkovki/veloparkovka-ramka/,mailto:smu1.kurgan@yandex.ru,,true,true,mailto,pass,
/ulichnaya-mebel/veloparkovki/veloparkovka-ramka/,/politika-konfidencialnosti/,/politika-konfidencialnosti/,true,true,internal,pass,
/ulichnaya-mebel/veloparkovki/veloparkovka-ramka/,/politika-konfidencialnosti/,/politika-konfidencialnosti/,true,true,internal,pass,
/vypolnennye-obekty/,#main-content,/vypolnennye-obekty/,true,true,anchor,pass,
/vypolnennye-obekty/,/,/,true,true,internal,pass,
/vypolnennye-obekty/,/ulichnaya-mebel/,/ulichnaya-mebel/,true,true,internal,pass,
/vypolnennye-obekty/,/ograzhdeniya-i-zabory/,/ograzhdeniya-i-zabory/,true,true,internal,pass,
/vypolnennye-obekty/,/navesy-i-kozyrki/,/navesy-i-kozyrki/,true,true,internal,pass,
/vypolnennye-obekty/,/topiarii/,/topiarii/,true,true,internal,pass,
/vypolnennye-obekty/,/izgotovlenie-na-zakaz/,/izgotovlenie-na-zakaz/,true,true,internal,pass,
/vypolnennye-obekty/,/metallokonstruktsii-dlya-biznesa/,/metallokonstruktsii-dlya-biznesa/,true,true,internal,pass,
/vypolnennye-obekty/,/blagoustroystvo-territoriy/,/blagoustroystvo-territoriy/,true,true,internal,pass,
/vypolnennye-obekty/,/stroitelstvo-i-remonty/,/stroitelstvo-i-remonty/,true,true,internal,pass,
/vypolnennye-obekty/,/vypolnennye-obekty/,/vypolnennye-obekty/,true,true,internal,pass,
/vypolnennye-obekty/,/o-nas/,/o-nas/,true,true,internal,pass,
/vypolnennye-obekty/,/kontakty/,/kontakty/,true,true,internal,pass,
/vypolnennye-obekty/,/vakansii/,/vakansii/,true,true,internal,pass,
/vypolnennye-obekty/,tel:+79129735006,,true,true,tel,pass,
/vypolnennye-obekty/,https://t.me/smu1build,,true,true,external,pass,
/vypolnennye-obekty/,#contact,/vypolnennye-obekty/,true,true,anchor,pass,
/vypolnennye-obekty/,/,/,true,true,internal,pass,
/vypolnennye-obekty/,#contact,/vypolnennye-obekty/,true,true,anchor,pass,
/vypolnennye-obekty/,/ulichnaya-mebel/,/ulichnaya-mebel/,true,true,internal,pass,
/vypolnennye-obekty/,/ograzhdeniya-i-zabory/,/ograzhdeniya-i-zabory/,true,true,internal,pass,
/vypolnennye-obekty/,/navesy-i-kozyrki/,/navesy-i-kozyrki/,true,true,internal,pass,
/vypolnennye-obekty/,/topiarii/,/topiarii/,true,true,internal,pass,
/vypolnennye-obekty/,/metallokonstruktsii-dlya-biznesa/,/metallokonstruktsii-dlya-biznesa/,true,true,internal,pass,
/vypolnennye-obekty/,/blagoustroystvo-territoriy/,/blagoustroystvo-territoriy/,true,true,internal,pass,
/vypolnennye-obekty/,/stroitelstvo-i-remonty/,/stroitelstvo-i-remonty/,true,true,internal,pass,
/vypolnennye-obekty/,/izgotovlenie-na-zakaz/,/izgotovlenie-na-zakaz/,true,true,internal,pass,
/vypolnennye-obekty/,/vypolnennye-obekty/,/vypolnennye-obekty/,true,true,internal,pass,
/vypolnennye-obekty/,/o-nas/,/o-nas/,true,true,internal,pass,
/vypolnennye-obekty/,/kontakty/,/kontakty/,true,true,internal,pass,
/vypolnennye-obekty/,/vakansii/,/vakansii/,true,true,internal,pass,
/vypolnennye-obekty/,tel:+79129735006,,true,true,tel,pass,
/vypolnennye-obekty/,tel:+79125799665,,true,true,tel,pass,
/vypolnennye-obekty/,https://t.me/smu1build,,true,true,external,pass,
/vypolnennye-obekty/,mailto:smu1.kurgan@yandex.ru,,true,true,mailto,pass,
/vypolnennye-obekty/,/,/,true,true,internal,pass,
/vypolnennye-obekty/,/vypolnennye-obekty/blagoustroystvo-naberezhnoy-reki-tobol/,/vypolnennye-obekty/blagoustroystvo-naberezhnoy-reki-tobol/,true,true,internal,pass,
/vypolnennye-obekty/,/vypolnennye-obekty/kompleks-rabot-na-proizvodstvennoy-territorii/,/vypolnennye-obekty/kompleks-rabot-na-proizvodstvennoy-territorii/,true,true,internal,pass,
/vypolnennye-obekty/,/vypolnennye-obekty/gorodskie-kacheli-dlya-obshchestvennyh-territoriy/,/vypolnennye-obekty/gorodskie-kacheli-dlya-obshchestvennyh-territoriy/,true,true,internal,pass,
/vypolnennye-obekty/,/vypolnennye-obekty/remont-skvera-na-ulitse-gogolya/,/vypolnennye-obekty/remont-skvera-na-ulitse-gogolya/,true,true,internal,pass,
/vypolnennye-obekty/,https://t.me/smu1build,,true,true,external,pass,
/vypolnennye-obekty/,/,/,true,true,internal,pass,
/vypolnennye-obekty/,tel:+79129735006,,true,true,tel,pass,
/vypolnennye-obekty/,https://t.me/smu1build,,true,true,external,pass,
/vypolnennye-obekty/,mailto:smu1.kurgan@yandex.ru,,true,true,mailto,pass,
/vypolnennye-obekty/,/kontakty/,/kontakty/,true,true,internal,pass,
/vypolnennye-obekty/,/,/,true,true,internal,pass,
/vypolnennye-obekty/,/ulichnaya-mebel/,/ulichnaya-mebel/,true,true,internal,pass,
/vypolnennye-obekty/,/ograzhdeniya-i-zabory/,/ograzhdeniya-i-zabory/,true,true,internal,pass,
/vypolnennye-obekty/,/navesy-i-kozyrki/,/navesy-i-kozyrki/,true,true,internal,pass,
/vypolnennye-obekty/,/metallokonstruktsii-dlya-biznesa/,/metallokonstruktsii-dlya-biznesa/,true,true,internal,pass,
/vypolnennye-obekty/,/topiarii/,/topiarii/,true,true,internal,pass,
/vypolnennye-obekty/,/blagoustroystvo-territoriy/,/blagoustroystvo-territoriy/,true,true,internal,pass,
/vypolnennye-obekty/,/stroitelstvo-i-remonty/,/stroitelstvo-i-remonty/,true,true,internal,pass,
/vypolnennye-obekty/,/ulichnaya-mebel/,/ulichnaya-mebel/,true,true,internal,pass,
/vypolnennye-obekty/,/ograzhdeniya-i-zabory/,/ograzhdeniya-i-zabory/,true,true,internal,pass,
/vypolnennye-obekty/,/navesy-i-kozyrki/,/navesy-i-kozyrki/,true,true,internal,pass,
/vypolnennye-obekty/,/metallokonstruktsii-dlya-biznesa/,/metallokonstruktsii-dlya-biznesa/,true,true,internal,pass,
/vypolnennye-obekty/,/topiarii/,/topiarii/,true,true,internal,pass,
/vypolnennye-obekty/,/blagoustroystvo-territoriy/,/blagoustroystvo-territoriy/,true,true,internal,pass,
/vypolnennye-obekty/,/stroitelstvo-i-remonty/,/stroitelstvo-i-remonty/,true,true,internal,pass,
/vypolnennye-obekty/,/izgotovlenie-na-zakaz/,/izgotovlenie-na-zakaz/,true,true,internal,pass,
/vypolnennye-obekty/,/vypolnennye-obekty/,/vypolnennye-obekty/,true,true,internal,pass,
/vypolnennye-obekty/,/o-nas/,/o-nas/,true,true,internal,pass,
/vypolnennye-obekty/,/kontakty/,/kontakty/,true,true,internal,pass,
/vypolnennye-obekty/,/vakansii/,/vakansii/,true,true,internal,pass,
/vypolnennye-obekty/,/izgotovlenie-na-zakaz/,/izgotovlenie-na-zakaz/,true,true,internal,pass,
/vypolnennye-obekty/,/vypolnennye-obekty/,/vypolnennye-obekty/,true,true,internal,pass,
/vypolnennye-obekty/,/o-nas/,/o-nas/,true,true,internal,pass,
/vypolnennye-obekty/,/kontakty/,/kontakty/,true,true,internal,pass,
/vypolnennye-obekty/,/vakansii/,/vakansii/,true,true,internal,pass,
/vypolnennye-obekty/,#contact,/vypolnennye-obekty/,true,true,anchor,pass,
/vypolnennye-obekty/,tel:+79129735006,,true,true,tel,pass,
/vypolnennye-obekty/,tel:+79125799665,,true,true,tel,pass,
/vypolnennye-obekty/,https://t.me/smu1build,,true,true,external,pass,
/vypolnennye-obekty/,mailto:smu1.kurgan@yandex.ru,,true,true,mailto,pass,
/vypolnennye-obekty/,/politika-konfidencialnosti/,/politika-konfidencialnosti/,true,true,internal,pass,
/vypolnennye-obekty/,/politika-konfidencialnosti/,/politika-konfidencialnosti/,true,true,internal,pass,
/vypolnennye-obekty/blagoustroystvo-naberezhnoy-reki-tobol/,#main-content,/vypolnennye-obekty/blagoustroystvo-naberezhnoy-reki-tobol/,true,true,anchor,pass,
/vypolnennye-obekty/blagoustroystvo-naberezhnoy-reki-tobol/,/,/,true,true,internal,pass,
/vypolnennye-obekty/blagoustroystvo-naberezhnoy-reki-tobol/,/ulichnaya-mebel/,/ulichnaya-mebel/,true,true,internal,pass,
/vypolnennye-obekty/blagoustroystvo-naberezhnoy-reki-tobol/,/ograzhdeniya-i-zabory/,/ograzhdeniya-i-zabory/,true,true,internal,pass,
/vypolnennye-obekty/blagoustroystvo-naberezhnoy-reki-tobol/,/navesy-i-kozyrki/,/navesy-i-kozyrki/,true,true,internal,pass,
/vypolnennye-obekty/blagoustroystvo-naberezhnoy-reki-tobol/,/topiarii/,/topiarii/,true,true,internal,pass,
/vypolnennye-obekty/blagoustroystvo-naberezhnoy-reki-tobol/,/izgotovlenie-na-zakaz/,/izgotovlenie-na-zakaz/,true,true,internal,pass,
/vypolnennye-obekty/blagoustroystvo-naberezhnoy-reki-tobol/,/metallokonstruktsii-dlya-biznesa/,/metallokonstruktsii-dlya-biznesa/,true,true,internal,pass,
/vypolnennye-obekty/blagoustroystvo-naberezhnoy-reki-tobol/,/blagoustroystvo-territoriy/,/blagoustroystvo-territoriy/,true,true,internal,pass,
/vypolnennye-obekty/blagoustroystvo-naberezhnoy-reki-tobol/,/stroitelstvo-i-remonty/,/stroitelstvo-i-remonty/,true,true,internal,pass,
/vypolnennye-obekty/blagoustroystvo-naberezhnoy-reki-tobol/,/vypolnennye-obekty/,/vypolnennye-obekty/,true,true,internal,pass,
/vypolnennye-obekty/blagoustroystvo-naberezhnoy-reki-tobol/,/o-nas/,/o-nas/,true,true,internal,pass,
/vypolnennye-obekty/blagoustroystvo-naberezhnoy-reki-tobol/,/kontakty/,/kontakty/,true,true,internal,pass,
/vypolnennye-obekty/blagoustroystvo-naberezhnoy-reki-tobol/,/vakansii/,/vakansii/,true,true,internal,pass,
/vypolnennye-obekty/blagoustroystvo-naberezhnoy-reki-tobol/,tel:+79129735006,,true,true,tel,pass,
/vypolnennye-obekty/blagoustroystvo-naberezhnoy-reki-tobol/,https://t.me/smu1build,,true,true,external,pass,
/vypolnennye-obekty/blagoustroystvo-naberezhnoy-reki-tobol/,#contact,/vypolnennye-obekty/blagoustroystvo-naberezhnoy-reki-tobol/,true,true,anchor,pass,
/vypolnennye-obekty/blagoustroystvo-naberezhnoy-reki-tobol/,/,/,true,true,internal,pass,
/vypolnennye-obekty/blagoustroystvo-naberezhnoy-reki-tobol/,#contact,/vypolnennye-obekty/blagoustroystvo-naberezhnoy-reki-tobol/,true,true,anchor,pass,
/vypolnennye-obekty/blagoustroystvo-naberezhnoy-reki-tobol/,/ulichnaya-mebel/,/ulichnaya-mebel/,true,true,internal,pass,
/vypolnennye-obekty/blagoustroystvo-naberezhnoy-reki-tobol/,/ograzhdeniya-i-zabory/,/ograzhdeniya-i-zabory/,true,true,internal,pass,
/vypolnennye-obekty/blagoustroystvo-naberezhnoy-reki-tobol/,/navesy-i-kozyrki/,/navesy-i-kozyrki/,true,true,internal,pass,
/vypolnennye-obekty/blagoustroystvo-naberezhnoy-reki-tobol/,/topiarii/,/topiarii/,true,true,internal,pass,
/vypolnennye-obekty/blagoustroystvo-naberezhnoy-reki-tobol/,/metallokonstruktsii-dlya-biznesa/,/metallokonstruktsii-dlya-biznesa/,true,true,internal,pass,
/vypolnennye-obekty/blagoustroystvo-naberezhnoy-reki-tobol/,/blagoustroystvo-territoriy/,/blagoustroystvo-territoriy/,true,true,internal,pass,
/vypolnennye-obekty/blagoustroystvo-naberezhnoy-reki-tobol/,/stroitelstvo-i-remonty/,/stroitelstvo-i-remonty/,true,true,internal,pass,
/vypolnennye-obekty/blagoustroystvo-naberezhnoy-reki-tobol/,/izgotovlenie-na-zakaz/,/izgotovlenie-na-zakaz/,true,true,internal,pass,
/vypolnennye-obekty/blagoustroystvo-naberezhnoy-reki-tobol/,/vypolnennye-obekty/,/vypolnennye-obekty/,true,true,internal,pass,
/vypolnennye-obekty/blagoustroystvo-naberezhnoy-reki-tobol/,/o-nas/,/o-nas/,true,true,internal,pass,
/vypolnennye-obekty/blagoustroystvo-naberezhnoy-reki-tobol/,/kontakty/,/kontakty/,true,true,internal,pass,
/vypolnennye-obekty/blagoustroystvo-naberezhnoy-reki-tobol/,/vakansii/,/vakansii/,true,true,internal,pass,
/vypolnennye-obekty/blagoustroystvo-naberezhnoy-reki-tobol/,tel:+79129735006,,true,true,tel,pass,
/vypolnennye-obekty/blagoustroystvo-naberezhnoy-reki-tobol/,tel:+79125799665,,true,true,tel,pass,
/vypolnennye-obekty/blagoustroystvo-naberezhnoy-reki-tobol/,https://t.me/smu1build,,true,true,external,pass,
/vypolnennye-obekty/blagoustroystvo-naberezhnoy-reki-tobol/,mailto:smu1.kurgan@yandex.ru,,true,true,mailto,pass,
/vypolnennye-obekty/blagoustroystvo-naberezhnoy-reki-tobol/,/,/,true,true,internal,pass,
/vypolnennye-obekty/blagoustroystvo-naberezhnoy-reki-tobol/,/vypolnennye-obekty/,/vypolnennye-obekty/,true,true,internal,pass,
/vypolnennye-obekty/blagoustroystvo-naberezhnoy-reki-tobol/,/vypolnennye-obekty/,/vypolnennye-obekty/,true,true,internal,pass,
/vypolnennye-obekty/blagoustroystvo-naberezhnoy-reki-tobol/,/blagoustroystvo-territoriy/,/blagoustroystvo-territoriy/,true,true,internal,pass,
/vypolnennye-obekty/blagoustroystvo-naberezhnoy-reki-tobol/,/ograzhdeniya-i-zabory/,/ograzhdeniya-i-zabory/,true,true,internal,pass,
/vypolnennye-obekty/blagoustroystvo-naberezhnoy-reki-tobol/,/ulichnaya-mebel/,/ulichnaya-mebel/,true,true,internal,pass,
/vypolnennye-obekty/blagoustroystvo-naberezhnoy-reki-tobol/,/vypolnennye-obekty/remont-skvera-na-ulitse-gogolya/,/vypolnennye-obekty/remont-skvera-na-ulitse-gogolya/,true,true,internal,pass,
/vypolnennye-obekty/blagoustroystvo-naberezhnoy-reki-tobol/,https://t.me/smu1build,,true,true,external,pass,
/vypolnennye-obekty/blagoustroystvo-naberezhnoy-reki-tobol/,/vypolnennye-obekty/,/vypolnennye-obekty/,true,true,internal,pass,
/vypolnennye-obekty/blagoustroystvo-naberezhnoy-reki-tobol/,tel:+79129735006,,true,true,tel,pass,
/vypolnennye-obekty/blagoustroystvo-naberezhnoy-reki-tobol/,https://t.me/smu1build,,true,true,external,pass,
/vypolnennye-obekty/blagoustroystvo-naberezhnoy-reki-tobol/,mailto:smu1.kurgan@yandex.ru,,true,true,mailto,pass,
/vypolnennye-obekty/blagoustroystvo-naberezhnoy-reki-tobol/,/kontakty/,/kontakty/,true,true,internal,pass,
/vypolnennye-obekty/blagoustroystvo-naberezhnoy-reki-tobol/,/,/,true,true,internal,pass,
/vypolnennye-obekty/blagoustroystvo-naberezhnoy-reki-tobol/,/ulichnaya-mebel/,/ulichnaya-mebel/,true,true,internal,pass,
/vypolnennye-obekty/blagoustroystvo-naberezhnoy-reki-tobol/,/ograzhdeniya-i-zabory/,/ograzhdeniya-i-zabory/,true,true,internal,pass,
/vypolnennye-obekty/blagoustroystvo-naberezhnoy-reki-tobol/,/navesy-i-kozyrki/,/navesy-i-kozyrki/,true,true,internal,pass,
/vypolnennye-obekty/blagoustroystvo-naberezhnoy-reki-tobol/,/metallokonstruktsii-dlya-biznesa/,/metallokonstruktsii-dlya-biznesa/,true,true,internal,pass,
/vypolnennye-obekty/blagoustroystvo-naberezhnoy-reki-tobol/,/topiarii/,/topiarii/,true,true,internal,pass,
/vypolnennye-obekty/blagoustroystvo-naberezhnoy-reki-tobol/,/blagoustroystvo-territoriy/,/blagoustroystvo-territoriy/,true,true,internal,pass,
/vypolnennye-obekty/blagoustroystvo-naberezhnoy-reki-tobol/,/stroitelstvo-i-remonty/,/stroitelstvo-i-remonty/,true,true,internal,pass,
/vypolnennye-obekty/blagoustroystvo-naberezhnoy-reki-tobol/,/ulichnaya-mebel/,/ulichnaya-mebel/,true,true,internal,pass,
/vypolnennye-obekty/blagoustroystvo-naberezhnoy-reki-tobol/,/ograzhdeniya-i-zabory/,/ograzhdeniya-i-zabory/,true,true,internal,pass,
/vypolnennye-obekty/blagoustroystvo-naberezhnoy-reki-tobol/,/navesy-i-kozyrki/,/navesy-i-kozyrki/,true,true,internal,pass,
/vypolnennye-obekty/blagoustroystvo-naberezhnoy-reki-tobol/,/metallokonstruktsii-dlya-biznesa/,/metallokonstruktsii-dlya-biznesa/,true,true,internal,pass,
/vypolnennye-obekty/blagoustroystvo-naberezhnoy-reki-tobol/,/topiarii/,/topiarii/,true,true,internal,pass,
/vypolnennye-obekty/blagoustroystvo-naberezhnoy-reki-tobol/,/blagoustroystvo-territoriy/,/blagoustroystvo-territoriy/,true,true,internal,pass,
/vypolnennye-obekty/blagoustroystvo-naberezhnoy-reki-tobol/,/stroitelstvo-i-remonty/,/stroitelstvo-i-remonty/,true,true,internal,pass,
/vypolnennye-obekty/blagoustroystvo-naberezhnoy-reki-tobol/,/izgotovlenie-na-zakaz/,/izgotovlenie-na-zakaz/,true,true,internal,pass,
/vypolnennye-obekty/blagoustroystvo-naberezhnoy-reki-tobol/,/vypolnennye-obekty/,/vypolnennye-obekty/,true,true,internal,pass,
/vypolnennye-obekty/blagoustroystvo-naberezhnoy-reki-tobol/,/o-nas/,/o-nas/,true,true,internal,pass,
/vypolnennye-obekty/blagoustroystvo-naberezhnoy-reki-tobol/,/kontakty/,/kontakty/,true,true,internal,pass,
/vypolnennye-obekty/blagoustroystvo-naberezhnoy-reki-tobol/,/vakansii/,/vakansii/,true,true,internal,pass,
/vypolnennye-obekty/blagoustroystvo-naberezhnoy-reki-tobol/,/izgotovlenie-na-zakaz/,/izgotovlenie-na-zakaz/,true,true,internal,pass,
/vypolnennye-obekty/blagoustroystvo-naberezhnoy-reki-tobol/,/vypolnennye-obekty/,/vypolnennye-obekty/,true,true,internal,pass,
/vypolnennye-obekty/blagoustroystvo-naberezhnoy-reki-tobol/,/o-nas/,/o-nas/,true,true,internal,pass,
/vypolnennye-obekty/blagoustroystvo-naberezhnoy-reki-tobol/,/kontakty/,/kontakty/,true,true,internal,pass,
/vypolnennye-obekty/blagoustroystvo-naberezhnoy-reki-tobol/,/vakansii/,/vakansii/,true,true,internal,pass,
/vypolnennye-obekty/blagoustroystvo-naberezhnoy-reki-tobol/,#contact,/vypolnennye-obekty/blagoustroystvo-naberezhnoy-reki-tobol/,true,true,anchor,pass,
/vypolnennye-obekty/blagoustroystvo-naberezhnoy-reki-tobol/,tel:+79129735006,,true,true,tel,pass,
/vypolnennye-obekty/blagoustroystvo-naberezhnoy-reki-tobol/,tel:+79125799665,,true,true,tel,pass,
/vypolnennye-obekty/blagoustroystvo-naberezhnoy-reki-tobol/,https://t.me/smu1build,,true,true,external,pass,
/vypolnennye-obekty/blagoustroystvo-naberezhnoy-reki-tobol/,mailto:smu1.kurgan@yandex.ru,,true,true,mailto,pass,
/vypolnennye-obekty/blagoustroystvo-naberezhnoy-reki-tobol/,/politika-konfidencialnosti/,/politika-konfidencialnosti/,true,true,internal,pass,
/vypolnennye-obekty/blagoustroystvo-naberezhnoy-reki-tobol/,/politika-konfidencialnosti/,/politika-konfidencialnosti/,true,true,internal,pass,
/vypolnennye-obekty/gorodskie-kacheli-dlya-obshchestvennyh-territoriy/,#main-content,/vypolnennye-obekty/gorodskie-kacheli-dlya-obshchestvennyh-territoriy/,true,true,anchor,pass,
/vypolnennye-obekty/gorodskie-kacheli-dlya-obshchestvennyh-territoriy/,/,/,true,true,internal,pass,
/vypolnennye-obekty/gorodskie-kacheli-dlya-obshchestvennyh-territoriy/,/ulichnaya-mebel/,/ulichnaya-mebel/,true,true,internal,pass,
/vypolnennye-obekty/gorodskie-kacheli-dlya-obshchestvennyh-territoriy/,/ograzhdeniya-i-zabory/,/ograzhdeniya-i-zabory/,true,true,internal,pass,
/vypolnennye-obekty/gorodskie-kacheli-dlya-obshchestvennyh-territoriy/,/navesy-i-kozyrki/,/navesy-i-kozyrki/,true,true,internal,pass,
/vypolnennye-obekty/gorodskie-kacheli-dlya-obshchestvennyh-territoriy/,/topiarii/,/topiarii/,true,true,internal,pass,
/vypolnennye-obekty/gorodskie-kacheli-dlya-obshchestvennyh-territoriy/,/izgotovlenie-na-zakaz/,/izgotovlenie-na-zakaz/,true,true,internal,pass,
/vypolnennye-obekty/gorodskie-kacheli-dlya-obshchestvennyh-territoriy/,/metallokonstruktsii-dlya-biznesa/,/metallokonstruktsii-dlya-biznesa/,true,true,internal,pass,
/vypolnennye-obekty/gorodskie-kacheli-dlya-obshchestvennyh-territoriy/,/blagoustroystvo-territoriy/,/blagoustroystvo-territoriy/,true,true,internal,pass,
/vypolnennye-obekty/gorodskie-kacheli-dlya-obshchestvennyh-territoriy/,/stroitelstvo-i-remonty/,/stroitelstvo-i-remonty/,true,true,internal,pass,
/vypolnennye-obekty/gorodskie-kacheli-dlya-obshchestvennyh-territoriy/,/vypolnennye-obekty/,/vypolnennye-obekty/,true,true,internal,pass,
/vypolnennye-obekty/gorodskie-kacheli-dlya-obshchestvennyh-territoriy/,/o-nas/,/o-nas/,true,true,internal,pass,
/vypolnennye-obekty/gorodskie-kacheli-dlya-obshchestvennyh-territoriy/,/kontakty/,/kontakty/,true,true,internal,pass,
/vypolnennye-obekty/gorodskie-kacheli-dlya-obshchestvennyh-territoriy/,/vakansii/,/vakansii/,true,true,internal,pass,
/vypolnennye-obekty/gorodskie-kacheli-dlya-obshchestvennyh-territoriy/,tel:+79129735006,,true,true,tel,pass,
/vypolnennye-obekty/gorodskie-kacheli-dlya-obshchestvennyh-territoriy/,https://t.me/smu1build,,true,true,external,pass,
/vypolnennye-obekty/gorodskie-kacheli-dlya-obshchestvennyh-territoriy/,#contact,/vypolnennye-obekty/gorodskie-kacheli-dlya-obshchestvennyh-territoriy/,true,true,anchor,pass,
/vypolnennye-obekty/gorodskie-kacheli-dlya-obshchestvennyh-territoriy/,/,/,true,true,internal,pass,
/vypolnennye-obekty/gorodskie-kacheli-dlya-obshchestvennyh-territoriy/,#contact,/vypolnennye-obekty/gorodskie-kacheli-dlya-obshchestvennyh-territoriy/,true,true,anchor,pass,
/vypolnennye-obekty/gorodskie-kacheli-dlya-obshchestvennyh-territoriy/,/ulichnaya-mebel/,/ulichnaya-mebel/,true,true,internal,pass,
/vypolnennye-obekty/gorodskie-kacheli-dlya-obshchestvennyh-territoriy/,/ograzhdeniya-i-zabory/,/ograzhdeniya-i-zabory/,true,true,internal,pass,
/vypolnennye-obekty/gorodskie-kacheli-dlya-obshchestvennyh-territoriy/,/navesy-i-kozyrki/,/navesy-i-kozyrki/,true,true,internal,pass,
/vypolnennye-obekty/gorodskie-kacheli-dlya-obshchestvennyh-territoriy/,/topiarii/,/topiarii/,true,true,internal,pass,
/vypolnennye-obekty/gorodskie-kacheli-dlya-obshchestvennyh-territoriy/,/metallokonstruktsii-dlya-biznesa/,/metallokonstruktsii-dlya-biznesa/,true,true,internal,pass,
/vypolnennye-obekty/gorodskie-kacheli-dlya-obshchestvennyh-territoriy/,/blagoustroystvo-territoriy/,/blagoustroystvo-territoriy/,true,true,internal,pass,
/vypolnennye-obekty/gorodskie-kacheli-dlya-obshchestvennyh-territoriy/,/stroitelstvo-i-remonty/,/stroitelstvo-i-remonty/,true,true,internal,pass,
/vypolnennye-obekty/gorodskie-kacheli-dlya-obshchestvennyh-territoriy/,/izgotovlenie-na-zakaz/,/izgotovlenie-na-zakaz/,true,true,internal,pass,
/vypolnennye-obekty/gorodskie-kacheli-dlya-obshchestvennyh-territoriy/,/vypolnennye-obekty/,/vypolnennye-obekty/,true,true,internal,pass,
/vypolnennye-obekty/gorodskie-kacheli-dlya-obshchestvennyh-territoriy/,/o-nas/,/o-nas/,true,true,internal,pass,
/vypolnennye-obekty/gorodskie-kacheli-dlya-obshchestvennyh-territoriy/,/kontakty/,/kontakty/,true,true,internal,pass,
/vypolnennye-obekty/gorodskie-kacheli-dlya-obshchestvennyh-territoriy/,/vakansii/,/vakansii/,true,true,internal,pass,
/vypolnennye-obekty/gorodskie-kacheli-dlya-obshchestvennyh-territoriy/,tel:+79129735006,,true,true,tel,pass,
/vypolnennye-obekty/gorodskie-kacheli-dlya-obshchestvennyh-territoriy/,tel:+79125799665,,true,true,tel,pass,
/vypolnennye-obekty/gorodskie-kacheli-dlya-obshchestvennyh-territoriy/,https://t.me/smu1build,,true,true,external,pass,
/vypolnennye-obekty/gorodskie-kacheli-dlya-obshchestvennyh-territoriy/,mailto:smu1.kurgan@yandex.ru,,true,true,mailto,pass,
/vypolnennye-obekty/gorodskie-kacheli-dlya-obshchestvennyh-territoriy/,/,/,true,true,internal,pass,
/vypolnennye-obekty/gorodskie-kacheli-dlya-obshchestvennyh-territoriy/,/vypolnennye-obekty/,/vypolnennye-obekty/,true,true,internal,pass,
/vypolnennye-obekty/gorodskie-kacheli-dlya-obshchestvennyh-territoriy/,/vypolnennye-obekty/,/vypolnennye-obekty/,true,true,internal,pass,
/vypolnennye-obekty/gorodskie-kacheli-dlya-obshchestvennyh-territoriy/,/ulichnaya-mebel/,/ulichnaya-mebel/,true,true,internal,pass,
/vypolnennye-obekty/gorodskie-kacheli-dlya-obshchestvennyh-territoriy/,/vypolnennye-obekty/kompleks-rabot-na-proizvodstvennoy-territorii/,/vypolnennye-obekty/kompleks-rabot-na-proizvodstvennoy-territorii/,true,true,internal,pass,
/vypolnennye-obekty/gorodskie-kacheli-dlya-obshchestvennyh-territoriy/,https://t.me/smu1build,,true,true,external,pass,
/vypolnennye-obekty/gorodskie-kacheli-dlya-obshchestvennyh-territoriy/,/vypolnennye-obekty/,/vypolnennye-obekty/,true,true,internal,pass,
/vypolnennye-obekty/gorodskie-kacheli-dlya-obshchestvennyh-territoriy/,tel:+79129735006,,true,true,tel,pass,
/vypolnennye-obekty/gorodskie-kacheli-dlya-obshchestvennyh-territoriy/,https://t.me/smu1build,,true,true,external,pass,
/vypolnennye-obekty/gorodskie-kacheli-dlya-obshchestvennyh-territoriy/,mailto:smu1.kurgan@yandex.ru,,true,true,mailto,pass,
/vypolnennye-obekty/gorodskie-kacheli-dlya-obshchestvennyh-territoriy/,/kontakty/,/kontakty/,true,true,internal,pass,
/vypolnennye-obekty/gorodskie-kacheli-dlya-obshchestvennyh-territoriy/,/,/,true,true,internal,pass,
/vypolnennye-obekty/gorodskie-kacheli-dlya-obshchestvennyh-territoriy/,/ulichnaya-mebel/,/ulichnaya-mebel/,true,true,internal,pass,
/vypolnennye-obekty/gorodskie-kacheli-dlya-obshchestvennyh-territoriy/,/ograzhdeniya-i-zabory/,/ograzhdeniya-i-zabory/,true,true,internal,pass,
/vypolnennye-obekty/gorodskie-kacheli-dlya-obshchestvennyh-territoriy/,/navesy-i-kozyrki/,/navesy-i-kozyrki/,true,true,internal,pass,
/vypolnennye-obekty/gorodskie-kacheli-dlya-obshchestvennyh-territoriy/,/metallokonstruktsii-dlya-biznesa/,/metallokonstruktsii-dlya-biznesa/,true,true,internal,pass,
/vypolnennye-obekty/gorodskie-kacheli-dlya-obshchestvennyh-territoriy/,/topiarii/,/topiarii/,true,true,internal,pass,
/vypolnennye-obekty/gorodskie-kacheli-dlya-obshchestvennyh-territoriy/,/blagoustroystvo-territoriy/,/blagoustroystvo-territoriy/,true,true,internal,pass,
/vypolnennye-obekty/gorodskie-kacheli-dlya-obshchestvennyh-territoriy/,/stroitelstvo-i-remonty/,/stroitelstvo-i-remonty/,true,true,internal,pass,
/vypolnennye-obekty/gorodskie-kacheli-dlya-obshchestvennyh-territoriy/,/ulichnaya-mebel/,/ulichnaya-mebel/,true,true,internal,pass,
/vypolnennye-obekty/gorodskie-kacheli-dlya-obshchestvennyh-territoriy/,/ograzhdeniya-i-zabory/,/ograzhdeniya-i-zabory/,true,true,internal,pass,
/vypolnennye-obekty/gorodskie-kacheli-dlya-obshchestvennyh-territoriy/,/navesy-i-kozyrki/,/navesy-i-kozyrki/,true,true,internal,pass,
/vypolnennye-obekty/gorodskie-kacheli-dlya-obshchestvennyh-territoriy/,/metallokonstruktsii-dlya-biznesa/,/metallokonstruktsii-dlya-biznesa/,true,true,internal,pass,
/vypolnennye-obekty/gorodskie-kacheli-dlya-obshchestvennyh-territoriy/,/topiarii/,/topiarii/,true,true,internal,pass,
/vypolnennye-obekty/gorodskie-kacheli-dlya-obshchestvennyh-territoriy/,/blagoustroystvo-territoriy/,/blagoustroystvo-territoriy/,true,true,internal,pass,
/vypolnennye-obekty/gorodskie-kacheli-dlya-obshchestvennyh-territoriy/,/stroitelstvo-i-remonty/,/stroitelstvo-i-remonty/,true,true,internal,pass,
/vypolnennye-obekty/gorodskie-kacheli-dlya-obshchestvennyh-territoriy/,/izgotovlenie-na-zakaz/,/izgotovlenie-na-zakaz/,true,true,internal,pass,
/vypolnennye-obekty/gorodskie-kacheli-dlya-obshchestvennyh-territoriy/,/vypolnennye-obekty/,/vypolnennye-obekty/,true,true,internal,pass,
/vypolnennye-obekty/gorodskie-kacheli-dlya-obshchestvennyh-territoriy/,/o-nas/,/o-nas/,true,true,internal,pass,
/vypolnennye-obekty/gorodskie-kacheli-dlya-obshchestvennyh-territoriy/,/kontakty/,/kontakty/,true,true,internal,pass,
/vypolnennye-obekty/gorodskie-kacheli-dlya-obshchestvennyh-territoriy/,/vakansii/,/vakansii/,true,true,internal,pass,
/vypolnennye-obekty/gorodskie-kacheli-dlya-obshchestvennyh-territoriy/,/izgotovlenie-na-zakaz/,/izgotovlenie-na-zakaz/,true,true,internal,pass,
/vypolnennye-obekty/gorodskie-kacheli-dlya-obshchestvennyh-territoriy/,/vypolnennye-obekty/,/vypolnennye-obekty/,true,true,internal,pass,
/vypolnennye-obekty/gorodskie-kacheli-dlya-obshchestvennyh-territoriy/,/o-nas/,/o-nas/,true,true,internal,pass,
/vypolnennye-obekty/gorodskie-kacheli-dlya-obshchestvennyh-territoriy/,/kontakty/,/kontakty/,true,true,internal,pass,
/vypolnennye-obekty/gorodskie-kacheli-dlya-obshchestvennyh-territoriy/,/vakansii/,/vakansii/,true,true,internal,pass,
/vypolnennye-obekty/gorodskie-kacheli-dlya-obshchestvennyh-territoriy/,#contact,/vypolnennye-obekty/gorodskie-kacheli-dlya-obshchestvennyh-territoriy/,true,true,anchor,pass,
/vypolnennye-obekty/gorodskie-kacheli-dlya-obshchestvennyh-territoriy/,tel:+79129735006,,true,true,tel,pass,
/vypolnennye-obekty/gorodskie-kacheli-dlya-obshchestvennyh-territoriy/,tel:+79125799665,,true,true,tel,pass,
/vypolnennye-obekty/gorodskie-kacheli-dlya-obshchestvennyh-territoriy/,https://t.me/smu1build,,true,true,external,pass,
/vypolnennye-obekty/gorodskie-kacheli-dlya-obshchestvennyh-territoriy/,mailto:smu1.kurgan@yandex.ru,,true,true,mailto,pass,
/vypolnennye-obekty/gorodskie-kacheli-dlya-obshchestvennyh-territoriy/,/politika-konfidencialnosti/,/politika-konfidencialnosti/,true,true,internal,pass,
/vypolnennye-obekty/gorodskie-kacheli-dlya-obshchestvennyh-territoriy/,/politika-konfidencialnosti/,/politika-konfidencialnosti/,true,true,internal,pass,
/vypolnennye-obekty/kompleks-rabot-na-proizvodstvennoy-territorii/,#main-content,/vypolnennye-obekty/kompleks-rabot-na-proizvodstvennoy-territorii/,true,true,anchor,pass,
/vypolnennye-obekty/kompleks-rabot-na-proizvodstvennoy-territorii/,/,/,true,true,internal,pass,
/vypolnennye-obekty/kompleks-rabot-na-proizvodstvennoy-territorii/,/ulichnaya-mebel/,/ulichnaya-mebel/,true,true,internal,pass,
/vypolnennye-obekty/kompleks-rabot-na-proizvodstvennoy-territorii/,/ograzhdeniya-i-zabory/,/ograzhdeniya-i-zabory/,true,true,internal,pass,
/vypolnennye-obekty/kompleks-rabot-na-proizvodstvennoy-territorii/,/navesy-i-kozyrki/,/navesy-i-kozyrki/,true,true,internal,pass,
/vypolnennye-obekty/kompleks-rabot-na-proizvodstvennoy-territorii/,/topiarii/,/topiarii/,true,true,internal,pass,
/vypolnennye-obekty/kompleks-rabot-na-proizvodstvennoy-territorii/,/izgotovlenie-na-zakaz/,/izgotovlenie-na-zakaz/,true,true,internal,pass,
/vypolnennye-obekty/kompleks-rabot-na-proizvodstvennoy-territorii/,/metallokonstruktsii-dlya-biznesa/,/metallokonstruktsii-dlya-biznesa/,true,true,internal,pass,
/vypolnennye-obekty/kompleks-rabot-na-proizvodstvennoy-territorii/,/blagoustroystvo-territoriy/,/blagoustroystvo-territoriy/,true,true,internal,pass,
/vypolnennye-obekty/kompleks-rabot-na-proizvodstvennoy-territorii/,/stroitelstvo-i-remonty/,/stroitelstvo-i-remonty/,true,true,internal,pass,
/vypolnennye-obekty/kompleks-rabot-na-proizvodstvennoy-territorii/,/vypolnennye-obekty/,/vypolnennye-obekty/,true,true,internal,pass,
/vypolnennye-obekty/kompleks-rabot-na-proizvodstvennoy-territorii/,/o-nas/,/o-nas/,true,true,internal,pass,
/vypolnennye-obekty/kompleks-rabot-na-proizvodstvennoy-territorii/,/kontakty/,/kontakty/,true,true,internal,pass,
/vypolnennye-obekty/kompleks-rabot-na-proizvodstvennoy-territorii/,/vakansii/,/vakansii/,true,true,internal,pass,
/vypolnennye-obekty/kompleks-rabot-na-proizvodstvennoy-territorii/,tel:+79129735006,,true,true,tel,pass,
/vypolnennye-obekty/kompleks-rabot-na-proizvodstvennoy-territorii/,https://t.me/smu1build,,true,true,external,pass,
/vypolnennye-obekty/kompleks-rabot-na-proizvodstvennoy-territorii/,#contact,/vypolnennye-obekty/kompleks-rabot-na-proizvodstvennoy-territorii/,true,true,anchor,pass,
/vypolnennye-obekty/kompleks-rabot-na-proizvodstvennoy-territorii/,/,/,true,true,internal,pass,
/vypolnennye-obekty/kompleks-rabot-na-proizvodstvennoy-territorii/,#contact,/vypolnennye-obekty/kompleks-rabot-na-proizvodstvennoy-territorii/,true,true,anchor,pass,
/vypolnennye-obekty/kompleks-rabot-na-proizvodstvennoy-territorii/,/ulichnaya-mebel/,/ulichnaya-mebel/,true,true,internal,pass,
/vypolnennye-obekty/kompleks-rabot-na-proizvodstvennoy-territorii/,/ograzhdeniya-i-zabory/,/ograzhdeniya-i-zabory/,true,true,internal,pass,
/vypolnennye-obekty/kompleks-rabot-na-proizvodstvennoy-territorii/,/navesy-i-kozyrki/,/navesy-i-kozyrki/,true,true,internal,pass,
/vypolnennye-obekty/kompleks-rabot-na-proizvodstvennoy-territorii/,/topiarii/,/topiarii/,true,true,internal,pass,
/vypolnennye-obekty/kompleks-rabot-na-proizvodstvennoy-territorii/,/metallokonstruktsii-dlya-biznesa/,/metallokonstruktsii-dlya-biznesa/,true,true,internal,pass,
/vypolnennye-obekty/kompleks-rabot-na-proizvodstvennoy-territorii/,/blagoustroystvo-territoriy/,/blagoustroystvo-territoriy/,true,true,internal,pass,
/vypolnennye-obekty/kompleks-rabot-na-proizvodstvennoy-territorii/,/stroitelstvo-i-remonty/,/stroitelstvo-i-remonty/,true,true,internal,pass,
/vypolnennye-obekty/kompleks-rabot-na-proizvodstvennoy-territorii/,/izgotovlenie-na-zakaz/,/izgotovlenie-na-zakaz/,true,true,internal,pass,
/vypolnennye-obekty/kompleks-rabot-na-proizvodstvennoy-territorii/,/vypolnennye-obekty/,/vypolnennye-obekty/,true,true,internal,pass,
/vypolnennye-obekty/kompleks-rabot-na-proizvodstvennoy-territorii/,/o-nas/,/o-nas/,true,true,internal,pass,
/vypolnennye-obekty/kompleks-rabot-na-proizvodstvennoy-territorii/,/kontakty/,/kontakty/,true,true,internal,pass,
/vypolnennye-obekty/kompleks-rabot-na-proizvodstvennoy-territorii/,/vakansii/,/vakansii/,true,true,internal,pass,
/vypolnennye-obekty/kompleks-rabot-na-proizvodstvennoy-territorii/,tel:+79129735006,,true,true,tel,pass,
/vypolnennye-obekty/kompleks-rabot-na-proizvodstvennoy-territorii/,tel:+79125799665,,true,true,tel,pass,
/vypolnennye-obekty/kompleks-rabot-na-proizvodstvennoy-territorii/,https://t.me/smu1build,,true,true,external,pass,
/vypolnennye-obekty/kompleks-rabot-na-proizvodstvennoy-territorii/,mailto:smu1.kurgan@yandex.ru,,true,true,mailto,pass,
/vypolnennye-obekty/kompleks-rabot-na-proizvodstvennoy-territorii/,/,/,true,true,internal,pass,
/vypolnennye-obekty/kompleks-rabot-na-proizvodstvennoy-territorii/,/vypolnennye-obekty/,/vypolnennye-obekty/,true,true,internal,pass,
/vypolnennye-obekty/kompleks-rabot-na-proizvodstvennoy-territorii/,/vypolnennye-obekty/,/vypolnennye-obekty/,true,true,internal,pass,
/vypolnennye-obekty/kompleks-rabot-na-proizvodstvennoy-territorii/,/stroitelstvo-i-remonty/,/stroitelstvo-i-remonty/,true,true,internal,pass,
/vypolnennye-obekty/kompleks-rabot-na-proizvodstvennoy-territorii/,/metallokonstruktsii-dlya-biznesa/,/metallokonstruktsii-dlya-biznesa/,true,true,internal,pass,
/vypolnennye-obekty/kompleks-rabot-na-proizvodstvennoy-territorii/,/vypolnennye-obekty/remont-skvera-na-ulitse-gogolya/,/vypolnennye-obekty/remont-skvera-na-ulitse-gogolya/,true,true,internal,pass,
/vypolnennye-obekty/kompleks-rabot-na-proizvodstvennoy-territorii/,/vypolnennye-obekty/gorodskie-kacheli-dlya-obshchestvennyh-territoriy/,/vypolnennye-obekty/gorodskie-kacheli-dlya-obshchestvennyh-territoriy/,true,true,internal,pass,
/vypolnennye-obekty/kompleks-rabot-na-proizvodstvennoy-territorii/,https://t.me/smu1build,,true,true,external,pass,
/vypolnennye-obekty/kompleks-rabot-na-proizvodstvennoy-territorii/,/vypolnennye-obekty/,/vypolnennye-obekty/,true,true,internal,pass,
/vypolnennye-obekty/kompleks-rabot-na-proizvodstvennoy-territorii/,tel:+79129735006,,true,true,tel,pass,
/vypolnennye-obekty/kompleks-rabot-na-proizvodstvennoy-territorii/,https://t.me/smu1build,,true,true,external,pass,
/vypolnennye-obekty/kompleks-rabot-na-proizvodstvennoy-territorii/,mailto:smu1.kurgan@yandex.ru,,true,true,mailto,pass,
/vypolnennye-obekty/kompleks-rabot-na-proizvodstvennoy-territorii/,/kontakty/,/kontakty/,true,true,internal,pass,
/vypolnennye-obekty/kompleks-rabot-na-proizvodstvennoy-territorii/,/,/,true,true,internal,pass,
/vypolnennye-obekty/kompleks-rabot-na-proizvodstvennoy-territorii/,/ulichnaya-mebel/,/ulichnaya-mebel/,true,true,internal,pass,
/vypolnennye-obekty/kompleks-rabot-na-proizvodstvennoy-territorii/,/ograzhdeniya-i-zabory/,/ograzhdeniya-i-zabory/,true,true,internal,pass,
/vypolnennye-obekty/kompleks-rabot-na-proizvodstvennoy-territorii/,/navesy-i-kozyrki/,/navesy-i-kozyrki/,true,true,internal,pass,
/vypolnennye-obekty/kompleks-rabot-na-proizvodstvennoy-territorii/,/metallokonstruktsii-dlya-biznesa/,/metallokonstruktsii-dlya-biznesa/,true,true,internal,pass,
/vypolnennye-obekty/kompleks-rabot-na-proizvodstvennoy-territorii/,/topiarii/,/topiarii/,true,true,internal,pass,
/vypolnennye-obekty/kompleks-rabot-na-proizvodstvennoy-territorii/,/blagoustroystvo-territoriy/,/blagoustroystvo-territoriy/,true,true,internal,pass,
/vypolnennye-obekty/kompleks-rabot-na-proizvodstvennoy-territorii/,/stroitelstvo-i-remonty/,/stroitelstvo-i-remonty/,true,true,internal,pass,
/vypolnennye-obekty/kompleks-rabot-na-proizvodstvennoy-territorii/,/ulichnaya-mebel/,/ulichnaya-mebel/,true,true,internal,pass,
/vypolnennye-obekty/kompleks-rabot-na-proizvodstvennoy-territorii/,/ograzhdeniya-i-zabory/,/ograzhdeniya-i-zabory/,true,true,internal,pass,
/vypolnennye-obekty/kompleks-rabot-na-proizvodstvennoy-territorii/,/navesy-i-kozyrki/,/navesy-i-kozyrki/,true,true,internal,pass,
/vypolnennye-obekty/kompleks-rabot-na-proizvodstvennoy-territorii/,/metallokonstruktsii-dlya-biznesa/,/metallokonstruktsii-dlya-biznesa/,true,true,internal,pass,
/vypolnennye-obekty/kompleks-rabot-na-proizvodstvennoy-territorii/,/topiarii/,/topiarii/,true,true,internal,pass,
/vypolnennye-obekty/kompleks-rabot-na-proizvodstvennoy-territorii/,/blagoustroystvo-territoriy/,/blagoustroystvo-territoriy/,true,true,internal,pass,
/vypolnennye-obekty/kompleks-rabot-na-proizvodstvennoy-territorii/,/stroitelstvo-i-remonty/,/stroitelstvo-i-remonty/,true,true,internal,pass,
/vypolnennye-obekty/kompleks-rabot-na-proizvodstvennoy-territorii/,/izgotovlenie-na-zakaz/,/izgotovlenie-na-zakaz/,true,true,internal,pass,
/vypolnennye-obekty/kompleks-rabot-na-proizvodstvennoy-territorii/,/vypolnennye-obekty/,/vypolnennye-obekty/,true,true,internal,pass,
/vypolnennye-obekty/kompleks-rabot-na-proizvodstvennoy-territorii/,/o-nas/,/o-nas/,true,true,internal,pass,
/vypolnennye-obekty/kompleks-rabot-na-proizvodstvennoy-territorii/,/kontakty/,/kontakty/,true,true,internal,pass,
/vypolnennye-obekty/kompleks-rabot-na-proizvodstvennoy-territorii/,/vakansii/,/vakansii/,true,true,internal,pass,
/vypolnennye-obekty/kompleks-rabot-na-proizvodstvennoy-territorii/,/izgotovlenie-na-zakaz/,/izgotovlenie-na-zakaz/,true,true,internal,pass,
/vypolnennye-obekty/kompleks-rabot-na-proizvodstvennoy-territorii/,/vypolnennye-obekty/,/vypolnennye-obekty/,true,true,internal,pass,
/vypolnennye-obekty/kompleks-rabot-na-proizvodstvennoy-territorii/,/o-nas/,/o-nas/,true,true,internal,pass,
/vypolnennye-obekty/kompleks-rabot-na-proizvodstvennoy-territorii/,/kontakty/,/kontakty/,true,true,internal,pass,
/vypolnennye-obekty/kompleks-rabot-na-proizvodstvennoy-territorii/,/vakansii/,/vakansii/,true,true,internal,pass,
/vypolnennye-obekty/kompleks-rabot-na-proizvodstvennoy-territorii/,#contact,/vypolnennye-obekty/kompleks-rabot-na-proizvodstvennoy-territorii/,true,true,anchor,pass,
/vypolnennye-obekty/kompleks-rabot-na-proizvodstvennoy-territorii/,tel:+79129735006,,true,true,tel,pass,
/vypolnennye-obekty/kompleks-rabot-na-proizvodstvennoy-territorii/,tel:+79125799665,,true,true,tel,pass,
/vypolnennye-obekty/kompleks-rabot-na-proizvodstvennoy-territorii/,https://t.me/smu1build,,true,true,external,pass,
/vypolnennye-obekty/kompleks-rabot-na-proizvodstvennoy-territorii/,mailto:smu1.kurgan@yandex.ru,,true,true,mailto,pass,
/vypolnennye-obekty/kompleks-rabot-na-proizvodstvennoy-territorii/,/politika-konfidencialnosti/,/politika-konfidencialnosti/,true,true,internal,pass,
/vypolnennye-obekty/kompleks-rabot-na-proizvodstvennoy-territorii/,/politika-konfidencialnosti/,/politika-konfidencialnosti/,true,true,internal,pass,
/vypolnennye-obekty/remont-skvera-na-ulitse-gogolya/,#main-content,/vypolnennye-obekty/remont-skvera-na-ulitse-gogolya/,true,true,anchor,pass,
/vypolnennye-obekty/remont-skvera-na-ulitse-gogolya/,/,/,true,true,internal,pass,
/vypolnennye-obekty/remont-skvera-na-ulitse-gogolya/,/ulichnaya-mebel/,/ulichnaya-mebel/,true,true,internal,pass,
/vypolnennye-obekty/remont-skvera-na-ulitse-gogolya/,/ograzhdeniya-i-zabory/,/ograzhdeniya-i-zabory/,true,true,internal,pass,
/vypolnennye-obekty/remont-skvera-na-ulitse-gogolya/,/navesy-i-kozyrki/,/navesy-i-kozyrki/,true,true,internal,pass,
/vypolnennye-obekty/remont-skvera-na-ulitse-gogolya/,/topiarii/,/topiarii/,true,true,internal,pass,
/vypolnennye-obekty/remont-skvera-na-ulitse-gogolya/,/izgotovlenie-na-zakaz/,/izgotovlenie-na-zakaz/,true,true,internal,pass,
/vypolnennye-obekty/remont-skvera-na-ulitse-gogolya/,/metallokonstruktsii-dlya-biznesa/,/metallokonstruktsii-dlya-biznesa/,true,true,internal,pass,
/vypolnennye-obekty/remont-skvera-na-ulitse-gogolya/,/blagoustroystvo-territoriy/,/blagoustroystvo-territoriy/,true,true,internal,pass,
/vypolnennye-obekty/remont-skvera-na-ulitse-gogolya/,/stroitelstvo-i-remonty/,/stroitelstvo-i-remonty/,true,true,internal,pass,
/vypolnennye-obekty/remont-skvera-na-ulitse-gogolya/,/vypolnennye-obekty/,/vypolnennye-obekty/,true,true,internal,pass,
/vypolnennye-obekty/remont-skvera-na-ulitse-gogolya/,/o-nas/,/o-nas/,true,true,internal,pass,
/vypolnennye-obekty/remont-skvera-na-ulitse-gogolya/,/kontakty/,/kontakty/,true,true,internal,pass,
/vypolnennye-obekty/remont-skvera-na-ulitse-gogolya/,/vakansii/,/vakansii/,true,true,internal,pass,
/vypolnennye-obekty/remont-skvera-na-ulitse-gogolya/,tel:+79129735006,,true,true,tel,pass,
/vypolnennye-obekty/remont-skvera-na-ulitse-gogolya/,https://t.me/smu1build,,true,true,external,pass,
/vypolnennye-obekty/remont-skvera-na-ulitse-gogolya/,#contact,/vypolnennye-obekty/remont-skvera-na-ulitse-gogolya/,true,true,anchor,pass,
/vypolnennye-obekty/remont-skvera-na-ulitse-gogolya/,/,/,true,true,internal,pass,
/vypolnennye-obekty/remont-skvera-na-ulitse-gogolya/,#contact,/vypolnennye-obekty/remont-skvera-na-ulitse-gogolya/,true,true,anchor,pass,
/vypolnennye-obekty/remont-skvera-na-ulitse-gogolya/,/ulichnaya-mebel/,/ulichnaya-mebel/,true,true,internal,pass,
/vypolnennye-obekty/remont-skvera-na-ulitse-gogolya/,/ograzhdeniya-i-zabory/,/ograzhdeniya-i-zabory/,true,true,internal,pass,
/vypolnennye-obekty/remont-skvera-na-ulitse-gogolya/,/navesy-i-kozyrki/,/navesy-i-kozyrki/,true,true,internal,pass,
/vypolnennye-obekty/remont-skvera-na-ulitse-gogolya/,/topiarii/,/topiarii/,true,true,internal,pass,
/vypolnennye-obekty/remont-skvera-na-ulitse-gogolya/,/metallokonstruktsii-dlya-biznesa/,/metallokonstruktsii-dlya-biznesa/,true,true,internal,pass,
/vypolnennye-obekty/remont-skvera-na-ulitse-gogolya/,/blagoustroystvo-territoriy/,/blagoustroystvo-territoriy/,true,true,internal,pass,
/vypolnennye-obekty/remont-skvera-na-ulitse-gogolya/,/stroitelstvo-i-remonty/,/stroitelstvo-i-remonty/,true,true,internal,pass,
/vypolnennye-obekty/remont-skvera-na-ulitse-gogolya/,/izgotovlenie-na-zakaz/,/izgotovlenie-na-zakaz/,true,true,internal,pass,
/vypolnennye-obekty/remont-skvera-na-ulitse-gogolya/,/vypolnennye-obekty/,/vypolnennye-obekty/,true,true,internal,pass,
/vypolnennye-obekty/remont-skvera-na-ulitse-gogolya/,/o-nas/,/o-nas/,true,true,internal,pass,
/vypolnennye-obekty/remont-skvera-na-ulitse-gogolya/,/kontakty/,/kontakty/,true,true,internal,pass,
/vypolnennye-obekty/remont-skvera-na-ulitse-gogolya/,/vakansii/,/vakansii/,true,true,internal,pass,
/vypolnennye-obekty/remont-skvera-na-ulitse-gogolya/,tel:+79129735006,,true,true,tel,pass,
/vypolnennye-obekty/remont-skvera-na-ulitse-gogolya/,tel:+79125799665,,true,true,tel,pass,
/vypolnennye-obekty/remont-skvera-na-ulitse-gogolya/,https://t.me/smu1build,,true,true,external,pass,
/vypolnennye-obekty/remont-skvera-na-ulitse-gogolya/,mailto:smu1.kurgan@yandex.ru,,true,true,mailto,pass,
/vypolnennye-obekty/remont-skvera-na-ulitse-gogolya/,/,/,true,true,internal,pass,
/vypolnennye-obekty/remont-skvera-na-ulitse-gogolya/,/vypolnennye-obekty/,/vypolnennye-obekty/,true,true,internal,pass,
/vypolnennye-obekty/remont-skvera-na-ulitse-gogolya/,/vypolnennye-obekty/,/vypolnennye-obekty/,true,true,internal,pass,
/vypolnennye-obekty/remont-skvera-na-ulitse-gogolya/,/blagoustroystvo-territoriy/,/blagoustroystvo-territoriy/,true,true,internal,pass,
/vypolnennye-obekty/remont-skvera-na-ulitse-gogolya/,/ulichnaya-mebel/,/ulichnaya-mebel/,true,true,internal,pass,
/vypolnennye-obekty/remont-skvera-na-ulitse-gogolya/,/vypolnennye-obekty/blagoustroystvo-naberezhnoy-reki-tobol/,/vypolnennye-obekty/blagoustroystvo-naberezhnoy-reki-tobol/,true,true,internal,pass,
/vypolnennye-obekty/remont-skvera-na-ulitse-gogolya/,/vypolnennye-obekty/kompleks-rabot-na-proizvodstvennoy-territorii/,/vypolnennye-obekty/kompleks-rabot-na-proizvodstvennoy-territorii/,true,true,internal,pass,
/vypolnennye-obekty/remont-skvera-na-ulitse-gogolya/,https://t.me/smu1build,,true,true,external,pass,
/vypolnennye-obekty/remont-skvera-na-ulitse-gogolya/,/vypolnennye-obekty/,/vypolnennye-obekty/,true,true,internal,pass,
/vypolnennye-obekty/remont-skvera-na-ulitse-gogolya/,tel:+79129735006,,true,true,tel,pass,
/vypolnennye-obekty/remont-skvera-na-ulitse-gogolya/,https://t.me/smu1build,,true,true,external,pass,
/vypolnennye-obekty/remont-skvera-na-ulitse-gogolya/,mailto:smu1.kurgan@yandex.ru,,true,true,mailto,pass,
/vypolnennye-obekty/remont-skvera-na-ulitse-gogolya/,/kontakty/,/kontakty/,true,true,internal,pass,
/vypolnennye-obekty/remont-skvera-na-ulitse-gogolya/,/,/,true,true,internal,pass,
/vypolnennye-obekty/remont-skvera-na-ulitse-gogolya/,/ulichnaya-mebel/,/ulichnaya-mebel/,true,true,internal,pass,
/vypolnennye-obekty/remont-skvera-na-ulitse-gogolya/,/ograzhdeniya-i-zabory/,/ograzhdeniya-i-zabory/,true,true,internal,pass,
/vypolnennye-obekty/remont-skvera-na-ulitse-gogolya/,/navesy-i-kozyrki/,/navesy-i-kozyrki/,true,true,internal,pass,
/vypolnennye-obekty/remont-skvera-na-ulitse-gogolya/,/metallokonstruktsii-dlya-biznesa/,/metallokonstruktsii-dlya-biznesa/,true,true,internal,pass,
/vypolnennye-obekty/remont-skvera-na-ulitse-gogolya/,/topiarii/,/topiarii/,true,true,internal,pass,
/vypolnennye-obekty/remont-skvera-na-ulitse-gogolya/,/blagoustroystvo-territoriy/,/blagoustroystvo-territoriy/,true,true,internal,pass,
/vypolnennye-obekty/remont-skvera-na-ulitse-gogolya/,/stroitelstvo-i-remonty/,/stroitelstvo-i-remonty/,true,true,internal,pass,
/vypolnennye-obekty/remont-skvera-na-ulitse-gogolya/,/ulichnaya-mebel/,/ulichnaya-mebel/,true,true,internal,pass,
/vypolnennye-obekty/remont-skvera-na-ulitse-gogolya/,/ograzhdeniya-i-zabory/,/ograzhdeniya-i-zabory/,true,true,internal,pass,
/vypolnennye-obekty/remont-skvera-na-ulitse-gogolya/,/navesy-i-kozyrki/,/navesy-i-kozyrki/,true,true,internal,pass,
/vypolnennye-obekty/remont-skvera-na-ulitse-gogolya/,/metallokonstruktsii-dlya-biznesa/,/metallokonstruktsii-dlya-biznesa/,true,true,internal,pass,
/vypolnennye-obekty/remont-skvera-na-ulitse-gogolya/,/topiarii/,/topiarii/,true,true,internal,pass,
/vypolnennye-obekty/remont-skvera-na-ulitse-gogolya/,/blagoustroystvo-territoriy/,/blagoustroystvo-territoriy/,true,true,internal,pass,
/vypolnennye-obekty/remont-skvera-na-ulitse-gogolya/,/stroitelstvo-i-remonty/,/stroitelstvo-i-remonty/,true,true,internal,pass,
/vypolnennye-obekty/remont-skvera-na-ulitse-gogolya/,/izgotovlenie-na-zakaz/,/izgotovlenie-na-zakaz/,true,true,internal,pass,
/vypolnennye-obekty/remont-skvera-na-ulitse-gogolya/,/vypolnennye-obekty/,/vypolnennye-obekty/,true,true,internal,pass,
/vypolnennye-obekty/remont-skvera-na-ulitse-gogolya/,/o-nas/,/o-nas/,true,true,internal,pass,
/vypolnennye-obekty/remont-skvera-na-ulitse-gogolya/,/kontakty/,/kontakty/,true,true,internal,pass,
/vypolnennye-obekty/remont-skvera-na-ulitse-gogolya/,/vakansii/,/vakansii/,true,true,internal,pass,
/vypolnennye-obekty/remont-skvera-na-ulitse-gogolya/,/izgotovlenie-na-zakaz/,/izgotovlenie-na-zakaz/,true,true,internal,pass,
/vypolnennye-obekty/remont-skvera-na-ulitse-gogolya/,/vypolnennye-obekty/,/vypolnennye-obekty/,true,true,internal,pass,
/vypolnennye-obekty/remont-skvera-na-ulitse-gogolya/,/o-nas/,/o-nas/,true,true,internal,pass,
/vypolnennye-obekty/remont-skvera-na-ulitse-gogolya/,/kontakty/,/kontakty/,true,true,internal,pass,
/vypolnennye-obekty/remont-skvera-na-ulitse-gogolya/,/vakansii/,/vakansii/,true,true,internal,pass,
/vypolnennye-obekty/remont-skvera-na-ulitse-gogolya/,#contact,/vypolnennye-obekty/remont-skvera-na-ulitse-gogolya/,true,true,anchor,pass,
/vypolnennye-obekty/remont-skvera-na-ulitse-gogolya/,tel:+79129735006,,true,true,tel,pass,
/vypolnennye-obekty/remont-skvera-na-ulitse-gogolya/,tel:+79125799665,,true,true,tel,pass,
/vypolnennye-obekty/remont-skvera-na-ulitse-gogolya/,https://t.me/smu1build,,true,true,external,pass,
/vypolnennye-obekty/remont-skvera-na-ulitse-gogolya/,mailto:smu1.kurgan@yandex.ru,,true,true,mailto,pass,
/vypolnennye-obekty/remont-skvera-na-ulitse-gogolya/,/politika-konfidencialnosti/,/politika-konfidencialnosti/,true,true,internal,pass,
/vypolnennye-obekty/remont-skvera-na-ulitse-gogolya/,/politika-konfidencialnosti/,/politika-konfidencialnosti/,true,true,internal,pass,
/o-nas/,#main-content,/o-nas/,true,true,anchor,pass,
/o-nas/,/,/,true,true,internal,pass,
/o-nas/,/ulichnaya-mebel/,/ulichnaya-mebel/,true,true,internal,pass,
/o-nas/,/ograzhdeniya-i-zabory/,/ograzhdeniya-i-zabory/,true,true,internal,pass,
/o-nas/,/navesy-i-kozyrki/,/navesy-i-kozyrki/,true,true,internal,pass,
/o-nas/,/topiarii/,/topiarii/,true,true,internal,pass,
/o-nas/,/izgotovlenie-na-zakaz/,/izgotovlenie-na-zakaz/,true,true,internal,pass,
/o-nas/,/metallokonstruktsii-dlya-biznesa/,/metallokonstruktsii-dlya-biznesa/,true,true,internal,pass,
/o-nas/,/blagoustroystvo-territoriy/,/blagoustroystvo-territoriy/,true,true,internal,pass,
/o-nas/,/stroitelstvo-i-remonty/,/stroitelstvo-i-remonty/,true,true,internal,pass,
/o-nas/,/vypolnennye-obekty/,/vypolnennye-obekty/,true,true,internal,pass,
/o-nas/,/o-nas/,/o-nas/,true,true,internal,pass,
/o-nas/,/kontakty/,/kontakty/,true,true,internal,pass,
/o-nas/,/vakansii/,/vakansii/,true,true,internal,pass,
/o-nas/,tel:+79129735006,,true,true,tel,pass,
/o-nas/,https://t.me/smu1build,,true,true,external,pass,
/o-nas/,#contact,/o-nas/,true,true,anchor,pass,
/o-nas/,/,/,true,true,internal,pass,
/o-nas/,#contact,/o-nas/,true,true,anchor,pass,
/o-nas/,/ulichnaya-mebel/,/ulichnaya-mebel/,true,true,internal,pass,
/o-nas/,/ograzhdeniya-i-zabory/,/ograzhdeniya-i-zabory/,true,true,internal,pass,
/o-nas/,/navesy-i-kozyrki/,/navesy-i-kozyrki/,true,true,internal,pass,
/o-nas/,/topiarii/,/topiarii/,true,true,internal,pass,
/o-nas/,/metallokonstruktsii-dlya-biznesa/,/metallokonstruktsii-dlya-biznesa/,true,true,internal,pass,
/o-nas/,/blagoustroystvo-territoriy/,/blagoustroystvo-territoriy/,true,true,internal,pass,
/o-nas/,/stroitelstvo-i-remonty/,/stroitelstvo-i-remonty/,true,true,internal,pass,
/o-nas/,/izgotovlenie-na-zakaz/,/izgotovlenie-na-zakaz/,true,true,internal,pass,
/o-nas/,/vypolnennye-obekty/,/vypolnennye-obekty/,true,true,internal,pass,
/o-nas/,/o-nas/,/o-nas/,true,true,internal,pass,
/o-nas/,/kontakty/,/kontakty/,true,true,internal,pass,
/o-nas/,/vakansii/,/vakansii/,true,true,internal,pass,
/o-nas/,tel:+79129735006,,true,true,tel,pass,
/o-nas/,tel:+79125799665,,true,true,tel,pass,
/o-nas/,https://t.me/smu1build,,true,true,external,pass,
/o-nas/,mailto:smu1.kurgan@yandex.ru,,true,true,mailto,pass,
/o-nas/,/,/,true,true,internal,pass,
/o-nas/,#company-directions,/o-nas/,true,true,anchor,pass,
/o-nas/,/ulichnaya-mebel/,/ulichnaya-mebel/,true,true,internal,pass,
/o-nas/,/ograzhdeniya-i-zabory/,/ograzhdeniya-i-zabory/,true,true,internal,pass,
/o-nas/,/navesy-i-kozyrki/,/navesy-i-kozyrki/,true,true,internal,pass,
/o-nas/,/metallokonstruktsii-dlya-biznesa/,/metallokonstruktsii-dlya-biznesa/,true,true,internal,pass,
/o-nas/,/topiarii/,/topiarii/,true,true,internal,pass,
/o-nas/,/blagoustroystvo-territoriy/,/blagoustroystvo-territoriy/,true,true,internal,pass,
/o-nas/,/stroitelstvo-i-remonty/,/stroitelstvo-i-remonty/,true,true,internal,pass,
/o-nas/,/vypolnennye-obekty/,/vypolnennye-obekty/,true,true,internal,pass,
/o-nas/,/vypolnennye-obekty/kompleks-rabot-na-proizvodstvennoy-territorii/,/vypolnennye-obekty/kompleks-rabot-na-proizvodstvennoy-territorii/,true,true,internal,pass,
/o-nas/,/vypolnennye-obekty/kompleks-rabot-na-proizvodstvennoy-territorii/,/vypolnennye-obekty/kompleks-rabot-na-proizvodstvennoy-territorii/,true,true,internal,pass,
/o-nas/,/vypolnennye-obekty/blagoustroystvo-naberezhnoy-reki-tobol/,/vypolnennye-obekty/blagoustroystvo-naberezhnoy-reki-tobol/,true,true,internal,pass,
/o-nas/,/vypolnennye-obekty/blagoustroystvo-naberezhnoy-reki-tobol/,/vypolnennye-obekty/blagoustroystvo-naberezhnoy-reki-tobol/,true,true,internal,pass,
/o-nas/,/politika-konfidencialnosti/,/politika-konfidencialnosti/,true,true,internal,pass,
/o-nas/,https://t.me/smu1build,,true,true,external,pass,
/o-nas/,/kontakty/,/kontakty/,true,true,internal,pass,
/o-nas/,tel:+79129735006,,true,true,tel,pass,
/o-nas/,https://t.me/smu1build,,true,true,external,pass,
/o-nas/,mailto:smu1.kurgan@yandex.ru,,true,true,mailto,pass,
/o-nas/,/kontakty/,/kontakty/,true,true,internal,pass,
/o-nas/,/,/,true,true,internal,pass,
/o-nas/,/ulichnaya-mebel/,/ulichnaya-mebel/,true,true,internal,pass,
/o-nas/,/ograzhdeniya-i-zabory/,/ograzhdeniya-i-zabory/,true,true,internal,pass,
/o-nas/,/navesy-i-kozyrki/,/navesy-i-kozyrki/,true,true,internal,pass,
/o-nas/,/metallokonstruktsii-dlya-biznesa/,/metallokonstruktsii-dlya-biznesa/,true,true,internal,pass,
/o-nas/,/topiarii/,/topiarii/,true,true,internal,pass,
/o-nas/,/blagoustroystvo-territoriy/,/blagoustroystvo-territoriy/,true,true,internal,pass,
/o-nas/,/stroitelstvo-i-remonty/,/stroitelstvo-i-remonty/,true,true,internal,pass,
/o-nas/,/ulichnaya-mebel/,/ulichnaya-mebel/,true,true,internal,pass,
/o-nas/,/ograzhdeniya-i-zabory/,/ograzhdeniya-i-zabory/,true,true,internal,pass,
/o-nas/,/navesy-i-kozyrki/,/navesy-i-kozyrki/,true,true,internal,pass,
/o-nas/,/metallokonstruktsii-dlya-biznesa/,/metallokonstruktsii-dlya-biznesa/,true,true,internal,pass,
/o-nas/,/topiarii/,/topiarii/,true,true,internal,pass,
/o-nas/,/blagoustroystvo-territoriy/,/blagoustroystvo-territoriy/,true,true,internal,pass,
/o-nas/,/stroitelstvo-i-remonty/,/stroitelstvo-i-remonty/,true,true,internal,pass,
/o-nas/,/izgotovlenie-na-zakaz/,/izgotovlenie-na-zakaz/,true,true,internal,pass,
/o-nas/,/vypolnennye-obekty/,/vypolnennye-obekty/,true,true,internal,pass,
/o-nas/,/o-nas/,/o-nas/,true,true,internal,pass,
/o-nas/,/kontakty/,/kontakty/,true,true,internal,pass,
/o-nas/,/vakansii/,/vakansii/,true,true,internal,pass,
/o-nas/,/izgotovlenie-na-zakaz/,/izgotovlenie-na-zakaz/,true,true,internal,pass,
/o-nas/,/vypolnennye-obekty/,/vypolnennye-obekty/,true,true,internal,pass,
/o-nas/,/o-nas/,/o-nas/,true,true,internal,pass,
/o-nas/,/kontakty/,/kontakty/,true,true,internal,pass,
/o-nas/,/vakansii/,/vakansii/,true,true,internal,pass,
/o-nas/,#contact,/o-nas/,true,true,anchor,pass,
/o-nas/,tel:+79129735006,,true,true,tel,pass,
/o-nas/,tel:+79125799665,,true,true,tel,pass,
/o-nas/,https://t.me/smu1build,,true,true,external,pass,
/o-nas/,mailto:smu1.kurgan@yandex.ru,,true,true,mailto,pass,
/o-nas/,/politika-konfidencialnosti/,/politika-konfidencialnosti/,true,true,internal,pass,
/o-nas/,/politika-konfidencialnosti/,/politika-konfidencialnosti/,true,true,internal,pass,
/kontakty/,#main-content,/kontakty/,true,true,anchor,pass,
/kontakty/,/,/,true,true,internal,pass,
/kontakty/,/ulichnaya-mebel/,/ulichnaya-mebel/,true,true,internal,pass,
/kontakty/,/ograzhdeniya-i-zabory/,/ograzhdeniya-i-zabory/,true,true,internal,pass,
/kontakty/,/navesy-i-kozyrki/,/navesy-i-kozyrki/,true,true,internal,pass,
/kontakty/,/topiarii/,/topiarii/,true,true,internal,pass,
/kontakty/,/izgotovlenie-na-zakaz/,/izgotovlenie-na-zakaz/,true,true,internal,pass,
/kontakty/,/metallokonstruktsii-dlya-biznesa/,/metallokonstruktsii-dlya-biznesa/,true,true,internal,pass,
/kontakty/,/blagoustroystvo-territoriy/,/blagoustroystvo-territoriy/,true,true,internal,pass,
/kontakty/,/stroitelstvo-i-remonty/,/stroitelstvo-i-remonty/,true,true,internal,pass,
/kontakty/,/vypolnennye-obekty/,/vypolnennye-obekty/,true,true,internal,pass,
/kontakty/,/o-nas/,/o-nas/,true,true,internal,pass,
/kontakty/,/kontakty/,/kontakty/,true,true,internal,pass,
/kontakty/,/vakansii/,/vakansii/,true,true,internal,pass,
/kontakty/,tel:+79129735006,,true,true,tel,pass,
/kontakty/,https://t.me/smu1build,,true,true,external,pass,
/kontakty/,#contact-methods,/kontakty/,true,true,anchor,pass,
/kontakty/,/,/,true,true,internal,pass,
/kontakty/,#contact-methods,/kontakty/,true,true,anchor,pass,
/kontakty/,/ulichnaya-mebel/,/ulichnaya-mebel/,true,true,internal,pass,
/kontakty/,/ograzhdeniya-i-zabory/,/ograzhdeniya-i-zabory/,true,true,internal,pass,
/kontakty/,/navesy-i-kozyrki/,/navesy-i-kozyrki/,true,true,internal,pass,
/kontakty/,/topiarii/,/topiarii/,true,true,internal,pass,
/kontakty/,/metallokonstruktsii-dlya-biznesa/,/metallokonstruktsii-dlya-biznesa/,true,true,internal,pass,
/kontakty/,/blagoustroystvo-territoriy/,/blagoustroystvo-territoriy/,true,true,internal,pass,
/kontakty/,/stroitelstvo-i-remonty/,/stroitelstvo-i-remonty/,true,true,internal,pass,
/kontakty/,/izgotovlenie-na-zakaz/,/izgotovlenie-na-zakaz/,true,true,internal,pass,
/kontakty/,/vypolnennye-obekty/,/vypolnennye-obekty/,true,true,internal,pass,
/kontakty/,/o-nas/,/o-nas/,true,true,internal,pass,
/kontakty/,/kontakty/,/kontakty/,true,true,internal,pass,
/kontakty/,/vakansii/,/vakansii/,true,true,internal,pass,
/kontakty/,tel:+79129735006,,true,true,tel,pass,
/kontakty/,tel:+79125799665,,true,true,tel,pass,
/kontakty/,https://t.me/smu1build,,true,true,external,pass,
/kontakty/,mailto:smu1.kurgan@yandex.ru,,true,true,mailto,pass,
/kontakty/,/,/,true,true,internal,pass,
/kontakty/,tel:+79129735006,,true,true,tel,pass,
/kontakty/,tel:+79125799665,,true,true,tel,pass,
/kontakty/,https://t.me/smu1build,,true,true,external,pass,
/kontakty/,mailto:smu1.kurgan@yandex.ru,,true,true,mailto,pass,
/kontakty/,https://yandex.ru/map-widget/v1/?lang=ru_RU&scroll=true&um=constructor%3Aca887405ce74342784b43229f8bdac691fceefd5cbebc53bc6209bca88dd8046&source=constructor-api,,true,true,external,pass,
/kontakty/,/o-nas/,/o-nas/,true,true,internal,pass,
/kontakty/,/vakansii/,/vakansii/,true,true,internal,pass,
/kontakty/,https://t.me/smu1build,,true,true,external,pass,
/kontakty/,tel:+79129735006,,true,true,tel,pass,
/kontakty/,/,/,true,true,internal,pass,
/kontakty/,/ulichnaya-mebel/,/ulichnaya-mebel/,true,true,internal,pass,
/kontakty/,/ograzhdeniya-i-zabory/,/ograzhdeniya-i-zabory/,true,true,internal,pass,
/kontakty/,/navesy-i-kozyrki/,/navesy-i-kozyrki/,true,true,internal,pass,
/kontakty/,/metallokonstruktsii-dlya-biznesa/,/metallokonstruktsii-dlya-biznesa/,true,true,internal,pass,
/kontakty/,/topiarii/,/topiarii/,true,true,internal,pass,
/kontakty/,/blagoustroystvo-territoriy/,/blagoustroystvo-territoriy/,true,true,internal,pass,
/kontakty/,/stroitelstvo-i-remonty/,/stroitelstvo-i-remonty/,true,true,internal,pass,
/kontakty/,/ulichnaya-mebel/,/ulichnaya-mebel/,true,true,internal,pass,
/kontakty/,/ograzhdeniya-i-zabory/,/ograzhdeniya-i-zabory/,true,true,internal,pass,
/kontakty/,/navesy-i-kozyrki/,/navesy-i-kozyrki/,true,true,internal,pass,
/kontakty/,/metallokonstruktsii-dlya-biznesa/,/metallokonstruktsii-dlya-biznesa/,true,true,internal,pass,
/kontakty/,/topiarii/,/topiarii/,true,true,internal,pass,
/kontakty/,/blagoustroystvo-territoriy/,/blagoustroystvo-territoriy/,true,true,internal,pass,
/kontakty/,/stroitelstvo-i-remonty/,/stroitelstvo-i-remonty/,true,true,internal,pass,
/kontakty/,/izgotovlenie-na-zakaz/,/izgotovlenie-na-zakaz/,true,true,internal,pass,
/kontakty/,/vypolnennye-obekty/,/vypolnennye-obekty/,true,true,internal,pass,
/kontakty/,/o-nas/,/o-nas/,true,true,internal,pass,
/kontakty/,/kontakty/,/kontakty/,true,true,internal,pass,
/kontakty/,/vakansii/,/vakansii/,true,true,internal,pass,
/kontakty/,/izgotovlenie-na-zakaz/,/izgotovlenie-na-zakaz/,true,true,internal,pass,
/kontakty/,/vypolnennye-obekty/,/vypolnennye-obekty/,true,true,internal,pass,
/kontakty/,/o-nas/,/o-nas/,true,true,internal,pass,
/kontakty/,/kontakty/,/kontakty/,true,true,internal,pass,
/kontakty/,/vakansii/,/vakansii/,true,true,internal,pass,
/kontakty/,#contact-methods,/kontakty/,true,true,anchor,pass,
/kontakty/,tel:+79129735006,,true,true,tel,pass,
/kontakty/,tel:+79125799665,,true,true,tel,pass,
/kontakty/,https://t.me/smu1build,,true,true,external,pass,
/kontakty/,mailto:smu1.kurgan@yandex.ru,,true,true,mailto,pass,
/kontakty/,/politika-konfidencialnosti/,/politika-konfidencialnosti/,true,true,internal,pass,
/kontakty/,/politika-konfidencialnosti/,/politika-konfidencialnosti/,true,true,internal,pass,
/vakansii/,#main-content,/vakansii/,true,true,anchor,pass,
/vakansii/,/,/,true,true,internal,pass,
/vakansii/,/ulichnaya-mebel/,/ulichnaya-mebel/,true,true,internal,pass,
/vakansii/,/ograzhdeniya-i-zabory/,/ograzhdeniya-i-zabory/,true,true,internal,pass,
/vakansii/,/navesy-i-kozyrki/,/navesy-i-kozyrki/,true,true,internal,pass,
/vakansii/,/topiarii/,/topiarii/,true,true,internal,pass,
/vakansii/,/izgotovlenie-na-zakaz/,/izgotovlenie-na-zakaz/,true,true,internal,pass,
/vakansii/,/metallokonstruktsii-dlya-biznesa/,/metallokonstruktsii-dlya-biznesa/,true,true,internal,pass,
/vakansii/,/blagoustroystvo-territoriy/,/blagoustroystvo-territoriy/,true,true,internal,pass,
/vakansii/,/stroitelstvo-i-remonty/,/stroitelstvo-i-remonty/,true,true,internal,pass,
/vakansii/,/vypolnennye-obekty/,/vypolnennye-obekty/,true,true,internal,pass,
/vakansii/,/o-nas/,/o-nas/,true,true,internal,pass,
/vakansii/,/kontakty/,/kontakty/,true,true,internal,pass,
/vakansii/,/vakansii/,/vakansii/,true,true,internal,pass,
/vakansii/,tel:+79129735006,,true,true,tel,pass,
/vakansii/,https://t.me/smu1build,,true,true,external,pass,
/vakansii/,/kontakty/,/kontakty/,true,true,internal,pass,
/vakansii/,/,/,true,true,internal,pass,
/vakansii/,/kontakty/,/kontakty/,true,true,internal,pass,
/vakansii/,/ulichnaya-mebel/,/ulichnaya-mebel/,true,true,internal,pass,
/vakansii/,/ograzhdeniya-i-zabory/,/ograzhdeniya-i-zabory/,true,true,internal,pass,
/vakansii/,/navesy-i-kozyrki/,/navesy-i-kozyrki/,true,true,internal,pass,
/vakansii/,/topiarii/,/topiarii/,true,true,internal,pass,
/vakansii/,/metallokonstruktsii-dlya-biznesa/,/metallokonstruktsii-dlya-biznesa/,true,true,internal,pass,
/vakansii/,/blagoustroystvo-territoriy/,/blagoustroystvo-territoriy/,true,true,internal,pass,
/vakansii/,/stroitelstvo-i-remonty/,/stroitelstvo-i-remonty/,true,true,internal,pass,
/vakansii/,/izgotovlenie-na-zakaz/,/izgotovlenie-na-zakaz/,true,true,internal,pass,
/vakansii/,/vypolnennye-obekty/,/vypolnennye-obekty/,true,true,internal,pass,
/vakansii/,/o-nas/,/o-nas/,true,true,internal,pass,
/vakansii/,/kontakty/,/kontakty/,true,true,internal,pass,
/vakansii/,/vakansii/,/vakansii/,true,true,internal,pass,
/vakansii/,tel:+79129735006,,true,true,tel,pass,
/vakansii/,tel:+79125799665,,true,true,tel,pass,
/vakansii/,https://t.me/smu1build,,true,true,external,pass,
/vakansii/,mailto:smu1.kurgan@yandex.ru,,true,true,mailto,pass,
/vakansii/,/,/,true,true,internal,pass,
/vakansii/,/vakansii/svarshchik-metallokonstruktsiy/,/vakansii/svarshchik-metallokonstruktsiy/,true,true,internal,pass,
/vakansii/,/o-nas/,/o-nas/,true,true,internal,pass,
/vakansii/,/kontakty/,/kontakty/,true,true,internal,pass,
/vakansii/,/,/,true,true,internal,pass,
/vakansii/,/ulichnaya-mebel/,/ulichnaya-mebel/,true,true,internal,pass,
/vakansii/,/ograzhdeniya-i-zabory/,/ograzhdeniya-i-zabory/,true,true,internal,pass,
/vakansii/,/navesy-i-kozyrki/,/navesy-i-kozyrki/,true,true,internal,pass,
/vakansii/,/metallokonstruktsii-dlya-biznesa/,/metallokonstruktsii-dlya-biznesa/,true,true,internal,pass,
/vakansii/,/topiarii/,/topiarii/,true,true,internal,pass,
/vakansii/,/blagoustroystvo-territoriy/,/blagoustroystvo-territoriy/,true,true,internal,pass,
/vakansii/,/stroitelstvo-i-remonty/,/stroitelstvo-i-remonty/,true,true,internal,pass,
/vakansii/,/ulichnaya-mebel/,/ulichnaya-mebel/,true,true,internal,pass,
/vakansii/,/ograzhdeniya-i-zabory/,/ograzhdeniya-i-zabory/,true,true,internal,pass,
/vakansii/,/navesy-i-kozyrki/,/navesy-i-kozyrki/,true,true,internal,pass,
/vakansii/,/metallokonstruktsii-dlya-biznesa/,/metallokonstruktsii-dlya-biznesa/,true,true,internal,pass,
/vakansii/,/topiarii/,/topiarii/,true,true,internal,pass,
/vakansii/,/blagoustroystvo-territoriy/,/blagoustroystvo-territoriy/,true,true,internal,pass,
/vakansii/,/stroitelstvo-i-remonty/,/stroitelstvo-i-remonty/,true,true,internal,pass,
/vakansii/,/izgotovlenie-na-zakaz/,/izgotovlenie-na-zakaz/,true,true,internal,pass,
/vakansii/,/vypolnennye-obekty/,/vypolnennye-obekty/,true,true,internal,pass,
/vakansii/,/o-nas/,/o-nas/,true,true,internal,pass,
/vakansii/,/kontakty/,/kontakty/,true,true,internal,pass,
/vakansii/,/vakansii/,/vakansii/,true,true,internal,pass,
/vakansii/,/izgotovlenie-na-zakaz/,/izgotovlenie-na-zakaz/,true,true,internal,pass,
/vakansii/,/vypolnennye-obekty/,/vypolnennye-obekty/,true,true,internal,pass,
/vakansii/,/o-nas/,/o-nas/,true,true,internal,pass,
/vakansii/,/kontakty/,/kontakty/,true,true,internal,pass,
/vakansii/,/vakansii/,/vakansii/,true,true,internal,pass,
/vakansii/,/kontakty/,/kontakty/,true,true,internal,pass,
/vakansii/,tel:+79129735006,,true,true,tel,pass,
/vakansii/,tel:+79125799665,,true,true,tel,pass,
/vakansii/,https://t.me/smu1build,,true,true,external,pass,
/vakansii/,mailto:smu1.kurgan@yandex.ru,,true,true,mailto,pass,
/vakansii/,/politika-konfidencialnosti/,/politika-konfidencialnosti/,true,true,internal,pass,
/vakansii/,/politika-konfidencialnosti/,/politika-konfidencialnosti/,true,true,internal,pass,
/vakansii/svarshchik-metallokonstruktsiy/,#main-content,/vakansii/svarshchik-metallokonstruktsiy/,true,true,anchor,pass,
/vakansii/svarshchik-metallokonstruktsiy/,/,/,true,true,internal,pass,
/vakansii/svarshchik-metallokonstruktsiy/,/ulichnaya-mebel/,/ulichnaya-mebel/,true,true,internal,pass,
/vakansii/svarshchik-metallokonstruktsiy/,/ograzhdeniya-i-zabory/,/ograzhdeniya-i-zabory/,true,true,internal,pass,
/vakansii/svarshchik-metallokonstruktsiy/,/navesy-i-kozyrki/,/navesy-i-kozyrki/,true,true,internal,pass,
/vakansii/svarshchik-metallokonstruktsiy/,/topiarii/,/topiarii/,true,true,internal,pass,
/vakansii/svarshchik-metallokonstruktsiy/,/izgotovlenie-na-zakaz/,/izgotovlenie-na-zakaz/,true,true,internal,pass,
/vakansii/svarshchik-metallokonstruktsiy/,/metallokonstruktsii-dlya-biznesa/,/metallokonstruktsii-dlya-biznesa/,true,true,internal,pass,
/vakansii/svarshchik-metallokonstruktsiy/,/blagoustroystvo-territoriy/,/blagoustroystvo-territoriy/,true,true,internal,pass,
/vakansii/svarshchik-metallokonstruktsiy/,/stroitelstvo-i-remonty/,/stroitelstvo-i-remonty/,true,true,internal,pass,
/vakansii/svarshchik-metallokonstruktsiy/,/vypolnennye-obekty/,/vypolnennye-obekty/,true,true,internal,pass,
/vakansii/svarshchik-metallokonstruktsiy/,/o-nas/,/o-nas/,true,true,internal,pass,
/vakansii/svarshchik-metallokonstruktsiy/,/kontakty/,/kontakty/,true,true,internal,pass,
/vakansii/svarshchik-metallokonstruktsiy/,/vakansii/,/vakansii/,true,true,internal,pass,
/vakansii/svarshchik-metallokonstruktsiy/,tel:+79129735006,,true,true,tel,pass,
/vakansii/svarshchik-metallokonstruktsiy/,https://t.me/smu1build,,true,true,external,pass,
/vakansii/svarshchik-metallokonstruktsiy/,#vacancy-contact,/vakansii/svarshchik-metallokonstruktsiy/,true,true,anchor,pass,
/vakansii/svarshchik-metallokonstruktsiy/,/,/,true,true,internal,pass,
/vakansii/svarshchik-metallokonstruktsiy/,#vacancy-contact,/vakansii/svarshchik-metallokonstruktsiy/,true,true,anchor,pass,
/vakansii/svarshchik-metallokonstruktsiy/,/ulichnaya-mebel/,/ulichnaya-mebel/,true,true,internal,pass,
/vakansii/svarshchik-metallokonstruktsiy/,/ograzhdeniya-i-zabory/,/ograzhdeniya-i-zabory/,true,true,internal,pass,
/vakansii/svarshchik-metallokonstruktsiy/,/navesy-i-kozyrki/,/navesy-i-kozyrki/,true,true,internal,pass,
/vakansii/svarshchik-metallokonstruktsiy/,/topiarii/,/topiarii/,true,true,internal,pass,
/vakansii/svarshchik-metallokonstruktsiy/,/metallokonstruktsii-dlya-biznesa/,/metallokonstruktsii-dlya-biznesa/,true,true,internal,pass,
/vakansii/svarshchik-metallokonstruktsiy/,/blagoustroystvo-territoriy/,/blagoustroystvo-territoriy/,true,true,internal,pass,
/vakansii/svarshchik-metallokonstruktsiy/,/stroitelstvo-i-remonty/,/stroitelstvo-i-remonty/,true,true,internal,pass,
/vakansii/svarshchik-metallokonstruktsiy/,/izgotovlenie-na-zakaz/,/izgotovlenie-na-zakaz/,true,true,internal,pass,
/vakansii/svarshchik-metallokonstruktsiy/,/vypolnennye-obekty/,/vypolnennye-obekty/,true,true,internal,pass,
/vakansii/svarshchik-metallokonstruktsiy/,/o-nas/,/o-nas/,true,true,internal,pass,
/vakansii/svarshchik-metallokonstruktsiy/,/kontakty/,/kontakty/,true,true,internal,pass,
/vakansii/svarshchik-metallokonstruktsiy/,/vakansii/,/vakansii/,true,true,internal,pass,
/vakansii/svarshchik-metallokonstruktsiy/,tel:+79129735006,,true,true,tel,pass,
/vakansii/svarshchik-metallokonstruktsiy/,tel:+79125799665,,true,true,tel,pass,
/vakansii/svarshchik-metallokonstruktsiy/,https://t.me/smu1build,,true,true,external,pass,
/vakansii/svarshchik-metallokonstruktsiy/,mailto:smu1.kurgan@yandex.ru,,true,true,mailto,pass,
/vakansii/svarshchik-metallokonstruktsiy/,/,/,true,true,internal,pass,
/vakansii/svarshchik-metallokonstruktsiy/,/vakansii/,/vakansii/,true,true,internal,pass,
/vakansii/svarshchik-metallokonstruktsiy/,/vakansii/,/vakansii/,true,true,internal,pass,
/vakansii/svarshchik-metallokonstruktsiy/,mailto:smu1.kurgan@yandex.ru,,true,true,mailto,pass,
/vakansii/svarshchik-metallokonstruktsiy/,tel:+79129735006,,true,true,tel,pass,
/vakansii/svarshchik-metallokonstruktsiy/,https://t.me/smu1build,,true,true,external,pass,
/vakansii/svarshchik-metallokonstruktsiy/,/o-nas/,/o-nas/,true,true,internal,pass,
/vakansii/svarshchik-metallokonstruktsiy/,/kontakty/,/kontakty/,true,true,internal,pass,
/vakansii/svarshchik-metallokonstruktsiy/,/,/,true,true,internal,pass,
/vakansii/svarshchik-metallokonstruktsiy/,/ulichnaya-mebel/,/ulichnaya-mebel/,true,true,internal,pass,
/vakansii/svarshchik-metallokonstruktsiy/,/ograzhdeniya-i-zabory/,/ograzhdeniya-i-zabory/,true,true,internal,pass,
/vakansii/svarshchik-metallokonstruktsiy/,/navesy-i-kozyrki/,/navesy-i-kozyrki/,true,true,internal,pass,
/vakansii/svarshchik-metallokonstruktsiy/,/metallokonstruktsii-dlya-biznesa/,/metallokonstruktsii-dlya-biznesa/,true,true,internal,pass,
/vakansii/svarshchik-metallokonstruktsiy/,/topiarii/,/topiarii/,true,true,internal,pass,
/vakansii/svarshchik-metallokonstruktsiy/,/blagoustroystvo-territoriy/,/blagoustroystvo-territoriy/,true,true,internal,pass,
/vakansii/svarshchik-metallokonstruktsiy/,/stroitelstvo-i-remonty/,/stroitelstvo-i-remonty/,true,true,internal,pass,
/vakansii/svarshchik-metallokonstruktsiy/,/ulichnaya-mebel/,/ulichnaya-mebel/,true,true,internal,pass,
/vakansii/svarshchik-metallokonstruktsiy/,/ograzhdeniya-i-zabory/,/ograzhdeniya-i-zabory/,true,true,internal,pass,
/vakansii/svarshchik-metallokonstruktsiy/,/navesy-i-kozyrki/,/navesy-i-kozyrki/,true,true,internal,pass,
/vakansii/svarshchik-metallokonstruktsiy/,/metallokonstruktsii-dlya-biznesa/,/metallokonstruktsii-dlya-biznesa/,true,true,internal,pass,
/vakansii/svarshchik-metallokonstruktsiy/,/topiarii/,/topiarii/,true,true,internal,pass,
/vakansii/svarshchik-metallokonstruktsiy/,/blagoustroystvo-territoriy/,/blagoustroystvo-territoriy/,true,true,internal,pass,
/vakansii/svarshchik-metallokonstruktsiy/,/stroitelstvo-i-remonty/,/stroitelstvo-i-remonty/,true,true,internal,pass,
/vakansii/svarshchik-metallokonstruktsiy/,/izgotovlenie-na-zakaz/,/izgotovlenie-na-zakaz/,true,true,internal,pass,
/vakansii/svarshchik-metallokonstruktsiy/,/vypolnennye-obekty/,/vypolnennye-obekty/,true,true,internal,pass,
/vakansii/svarshchik-metallokonstruktsiy/,/o-nas/,/o-nas/,true,true,internal,pass,
/vakansii/svarshchik-metallokonstruktsiy/,/kontakty/,/kontakty/,true,true,internal,pass,
/vakansii/svarshchik-metallokonstruktsiy/,/vakansii/,/vakansii/,true,true,internal,pass,
/vakansii/svarshchik-metallokonstruktsiy/,/izgotovlenie-na-zakaz/,/izgotovlenie-na-zakaz/,true,true,internal,pass,
/vakansii/svarshchik-metallokonstruktsiy/,/vypolnennye-obekty/,/vypolnennye-obekty/,true,true,internal,pass,
/vakansii/svarshchik-metallokonstruktsiy/,/o-nas/,/o-nas/,true,true,internal,pass,
/vakansii/svarshchik-metallokonstruktsiy/,/kontakty/,/kontakty/,true,true,internal,pass,
/vakansii/svarshchik-metallokonstruktsiy/,/vakansii/,/vakansii/,true,true,internal,pass,
/vakansii/svarshchik-metallokonstruktsiy/,#vacancy-contact,/vakansii/svarshchik-metallokonstruktsiy/,true,true,anchor,pass,
/vakansii/svarshchik-metallokonstruktsiy/,tel:+79129735006,,true,true,tel,pass,
/vakansii/svarshchik-metallokonstruktsiy/,tel:+79125799665,,true,true,tel,pass,
/vakansii/svarshchik-metallokonstruktsiy/,https://t.me/smu1build,,true,true,external,pass,
/vakansii/svarshchik-metallokonstruktsiy/,mailto:smu1.kurgan@yandex.ru,,true,true,mailto,pass,
/vakansii/svarshchik-metallokonstruktsiy/,/politika-konfidencialnosti/,/politika-konfidencialnosti/,true,true,internal,pass,
/vakansii/svarshchik-metallokonstruktsiy/,/politika-konfidencialnosti/,/politika-konfidencialnosti/,true,true,internal,pass,
/politika-konfidencialnosti/,#main-content,/politika-konfidencialnosti/,true,true,anchor,pass,
/politika-konfidencialnosti/,/,/,true,true,internal,pass,
/politika-konfidencialnosti/,/ulichnaya-mebel/,/ulichnaya-mebel/,true,true,internal,pass,
/politika-konfidencialnosti/,/ograzhdeniya-i-zabory/,/ograzhdeniya-i-zabory/,true,true,internal,pass,
/politika-konfidencialnosti/,/navesy-i-kozyrki/,/navesy-i-kozyrki/,true,true,internal,pass,
/politika-konfidencialnosti/,/topiarii/,/topiarii/,true,true,internal,pass,
/politika-konfidencialnosti/,/izgotovlenie-na-zakaz/,/izgotovlenie-na-zakaz/,true,true,internal,pass,
/politika-konfidencialnosti/,/metallokonstruktsii-dlya-biznesa/,/metallokonstruktsii-dlya-biznesa/,true,true,internal,pass,
/politika-konfidencialnosti/,/blagoustroystvo-territoriy/,/blagoustroystvo-territoriy/,true,true,internal,pass,
/politika-konfidencialnosti/,/stroitelstvo-i-remonty/,/stroitelstvo-i-remonty/,true,true,internal,pass,
/politika-konfidencialnosti/,/vypolnennye-obekty/,/vypolnennye-obekty/,true,true,internal,pass,
/politika-konfidencialnosti/,/o-nas/,/o-nas/,true,true,internal,pass,
/politika-konfidencialnosti/,/kontakty/,/kontakty/,true,true,internal,pass,
/politika-konfidencialnosti/,/vakansii/,/vakansii/,true,true,internal,pass,
/politika-konfidencialnosti/,tel:+79129735006,,true,true,tel,pass,
/politika-konfidencialnosti/,https://t.me/smu1build,,true,true,external,pass,
/politika-konfidencialnosti/,/kontakty/,/kontakty/,true,true,internal,pass,
/politika-konfidencialnosti/,/,/,true,true,internal,pass,
/politika-konfidencialnosti/,/kontakty/,/kontakty/,true,true,internal,pass,
/politika-konfidencialnosti/,/ulichnaya-mebel/,/ulichnaya-mebel/,true,true,internal,pass,
/politika-konfidencialnosti/,/ograzhdeniya-i-zabory/,/ograzhdeniya-i-zabory/,true,true,internal,pass,
/politika-konfidencialnosti/,/navesy-i-kozyrki/,/navesy-i-kozyrki/,true,true,internal,pass,
/politika-konfidencialnosti/,/topiarii/,/topiarii/,true,true,internal,pass,
/politika-konfidencialnosti/,/metallokonstruktsii-dlya-biznesa/,/metallokonstruktsii-dlya-biznesa/,true,true,internal,pass,
/politika-konfidencialnosti/,/blagoustroystvo-territoriy/,/blagoustroystvo-territoriy/,true,true,internal,pass,
/politika-konfidencialnosti/,/stroitelstvo-i-remonty/,/stroitelstvo-i-remonty/,true,true,internal,pass,
/politika-konfidencialnosti/,/izgotovlenie-na-zakaz/,/izgotovlenie-na-zakaz/,true,true,internal,pass,
/politika-konfidencialnosti/,/vypolnennye-obekty/,/vypolnennye-obekty/,true,true,internal,pass,
/politika-konfidencialnosti/,/o-nas/,/o-nas/,true,true,internal,pass,
/politika-konfidencialnosti/,/kontakty/,/kontakty/,true,true,internal,pass,
/politika-konfidencialnosti/,/vakansii/,/vakansii/,true,true,internal,pass,
/politika-konfidencialnosti/,tel:+79129735006,,true,true,tel,pass,
/politika-konfidencialnosti/,tel:+79125799665,,true,true,tel,pass,
/politika-konfidencialnosti/,https://t.me/smu1build,,true,true,external,pass,
/politika-konfidencialnosti/,mailto:smu1.kurgan@yandex.ru,,true,true,mailto,pass,
/politika-konfidencialnosti/,/,/,true,true,internal,pass,
/politika-konfidencialnosti/,/,/,true,true,internal,pass,
/politika-konfidencialnosti/,/ulichnaya-mebel/,/ulichnaya-mebel/,true,true,internal,pass,
/politika-konfidencialnosti/,/ograzhdeniya-i-zabory/,/ograzhdeniya-i-zabory/,true,true,internal,pass,
/politika-konfidencialnosti/,/navesy-i-kozyrki/,/navesy-i-kozyrki/,true,true,internal,pass,
/politika-konfidencialnosti/,/metallokonstruktsii-dlya-biznesa/,/metallokonstruktsii-dlya-biznesa/,true,true,internal,pass,
/politika-konfidencialnosti/,/topiarii/,/topiarii/,true,true,internal,pass,
/politika-konfidencialnosti/,/blagoustroystvo-territoriy/,/blagoustroystvo-territoriy/,true,true,internal,pass,
/politika-konfidencialnosti/,/stroitelstvo-i-remonty/,/stroitelstvo-i-remonty/,true,true,internal,pass,
/politika-konfidencialnosti/,/ulichnaya-mebel/,/ulichnaya-mebel/,true,true,internal,pass,
/politika-konfidencialnosti/,/ograzhdeniya-i-zabory/,/ograzhdeniya-i-zabory/,true,true,internal,pass,
/politika-konfidencialnosti/,/navesy-i-kozyrki/,/navesy-i-kozyrki/,true,true,internal,pass,
/politika-konfidencialnosti/,/metallokonstruktsii-dlya-biznesa/,/metallokonstruktsii-dlya-biznesa/,true,true,internal,pass,
/politika-konfidencialnosti/,/topiarii/,/topiarii/,true,true,internal,pass,
/politika-konfidencialnosti/,/blagoustroystvo-territoriy/,/blagoustroystvo-territoriy/,true,true,internal,pass,
/politika-konfidencialnosti/,/stroitelstvo-i-remonty/,/stroitelstvo-i-remonty/,true,true,internal,pass,
/politika-konfidencialnosti/,/izgotovlenie-na-zakaz/,/izgotovlenie-na-zakaz/,true,true,internal,pass,
/politika-konfidencialnosti/,/vypolnennye-obekty/,/vypolnennye-obekty/,true,true,internal,pass,
/politika-konfidencialnosti/,/o-nas/,/o-nas/,true,true,internal,pass,
/politika-konfidencialnosti/,/kontakty/,/kontakty/,true,true,internal,pass,
/politika-konfidencialnosti/,/vakansii/,/vakansii/,true,true,internal,pass,
/politika-konfidencialnosti/,/izgotovlenie-na-zakaz/,/izgotovlenie-na-zakaz/,true,true,internal,pass,
/politika-konfidencialnosti/,/vypolnennye-obekty/,/vypolnennye-obekty/,true,true,internal,pass,
/politika-konfidencialnosti/,/o-nas/,/o-nas/,true,true,internal,pass,
/politika-konfidencialnosti/,/kontakty/,/kontakty/,true,true,internal,pass,
/politika-konfidencialnosti/,/vakansii/,/vakansii/,true,true,internal,pass,
/politika-konfidencialnosti/,/kontakty/,/kontakty/,true,true,internal,pass,
/politika-konfidencialnosti/,tel:+79129735006,,true,true,tel,pass,
/politika-konfidencialnosti/,tel:+79125799665,,true,true,tel,pass,
/politika-konfidencialnosti/,https://t.me/smu1build,,true,true,external,pass,
/politika-konfidencialnosti/,mailto:smu1.kurgan@yandex.ru,,true,true,mailto,pass,
/politika-konfidencialnosti/,/politika-konfidencialnosti/,/politika-konfidencialnosti/,true,true,internal,pass,
/politika-konfidencialnosti/,/politika-konfidencialnosti/,/politika-konfidencialnosti/,true,true,internal,pass,
/izgotovlenie-na-zakaz/,#main-content,/izgotovlenie-na-zakaz/,true,true,anchor,pass,
/izgotovlenie-na-zakaz/,/,/,true,true,internal,pass,
/izgotovlenie-na-zakaz/,/ulichnaya-mebel/,/ulichnaya-mebel/,true,true,internal,pass,
/izgotovlenie-na-zakaz/,/ograzhdeniya-i-zabory/,/ograzhdeniya-i-zabory/,true,true,internal,pass,
/izgotovlenie-na-zakaz/,/navesy-i-kozyrki/,/navesy-i-kozyrki/,true,true,internal,pass,
/izgotovlenie-na-zakaz/,/topiarii/,/topiarii/,true,true,internal,pass,
/izgotovlenie-na-zakaz/,/izgotovlenie-na-zakaz/,/izgotovlenie-na-zakaz/,true,true,internal,pass,
/izgotovlenie-na-zakaz/,/metallokonstruktsii-dlya-biznesa/,/metallokonstruktsii-dlya-biznesa/,true,true,internal,pass,
/izgotovlenie-na-zakaz/,/blagoustroystvo-territoriy/,/blagoustroystvo-territoriy/,true,true,internal,pass,
/izgotovlenie-na-zakaz/,/stroitelstvo-i-remonty/,/stroitelstvo-i-remonty/,true,true,internal,pass,
/izgotovlenie-na-zakaz/,/vypolnennye-obekty/,/vypolnennye-obekty/,true,true,internal,pass,
/izgotovlenie-na-zakaz/,/o-nas/,/o-nas/,true,true,internal,pass,
/izgotovlenie-na-zakaz/,/kontakty/,/kontakty/,true,true,internal,pass,
/izgotovlenie-na-zakaz/,/vakansii/,/vakansii/,true,true,internal,pass,
/izgotovlenie-na-zakaz/,tel:+79129735006,,true,true,tel,pass,
/izgotovlenie-na-zakaz/,https://t.me/smu1build,,true,true,external,pass,
/izgotovlenie-na-zakaz/,#contact,/izgotovlenie-na-zakaz/,true,true,anchor,pass,
/izgotovlenie-na-zakaz/,/,/,true,true,internal,pass,
/izgotovlenie-na-zakaz/,#contact,/izgotovlenie-na-zakaz/,true,true,anchor,pass,
/izgotovlenie-na-zakaz/,/ulichnaya-mebel/,/ulichnaya-mebel/,true,true,internal,pass,
/izgotovlenie-na-zakaz/,/ograzhdeniya-i-zabory/,/ograzhdeniya-i-zabory/,true,true,internal,pass,
/izgotovlenie-na-zakaz/,/navesy-i-kozyrki/,/navesy-i-kozyrki/,true,true,internal,pass,
/izgotovlenie-na-zakaz/,/topiarii/,/topiarii/,true,true,internal,pass,
/izgotovlenie-na-zakaz/,/metallokonstruktsii-dlya-biznesa/,/metallokonstruktsii-dlya-biznesa/,true,true,internal,pass,
/izgotovlenie-na-zakaz/,/blagoustroystvo-territoriy/,/blagoustroystvo-territoriy/,true,true,internal,pass,
/izgotovlenie-na-zakaz/,/stroitelstvo-i-remonty/,/stroitelstvo-i-remonty/,true,true,internal,pass,
/izgotovlenie-na-zakaz/,/izgotovlenie-na-zakaz/,/izgotovlenie-na-zakaz/,true,true,internal,pass,
/izgotovlenie-na-zakaz/,/vypolnennye-obekty/,/vypolnennye-obekty/,true,true,internal,pass,
/izgotovlenie-na-zakaz/,/o-nas/,/o-nas/,true,true,internal,pass,
/izgotovlenie-na-zakaz/,/kontakty/,/kontakty/,true,true,internal,pass,
/izgotovlenie-na-zakaz/,/vakansii/,/vakansii/,true,true,internal,pass,
/izgotovlenie-na-zakaz/,tel:+79129735006,,true,true,tel,pass,
/izgotovlenie-na-zakaz/,tel:+79125799665,,true,true,tel,pass,
/izgotovlenie-na-zakaz/,https://t.me/smu1build,,true,true,external,pass,
/izgotovlenie-na-zakaz/,mailto:smu1.kurgan@yandex.ru,,true,true,mailto,pass,
/izgotovlenie-na-zakaz/,/,/,true,true,internal,pass,
/izgotovlenie-na-zakaz/,#contact,/izgotovlenie-na-zakaz/,true,true,anchor,pass,
/izgotovlenie-na-zakaz/,mailto:smu1.kurgan@yandex.ru,,true,true,mailto,pass,
/izgotovlenie-na-zakaz/,/ulichnaya-mebel/,/ulichnaya-mebel/,true,true,internal,pass,
/izgotovlenie-na-zakaz/,/ograzhdeniya-i-zabory/,/ograzhdeniya-i-zabory/,true,true,internal,pass,
/izgotovlenie-na-zakaz/,/navesy-i-kozyrki/,/navesy-i-kozyrki/,true,true,internal,pass,
/izgotovlenie-na-zakaz/,/metallokonstruktsii-dlya-biznesa/,/metallokonstruktsii-dlya-biznesa/,true,true,internal,pass,
/izgotovlenie-na-zakaz/,/topiarii/,/topiarii/,true,true,internal,pass,
/izgotovlenie-na-zakaz/,/blagoustroystvo-territoriy/,/blagoustroystvo-territoriy/,true,true,internal,pass,
/izgotovlenie-na-zakaz/,/stroitelstvo-i-remonty/,/stroitelstvo-i-remonty/,true,true,internal,pass,
/izgotovlenie-na-zakaz/,/ulichnaya-mebel/lavochki-i-skameyki/skamya-loft/,/ulichnaya-mebel/lavochki-i-skameyki/skamya-loft/,true,true,internal,pass,
/izgotovlenie-na-zakaz/,/ulichnaya-mebel/navesy/ekran-s-navesom/,/ulichnaya-mebel/navesy/ekran-s-navesom/,true,true,internal,pass,
/izgotovlenie-na-zakaz/,/vypolnennye-obekty/blagoustroystvo-naberezhnoy-reki-tobol/,/vypolnennye-obekty/blagoustroystvo-naberezhnoy-reki-tobol/,true,true,internal,pass,
/izgotovlenie-na-zakaz/,tel:+79129735006,,true,true,tel,pass,
/izgotovlenie-na-zakaz/,https://t.me/smu1build,,true,true,external,pass,
/izgotovlenie-na-zakaz/,mailto:smu1.kurgan@yandex.ru,,true,true,mailto,pass,
/izgotovlenie-na-zakaz/,/,/,true,true,internal,pass,
/izgotovlenie-na-zakaz/,/ulichnaya-mebel/,/ulichnaya-mebel/,true,true,internal,pass,
/izgotovlenie-na-zakaz/,/ograzhdeniya-i-zabory/,/ograzhdeniya-i-zabory/,true,true,internal,pass,
/izgotovlenie-na-zakaz/,/navesy-i-kozyrki/,/navesy-i-kozyrki/,true,true,internal,pass,
/izgotovlenie-na-zakaz/,/metallokonstruktsii-dlya-biznesa/,/metallokonstruktsii-dlya-biznesa/,true,true,internal,pass,
/izgotovlenie-na-zakaz/,/topiarii/,/topiarii/,true,true,internal,pass,
/izgotovlenie-na-zakaz/,/blagoustroystvo-territoriy/,/blagoustroystvo-territoriy/,true,true,internal,pass,
/izgotovlenie-na-zakaz/,/stroitelstvo-i-remonty/,/stroitelstvo-i-remonty/,true,true,internal,pass,
/izgotovlenie-na-zakaz/,/ulichnaya-mebel/,/ulichnaya-mebel/,true,true,internal,pass,
/izgotovlenie-na-zakaz/,/ograzhdeniya-i-zabory/,/ograzhdeniya-i-zabory/,true,true,internal,pass,
/izgotovlenie-na-zakaz/,/navesy-i-kozyrki/,/navesy-i-kozyrki/,true,true,internal,pass,
/izgotovlenie-na-zakaz/,/metallokonstruktsii-dlya-biznesa/,/metallokonstruktsii-dlya-biznesa/,true,true,internal,pass,
/izgotovlenie-na-zakaz/,/topiarii/,/topiarii/,true,true,internal,pass,
/izgotovlenie-na-zakaz/,/blagoustroystvo-territoriy/,/blagoustroystvo-territoriy/,true,true,internal,pass,
/izgotovlenie-na-zakaz/,/stroitelstvo-i-remonty/,/stroitelstvo-i-remonty/,true,true,internal,pass,
/izgotovlenie-na-zakaz/,/izgotovlenie-na-zakaz/,/izgotovlenie-na-zakaz/,true,true,internal,pass,
/izgotovlenie-na-zakaz/,/vypolnennye-obekty/,/vypolnennye-obekty/,true,true,internal,pass,
/izgotovlenie-na-zakaz/,/o-nas/,/o-nas/,true,true,internal,pass,
/izgotovlenie-na-zakaz/,/kontakty/,/kontakty/,true,true,internal,pass,
/izgotovlenie-na-zakaz/,/vakansii/,/vakansii/,true,true,internal,pass,
/izgotovlenie-na-zakaz/,/izgotovlenie-na-zakaz/,/izgotovlenie-na-zakaz/,true,true,internal,pass,
/izgotovlenie-na-zakaz/,/vypolnennye-obekty/,/vypolnennye-obekty/,true,true,internal,pass,
/izgotovlenie-na-zakaz/,/o-nas/,/o-nas/,true,true,internal,pass,
/izgotovlenie-na-zakaz/,/kontakty/,/kontakty/,true,true,internal,pass,
/izgotovlenie-na-zakaz/,/vakansii/,/vakansii/,true,true,internal,pass,
/izgotovlenie-na-zakaz/,#contact,/izgotovlenie-na-zakaz/,true,true,anchor,pass,
/izgotovlenie-na-zakaz/,tel:+79129735006,,true,true,tel,pass,
/izgotovlenie-na-zakaz/,tel:+79125799665,,true,true,tel,pass,
/izgotovlenie-na-zakaz/,https://t.me/smu1build,,true,true,external,pass,
/izgotovlenie-na-zakaz/,mailto:smu1.kurgan@yandex.ru,,true,true,mailto,pass,
/izgotovlenie-na-zakaz/,/politika-konfidencialnosti/,/politika-konfidencialnosti/,true,true,internal,pass,
/izgotovlenie-na-zakaz/,/politika-konfidencialnosti/,/politika-konfidencialnosti/,true,true,internal,pass,
/lavochki-i-skameyki/,#main-content,/lavochki-i-skameyki/,true,true,anchor,pass,
/lavochki-i-skameyki/,/,/,true,true,internal,pass,
/lavochki-i-skameyki/,/ulichnaya-mebel/,/ulichnaya-mebel/,true,true,internal,pass,
/lavochki-i-skameyki/,/ograzhdeniya-i-zabory/,/ograzhdeniya-i-zabory/,true,true,internal,pass,
/lavochki-i-skameyki/,/navesy-i-kozyrki/,/navesy-i-kozyrki/,true,true,internal,pass,
/lavochki-i-skameyki/,/topiarii/,/topiarii/,true,true,internal,pass,
/lavochki-i-skameyki/,/izgotovlenie-na-zakaz/,/izgotovlenie-na-zakaz/,true,true,internal,pass,
/lavochki-i-skameyki/,/metallokonstruktsii-dlya-biznesa/,/metallokonstruktsii-dlya-biznesa/,true,true,internal,pass,
/lavochki-i-skameyki/,/blagoustroystvo-territoriy/,/blagoustroystvo-territoriy/,true,true,internal,pass,
/lavochki-i-skameyki/,/stroitelstvo-i-remonty/,/stroitelstvo-i-remonty/,true,true,internal,pass,
/lavochki-i-skameyki/,/vypolnennye-obekty/,/vypolnennye-obekty/,true,true,internal,pass,
/lavochki-i-skameyki/,/o-nas/,/o-nas/,true,true,internal,pass,
/lavochki-i-skameyki/,/kontakty/,/kontakty/,true,true,internal,pass,
/lavochki-i-skameyki/,/vakansii/,/vakansii/,true,true,internal,pass,
/lavochki-i-skameyki/,tel:+79129735006,,true,true,tel,pass,
/lavochki-i-skameyki/,https://t.me/smu1build,,true,true,external,pass,
/lavochki-i-skameyki/,/kontakty/,/kontakty/,true,true,internal,pass,
/lavochki-i-skameyki/,/,/,true,true,internal,pass,
/lavochki-i-skameyki/,/kontakty/,/kontakty/,true,true,internal,pass,
/lavochki-i-skameyki/,/ulichnaya-mebel/,/ulichnaya-mebel/,true,true,internal,pass,
/lavochki-i-skameyki/,/ograzhdeniya-i-zabory/,/ograzhdeniya-i-zabory/,true,true,internal,pass,
/lavochki-i-skameyki/,/navesy-i-kozyrki/,/navesy-i-kozyrki/,true,true,internal,pass,
/lavochki-i-skameyki/,/topiarii/,/topiarii/,true,true,internal,pass,
/lavochki-i-skameyki/,/metallokonstruktsii-dlya-biznesa/,/metallokonstruktsii-dlya-biznesa/,true,true,internal,pass,
/lavochki-i-skameyki/,/blagoustroystvo-territoriy/,/blagoustroystvo-territoriy/,true,true,internal,pass,
/lavochki-i-skameyki/,/stroitelstvo-i-remonty/,/stroitelstvo-i-remonty/,true,true,internal,pass,
/lavochki-i-skameyki/,/izgotovlenie-na-zakaz/,/izgotovlenie-na-zakaz/,true,true,internal,pass,
/lavochki-i-skameyki/,/vypolnennye-obekty/,/vypolnennye-obekty/,true,true,internal,pass,
/lavochki-i-skameyki/,/o-nas/,/o-nas/,true,true,internal,pass,
/lavochki-i-skameyki/,/kontakty/,/kontakty/,true,true,internal,pass,
/lavochki-i-skameyki/,/vakansii/,/vakansii/,true,true,internal,pass,
/lavochki-i-skameyki/,tel:+79129735006,,true,true,tel,pass,
/lavochki-i-skameyki/,tel:+79125799665,,true,true,tel,pass,
/lavochki-i-skameyki/,https://t.me/smu1build,,true,true,external,pass,
/lavochki-i-skameyki/,mailto:smu1.kurgan@yandex.ru,,true,true,mailto,pass,
/lavochki-i-skameyki/,/ulichnaya-mebel/lavochki-i-skameyki/,/ulichnaya-mebel/lavochki-i-skameyki/,true,true,internal,pass,
/lavochki-i-skameyki/,/,/,true,true,internal,pass,
/lavochki-i-skameyki/,/ulichnaya-mebel/,/ulichnaya-mebel/,true,true,internal,pass,
/lavochki-i-skameyki/,/ograzhdeniya-i-zabory/,/ograzhdeniya-i-zabory/,true,true,internal,pass,
/lavochki-i-skameyki/,/navesy-i-kozyrki/,/navesy-i-kozyrki/,true,true,internal,pass,
/lavochki-i-skameyki/,/metallokonstruktsii-dlya-biznesa/,/metallokonstruktsii-dlya-biznesa/,true,true,internal,pass,
/lavochki-i-skameyki/,/topiarii/,/topiarii/,true,true,internal,pass,
/lavochki-i-skameyki/,/blagoustroystvo-territoriy/,/blagoustroystvo-territoriy/,true,true,internal,pass,
/lavochki-i-skameyki/,/stroitelstvo-i-remonty/,/stroitelstvo-i-remonty/,true,true,internal,pass,
/lavochki-i-skameyki/,/ulichnaya-mebel/,/ulichnaya-mebel/,true,true,internal,pass,
/lavochki-i-skameyki/,/ograzhdeniya-i-zabory/,/ograzhdeniya-i-zabory/,true,true,internal,pass,
/lavochki-i-skameyki/,/navesy-i-kozyrki/,/navesy-i-kozyrki/,true,true,internal,pass,
/lavochki-i-skameyki/,/metallokonstruktsii-dlya-biznesa/,/metallokonstruktsii-dlya-biznesa/,true,true,internal,pass,
/lavochki-i-skameyki/,/topiarii/,/topiarii/,true,true,internal,pass,
/lavochki-i-skameyki/,/blagoustroystvo-territoriy/,/blagoustroystvo-territoriy/,true,true,internal,pass,
/lavochki-i-skameyki/,/stroitelstvo-i-remonty/,/stroitelstvo-i-remonty/,true,true,internal,pass,
/lavochki-i-skameyki/,/izgotovlenie-na-zakaz/,/izgotovlenie-na-zakaz/,true,true,internal,pass,
/lavochki-i-skameyki/,/vypolnennye-obekty/,/vypolnennye-obekty/,true,true,internal,pass,
/lavochki-i-skameyki/,/o-nas/,/o-nas/,true,true,internal,pass,
/lavochki-i-skameyki/,/kontakty/,/kontakty/,true,true,internal,pass,
/lavochki-i-skameyki/,/vakansii/,/vakansii/,true,true,internal,pass,
/lavochki-i-skameyki/,/izgotovlenie-na-zakaz/,/izgotovlenie-na-zakaz/,true,true,internal,pass,
/lavochki-i-skameyki/,/vypolnennye-obekty/,/vypolnennye-obekty/,true,true,internal,pass,
/lavochki-i-skameyki/,/o-nas/,/o-nas/,true,true,internal,pass,
/lavochki-i-skameyki/,/kontakty/,/kontakty/,true,true,internal,pass,
/lavochki-i-skameyki/,/vakansii/,/vakansii/,true,true,internal,pass,
/lavochki-i-skameyki/,/kontakty/,/kontakty/,true,true,internal,pass,
/lavochki-i-skameyki/,tel:+79129735006,,true,true,tel,pass,
/lavochki-i-skameyki/,tel:+79125799665,,true,true,tel,pass,
/lavochki-i-skameyki/,https://t.me/smu1build,,true,true,external,pass,
/lavochki-i-skameyki/,mailto:smu1.kurgan@yandex.ru,,true,true,mailto,pass,
/lavochki-i-skameyki/,/politika-konfidencialnosti/,/politika-konfidencialnosti/,true,true,internal,pass,
/lavochki-i-skameyki/,/politika-konfidencialnosti/,/politika-konfidencialnosti/,true,true,internal,pass,
/urny/,#main-content,/urny/,true,true,anchor,pass,
/urny/,/,/,true,true,internal,pass,
/urny/,/ulichnaya-mebel/,/ulichnaya-mebel/,true,true,internal,pass,
/urny/,/ograzhdeniya-i-zabory/,/ograzhdeniya-i-zabory/,true,true,internal,pass,
/urny/,/navesy-i-kozyrki/,/navesy-i-kozyrki/,true,true,internal,pass,
/urny/,/topiarii/,/topiarii/,true,true,internal,pass,
/urny/,/izgotovlenie-na-zakaz/,/izgotovlenie-na-zakaz/,true,true,internal,pass,
/urny/,/metallokonstruktsii-dlya-biznesa/,/metallokonstruktsii-dlya-biznesa/,true,true,internal,pass,
/urny/,/blagoustroystvo-territoriy/,/blagoustroystvo-territoriy/,true,true,internal,pass,
/urny/,/stroitelstvo-i-remonty/,/stroitelstvo-i-remonty/,true,true,internal,pass,
/urny/,/vypolnennye-obekty/,/vypolnennye-obekty/,true,true,internal,pass,
/urny/,/o-nas/,/o-nas/,true,true,internal,pass,
/urny/,/kontakty/,/kontakty/,true,true,internal,pass,
/urny/,/vakansii/,/vakansii/,true,true,internal,pass,
/urny/,tel:+79129735006,,true,true,tel,pass,
/urny/,https://t.me/smu1build,,true,true,external,pass,
/urny/,/kontakty/,/kontakty/,true,true,internal,pass,
/urny/,/,/,true,true,internal,pass,
/urny/,/kontakty/,/kontakty/,true,true,internal,pass,
/urny/,/ulichnaya-mebel/,/ulichnaya-mebel/,true,true,internal,pass,
/urny/,/ograzhdeniya-i-zabory/,/ograzhdeniya-i-zabory/,true,true,internal,pass,
/urny/,/navesy-i-kozyrki/,/navesy-i-kozyrki/,true,true,internal,pass,
/urny/,/topiarii/,/topiarii/,true,true,internal,pass,
/urny/,/metallokonstruktsii-dlya-biznesa/,/metallokonstruktsii-dlya-biznesa/,true,true,internal,pass,
/urny/,/blagoustroystvo-territoriy/,/blagoustroystvo-territoriy/,true,true,internal,pass,
/urny/,/stroitelstvo-i-remonty/,/stroitelstvo-i-remonty/,true,true,internal,pass,
/urny/,/izgotovlenie-na-zakaz/,/izgotovlenie-na-zakaz/,true,true,internal,pass,
/urny/,/vypolnennye-obekty/,/vypolnennye-obekty/,true,true,internal,pass,
/urny/,/o-nas/,/o-nas/,true,true,internal,pass,
/urny/,/kontakty/,/kontakty/,true,true,internal,pass,
/urny/,/vakansii/,/vakansii/,true,true,internal,pass,
/urny/,tel:+79129735006,,true,true,tel,pass,
/urny/,tel:+79125799665,,true,true,tel,pass,
/urny/,https://t.me/smu1build,,true,true,external,pass,
/urny/,mailto:smu1.kurgan@yandex.ru,,true,true,mailto,pass,
/urny/,/ulichnaya-mebel/urny/,/ulichnaya-mebel/urny/,true,true,internal,pass,
/urny/,/,/,true,true,internal,pass,
/urny/,/ulichnaya-mebel/,/ulichnaya-mebel/,true,true,internal,pass,
/urny/,/ograzhdeniya-i-zabory/,/ograzhdeniya-i-zabory/,true,true,internal,pass,
/urny/,/navesy-i-kozyrki/,/navesy-i-kozyrki/,true,true,internal,pass,
/urny/,/metallokonstruktsii-dlya-biznesa/,/metallokonstruktsii-dlya-biznesa/,true,true,internal,pass,
/urny/,/topiarii/,/topiarii/,true,true,internal,pass,
/urny/,/blagoustroystvo-territoriy/,/blagoustroystvo-territoriy/,true,true,internal,pass,
/urny/,/stroitelstvo-i-remonty/,/stroitelstvo-i-remonty/,true,true,internal,pass,
/urny/,/ulichnaya-mebel/,/ulichnaya-mebel/,true,true,internal,pass,
/urny/,/ograzhdeniya-i-zabory/,/ograzhdeniya-i-zabory/,true,true,internal,pass,
/urny/,/navesy-i-kozyrki/,/navesy-i-kozyrki/,true,true,internal,pass,
/urny/,/metallokonstruktsii-dlya-biznesa/,/metallokonstruktsii-dlya-biznesa/,true,true,internal,pass,
/urny/,/topiarii/,/topiarii/,true,true,internal,pass,
/urny/,/blagoustroystvo-territoriy/,/blagoustroystvo-territoriy/,true,true,internal,pass,
/urny/,/stroitelstvo-i-remonty/,/stroitelstvo-i-remonty/,true,true,internal,pass,
/urny/,/izgotovlenie-na-zakaz/,/izgotovlenie-na-zakaz/,true,true,internal,pass,
/urny/,/vypolnennye-obekty/,/vypolnennye-obekty/,true,true,internal,pass,
/urny/,/o-nas/,/o-nas/,true,true,internal,pass,
/urny/,/kontakty/,/kontakty/,true,true,internal,pass,
/urny/,/vakansii/,/vakansii/,true,true,internal,pass,
/urny/,/izgotovlenie-na-zakaz/,/izgotovlenie-na-zakaz/,true,true,internal,pass,
/urny/,/vypolnennye-obekty/,/vypolnennye-obekty/,true,true,internal,pass,
/urny/,/o-nas/,/o-nas/,true,true,internal,pass,
/urny/,/kontakty/,/kontakty/,true,true,internal,pass,
/urny/,/vakansii/,/vakansii/,true,true,internal,pass,
/urny/,/kontakty/,/kontakty/,true,true,internal,pass,
/urny/,tel:+79129735006,,true,true,tel,pass,
/urny/,tel:+79125799665,,true,true,tel,pass,
/urny/,https://t.me/smu1build,,true,true,external,pass,
/urny/,mailto:smu1.kurgan@yandex.ru,,true,true,mailto,pass,
/urny/,/politika-konfidencialnosti/,/politika-konfidencialnosti/,true,true,internal,pass,
/urny/,/politika-konfidencialnosti/,/politika-konfidencialnosti/,true,true,internal,pass,
/navesy/,#main-content,/navesy/,true,true,anchor,pass,
/navesy/,/,/,true,true,internal,pass,
/navesy/,/ulichnaya-mebel/,/ulichnaya-mebel/,true,true,internal,pass,
/navesy/,/ograzhdeniya-i-zabory/,/ograzhdeniya-i-zabory/,true,true,internal,pass,
/navesy/,/navesy-i-kozyrki/,/navesy-i-kozyrki/,true,true,internal,pass,
/navesy/,/topiarii/,/topiarii/,true,true,internal,pass,
/navesy/,/izgotovlenie-na-zakaz/,/izgotovlenie-na-zakaz/,true,true,internal,pass,
/navesy/,/metallokonstruktsii-dlya-biznesa/,/metallokonstruktsii-dlya-biznesa/,true,true,internal,pass,
/navesy/,/blagoustroystvo-territoriy/,/blagoustroystvo-territoriy/,true,true,internal,pass,
/navesy/,/stroitelstvo-i-remonty/,/stroitelstvo-i-remonty/,true,true,internal,pass,
/navesy/,/vypolnennye-obekty/,/vypolnennye-obekty/,true,true,internal,pass,
/navesy/,/o-nas/,/o-nas/,true,true,internal,pass,
/navesy/,/kontakty/,/kontakty/,true,true,internal,pass,
/navesy/,/vakansii/,/vakansii/,true,true,internal,pass,
/navesy/,tel:+79129735006,,true,true,tel,pass,
/navesy/,https://t.me/smu1build,,true,true,external,pass,
/navesy/,/kontakty/,/kontakty/,true,true,internal,pass,
/navesy/,/,/,true,true,internal,pass,
/navesy/,/kontakty/,/kontakty/,true,true,internal,pass,
/navesy/,/ulichnaya-mebel/,/ulichnaya-mebel/,true,true,internal,pass,
/navesy/,/ograzhdeniya-i-zabory/,/ograzhdeniya-i-zabory/,true,true,internal,pass,
/navesy/,/navesy-i-kozyrki/,/navesy-i-kozyrki/,true,true,internal,pass,
/navesy/,/topiarii/,/topiarii/,true,true,internal,pass,
/navesy/,/metallokonstruktsii-dlya-biznesa/,/metallokonstruktsii-dlya-biznesa/,true,true,internal,pass,
/navesy/,/blagoustroystvo-territoriy/,/blagoustroystvo-territoriy/,true,true,internal,pass,
/navesy/,/stroitelstvo-i-remonty/,/stroitelstvo-i-remonty/,true,true,internal,pass,
/navesy/,/izgotovlenie-na-zakaz/,/izgotovlenie-na-zakaz/,true,true,internal,pass,
/navesy/,/vypolnennye-obekty/,/vypolnennye-obekty/,true,true,internal,pass,
/navesy/,/o-nas/,/o-nas/,true,true,internal,pass,
/navesy/,/kontakty/,/kontakty/,true,true,internal,pass,
/navesy/,/vakansii/,/vakansii/,true,true,internal,pass,
/navesy/,tel:+79129735006,,true,true,tel,pass,
/navesy/,tel:+79125799665,,true,true,tel,pass,
/navesy/,https://t.me/smu1build,,true,true,external,pass,
/navesy/,mailto:smu1.kurgan@yandex.ru,,true,true,mailto,pass,
/navesy/,/navesy-i-kozyrki/,/navesy-i-kozyrki/,true,true,internal,pass,
/navesy/,/,/,true,true,internal,pass,
/navesy/,/ulichnaya-mebel/,/ulichnaya-mebel/,true,true,internal,pass,
/navesy/,/ograzhdeniya-i-zabory/,/ograzhdeniya-i-zabory/,true,true,internal,pass,
/navesy/,/navesy-i-kozyrki/,/navesy-i-kozyrki/,true,true,internal,pass,
/navesy/,/metallokonstruktsii-dlya-biznesa/,/metallokonstruktsii-dlya-biznesa/,true,true,internal,pass,
/navesy/,/topiarii/,/topiarii/,true,true,internal,pass,
/navesy/,/blagoustroystvo-territoriy/,/blagoustroystvo-territoriy/,true,true,internal,pass,
/navesy/,/stroitelstvo-i-remonty/,/stroitelstvo-i-remonty/,true,true,internal,pass,
/navesy/,/ulichnaya-mebel/,/ulichnaya-mebel/,true,true,internal,pass,
/navesy/,/ograzhdeniya-i-zabory/,/ograzhdeniya-i-zabory/,true,true,internal,pass,
/navesy/,/navesy-i-kozyrki/,/navesy-i-kozyrki/,true,true,internal,pass,
/navesy/,/metallokonstruktsii-dlya-biznesa/,/metallokonstruktsii-dlya-biznesa/,true,true,internal,pass,
/navesy/,/topiarii/,/topiarii/,true,true,internal,pass,
/navesy/,/blagoustroystvo-territoriy/,/blagoustroystvo-territoriy/,true,true,internal,pass,
/navesy/,/stroitelstvo-i-remonty/,/stroitelstvo-i-remonty/,true,true,internal,pass,
/navesy/,/izgotovlenie-na-zakaz/,/izgotovlenie-na-zakaz/,true,true,internal,pass,
/navesy/,/vypolnennye-obekty/,/vypolnennye-obekty/,true,true,internal,pass,
/navesy/,/o-nas/,/o-nas/,true,true,internal,pass,
/navesy/,/kontakty/,/kontakty/,true,true,internal,pass,
/navesy/,/vakansii/,/vakansii/,true,true,internal,pass,
/navesy/,/izgotovlenie-na-zakaz/,/izgotovlenie-na-zakaz/,true,true,internal,pass,
/navesy/,/vypolnennye-obekty/,/vypolnennye-obekty/,true,true,internal,pass,
/navesy/,/o-nas/,/o-nas/,true,true,internal,pass,
/navesy/,/kontakty/,/kontakty/,true,true,internal,pass,
/navesy/,/vakansii/,/vakansii/,true,true,internal,pass,
/navesy/,/kontakty/,/kontakty/,true,true,internal,pass,
/navesy/,tel:+79129735006,,true,true,tel,pass,
/navesy/,tel:+79125799665,,true,true,tel,pass,
/navesy/,https://t.me/smu1build,,true,true,external,pass,
/navesy/,mailto:smu1.kurgan@yandex.ru,,true,true,mailto,pass,
/navesy/,/politika-konfidencialnosti/,/politika-konfidencialnosti/,true,true,internal,pass,
/navesy/,/politika-konfidencialnosti/,/politika-konfidencialnosti/,true,true,internal,pass,
/404.html,#main-content,/404.html,true,true,anchor,pass,
/404.html,/,/,true,true,internal,pass,
/404.html,/ulichnaya-mebel/,/ulichnaya-mebel/,true,true,internal,pass,
/404.html,/ograzhdeniya-i-zabory/,/ograzhdeniya-i-zabory/,true,true,internal,pass,
/404.html,/navesy-i-kozyrki/,/navesy-i-kozyrki/,true,true,internal,pass,
/404.html,/topiarii/,/topiarii/,true,true,internal,pass,
/404.html,/izgotovlenie-na-zakaz/,/izgotovlenie-na-zakaz/,true,true,internal,pass,
/404.html,/metallokonstruktsii-dlya-biznesa/,/metallokonstruktsii-dlya-biznesa/,true,true,internal,pass,
/404.html,/blagoustroystvo-territoriy/,/blagoustroystvo-territoriy/,true,true,internal,pass,
/404.html,/stroitelstvo-i-remonty/,/stroitelstvo-i-remonty/,true,true,internal,pass,
/404.html,/vypolnennye-obekty/,/vypolnennye-obekty/,true,true,internal,pass,
/404.html,/o-nas/,/o-nas/,true,true,internal,pass,
/404.html,/kontakty/,/kontakty/,true,true,internal,pass,
/404.html,/vakansii/,/vakansii/,true,true,internal,pass,
/404.html,tel:+79129735006,,true,true,tel,pass,
/404.html,https://t.me/smu1build,,true,true,external,pass,
/404.html,#contact,/404.html,true,true,anchor,pass,
/404.html,/,/,true,true,internal,pass,
/404.html,#contact,/404.html,true,true,anchor,pass,
/404.html,/ulichnaya-mebel/,/ulichnaya-mebel/,true,true,internal,pass,
/404.html,/ograzhdeniya-i-zabory/,/ograzhdeniya-i-zabory/,true,true,internal,pass,
/404.html,/navesy-i-kozyrki/,/navesy-i-kozyrki/,true,true,internal,pass,
/404.html,/topiarii/,/topiarii/,true,true,internal,pass,
/404.html,/metallokonstruktsii-dlya-biznesa/,/metallokonstruktsii-dlya-biznesa/,true,true,internal,pass,
/404.html,/blagoustroystvo-territoriy/,/blagoustroystvo-territoriy/,true,true,internal,pass,
/404.html,/stroitelstvo-i-remonty/,/stroitelstvo-i-remonty/,true,true,internal,pass,
/404.html,/izgotovlenie-na-zakaz/,/izgotovlenie-na-zakaz/,true,true,internal,pass,
/404.html,/vypolnennye-obekty/,/vypolnennye-obekty/,true,true,internal,pass,
/404.html,/o-nas/,/o-nas/,true,true,internal,pass,
/404.html,/kontakty/,/kontakty/,true,true,internal,pass,
/404.html,/vakansii/,/vakansii/,true,true,internal,pass,
/404.html,tel:+79129735006,,true,true,tel,pass,
/404.html,tel:+79125799665,,true,true,tel,pass,
/404.html,https://t.me/smu1build,,true,true,external,pass,
/404.html,mailto:smu1.kurgan@yandex.ru,,true,true,mailto,pass,
/404.html,/,/,true,true,internal,pass,
/404.html,/#directions,/,true,true,internal,pass,
/404.html,tel:+79129735006,,true,true,tel,pass,
/404.html,https://t.me/smu1build,,true,true,external,pass,
/404.html,mailto:smu1.kurgan@yandex.ru,,true,true,mailto,pass,
/404.html,/,/,true,true,internal,pass,
/404.html,/ulichnaya-mebel/,/ulichnaya-mebel/,true,true,internal,pass,
/404.html,/ograzhdeniya-i-zabory/,/ograzhdeniya-i-zabory/,true,true,internal,pass,
/404.html,/navesy-i-kozyrki/,/navesy-i-kozyrki/,true,true,internal,pass,
/404.html,/metallokonstruktsii-dlya-biznesa/,/metallokonstruktsii-dlya-biznesa/,true,true,internal,pass,
/404.html,/topiarii/,/topiarii/,true,true,internal,pass,
/404.html,/blagoustroystvo-territoriy/,/blagoustroystvo-territoriy/,true,true,internal,pass,
/404.html,/stroitelstvo-i-remonty/,/stroitelstvo-i-remonty/,true,true,internal,pass,
/404.html,/ulichnaya-mebel/,/ulichnaya-mebel/,true,true,internal,pass,
/404.html,/ograzhdeniya-i-zabory/,/ograzhdeniya-i-zabory/,true,true,internal,pass,
/404.html,/navesy-i-kozyrki/,/navesy-i-kozyrki/,true,true,internal,pass,
/404.html,/metallokonstruktsii-dlya-biznesa/,/metallokonstruktsii-dlya-biznesa/,true,true,internal,pass,
/404.html,/topiarii/,/topiarii/,true,true,internal,pass,
/404.html,/blagoustroystvo-territoriy/,/blagoustroystvo-territoriy/,true,true,internal,pass,
/404.html,/stroitelstvo-i-remonty/,/stroitelstvo-i-remonty/,true,true,internal,pass,
/404.html,/izgotovlenie-na-zakaz/,/izgotovlenie-na-zakaz/,true,true,internal,pass,
/404.html,/vypolnennye-obekty/,/vypolnennye-obekty/,true,true,internal,pass,
/404.html,/o-nas/,/o-nas/,true,true,internal,pass,
/404.html,/kontakty/,/kontakty/,true,true,internal,pass,
/404.html,/vakansii/,/vakansii/,true,true,internal,pass,
/404.html,/izgotovlenie-na-zakaz/,/izgotovlenie-na-zakaz/,true,true,internal,pass,
/404.html,/vypolnennye-obekty/,/vypolnennye-obekty/,true,true,internal,pass,
/404.html,/o-nas/,/o-nas/,true,true,internal,pass,
/404.html,/kontakty/,/kontakty/,true,true,internal,pass,
/404.html,/vakansii/,/vakansii/,true,true,internal,pass,
/404.html,#contact,/404.html,true,true,anchor,pass,
/404.html,tel:+79129735006,,true,true,tel,pass,
/404.html,tel:+79125799665,,true,true,tel,pass,
/404.html,https://t.me/smu1build,,true,true,external,pass,
/404.html,mailto:smu1.kurgan@yandex.ru,,true,true,mailto,pass,
/404.html,/politika-konfidencialnosti/,/politika-konfidencialnosti/,true,true,internal,pass,
/404.html,/politika-konfidencialnosti/,/politika-konfidencialnosti/,true,true,internal,pass,
